date,time,park,land,attraction,wait_time,is_open
2026-09-01,08:01,Disneyland Park,Adventureland,Adventure Isle,0,False
2026-09-01,08:01,Disneyland Park,Adventureland,Indiana Jones and the Temple of Peril Single Rider,0,False
2026-09-01,08:01,Disneyland Park,Adventureland,Indiana Jones™ and the Temple of Peril,0,False
2026-09-01,08:01,Disneyland Park,Adventureland,La Cabane des Robinson,0,False
2026-09-01,08:01,Disneyland Park,Adventureland,Le Passage Enchanté d'Aladdin,0,False
2026-09-01,08:01,Disneyland Park,Adventureland,Pirate Galleon,0,False
2026-09-01,08:01,Disneyland Park,Adventureland,Pirates of the Caribbean,0,False
2026-09-01,08:01,Disneyland Park,Adventureland,Pirates' Beach,0,False
2026-09-01,08:01,Disneyland Park,Discoveryland,"Autopia, presented by Avis",0,False
2026-09-01,08:01,Disneyland Park,Discoveryland,Buzz Lightyear Laser Blast,0,False
2026-09-01,08:01,Disneyland Park,Discoveryland,Disneyland Railroad Discoveryland Station,0,False
2026-09-01,08:01,Disneyland Park,Discoveryland,Les Mystères du Nautilus,0,False
2026-09-01,08:01,Disneyland Park,Discoveryland,Mickey’s PhilharMagic,0,False
2026-09-01,08:01,Disneyland Park,Discoveryland,Orbitron®,0,False
2026-09-01,08:01,Disneyland Park,Discoveryland,Star Tours: The Adventures Continue*,0,False
2026-09-01,08:01,Disneyland Park,Discoveryland,Star Wars Hyperspace Mountain,0,False
2026-09-01,08:01,Disneyland Park,Discoveryland,Star Wars Hyperspace Mountain Single Rider,0,False
2026-09-01,08:01,Disneyland Park,Discoveryland,Welcome to Starport: A Star Wars Encounter,0,False
2026-09-01,08:01,Disneyland Park,Fantasyland,"""it's a small world""",0,False
2026-09-01,08:01,Disneyland Park,Fantasyland,Alice's Curious Labyrinth,0,False
2026-09-01,08:01,Disneyland Park,Fantasyland,Blanche-Neige et les Sept Nains®,0,False
2026-09-01,08:01,Disneyland Park,Fantasyland,Casey Jr. – le Petit Train du Cirque,0,False
2026-09-01,08:01,Disneyland Park,Fantasyland,Disneyland Railroad Fantasyland Station,0,False
2026-09-01,08:01,Disneyland Park,Fantasyland,Disneyland Railroad Main Street Station,0,False
2026-09-01,08:01,Disneyland Park,Fantasyland,Dumbo the Flying Elephant,0,False
2026-09-01,08:01,Disneyland Park,Fantasyland,La Tanière du Dragon,0,False
2026-09-01,08:01,Disneyland Park,Fantasyland,Le Carrousel de Lancelot,0,False
2026-09-01,08:01,Disneyland Park,Fantasyland,"Le Pays des Contes de Fées, presented by Vittel",0,False
2026-09-01,08:01,Disneyland Park,Fantasyland,Les Voyages de Pinocchio,0,False
2026-09-01,08:01,Disneyland Park,Fantasyland,Mad Hatter's Tea Cups,0,False
2026-09-01,08:01,Disneyland Park,Fantasyland,Meet Mickey Mouse,0,False
2026-09-01,08:01,Disneyland Park,Fantasyland,Peter Pan's Flight,0,False
2026-09-01,08:01,Disneyland Park,Fantasyland,Princess Pavilion,0,False
2026-09-01,08:01,Disneyland Park,Frontierland,Big Thunder Mountain,0,False
2026-09-01,08:01,Disneyland Park,Frontierland,Disneyland Railroad Frontierland Depot,0,False
2026-09-01,08:01,Disneyland Park,Frontierland,Frontierland Playground,0,False
2026-09-01,08:01,Disneyland Park,Frontierland,Phantom Manor,0,False
2026-09-01,08:01,Disneyland Park,Frontierland,River Rogue Keelboats,0,False
2026-09-01,08:01,Disneyland Park,Frontierland,Rustler Roundup Shootin' Gallery,0,False
2026-09-01,08:01,Disneyland Park,Frontierland,Thunder Mesa Riverboat Landing,0,False
2026-09-01,08:01,Disneyland Park,Main Street U.S.A,Disneyland Railroad Main Street Station,0,False
2026-09-01,08:01,Disneyland Park,Main Street U.S.A,Main Street Vehicles,0,False
2026-09-01,08:01,Disney Adventure World,Marvel Avengers Campus,Avengers Assemble: Flight Force,0,False
2026-09-01,08:01,Disney Adventure World,Marvel Avengers Campus,Avengers Assemble: Flight Force Single Rider,0,False
2026-09-01,08:01,Disney Adventure World,Marvel Avengers Campus,Spider-Man W.E.B. Adventure,0,False
2026-09-01,08:01,Disney Adventure World,Marvel Avengers Campus,Spider-Man W.E.B. Adventure Single Rider,0,False
2026-09-01,08:01,Disney Adventure World,Production Courtyard,The Twilight Zone Tower of Terror,0,False
2026-09-01,08:01,Disney Adventure World,Toon Studio,Cars Quatre Roues Rallye,0,False
2026-09-01,08:01,Disney Adventure World,Toon Studio,Cars ROAD TRIP,0,False
2026-09-01,08:01,Disney Adventure World,Toon Studio,Crush's Coaster,0,False
2026-09-01,08:01,Disney Adventure World,Toon Studio,Crush's Coaster Single Rider,0,False
2026-09-01,08:01,Disney Adventure World,Toon Studio,Les Tapis Volants - Flying Carpets Over Agrabah®,0,False
2026-09-01,08:01,Disney Adventure World,Toon Studio,Ratatouille : L’Aventure Totalement Toquée de Rémy​,0,False
2026-09-01,08:01,Disney Adventure World,Toon Studio,Ratatouille: The Adventure Single Rider,0,False
2026-09-01,08:01,Disney Adventure World,Toon Studio,RC Racer,0,False
2026-09-01,08:01,Disney Adventure World,Toon Studio,RC Racer Single Rider,0,False
2026-09-01,08:01,Disney Adventure World,Toon Studio,Slinky® Dog Zigzag Spin,0,False
2026-09-01,08:01,Disney Adventure World,Toon Studio,Toy Soldiers Parachute Drop,0,False
2026-09-01,08:01,Disney Adventure World,Toon Studio,Toy Soldiers Parachute Drop Single Rider,0,False
2026-09-01,08:01,Disney Adventure World,World of Frozen,Entry to World of Frozen,0,False
2026-09-01,08:01,Disney Adventure World,World of Frozen,Frozen Ever After,0,False
2026-09-01,08:01,Disney Adventure World,World of Frozen,Raiponce Tangled Spin,0,False
2026-09-01,08:06,Disneyland Park,Adventureland,Adventure Isle,0,False
2026-09-01,08:06,Disneyland Park,Adventureland,Indiana Jones and the Temple of Peril Single Rider,0,False
2026-09-01,08:06,Disneyland Park,Adventureland,Indiana Jones™ and the Temple of Peril,0,False
2026-09-01,08:06,Disneyland Park,Adventureland,La Cabane des Robinson,0,False
2026-09-01,08:06,Disneyland Park,Adventureland,Le Passage Enchanté d'Aladdin,0,False
2026-09-01,08:06,Disneyland Park,Adventureland,Pirate Galleon,0,False
2026-09-01,08:06,Disneyland Park,Adventureland,Pirates of the Caribbean,0,False
2026-09-01,08:06,Disneyland Park,Adventureland,Pirates' Beach,0,False
2026-09-01,08:06,Disneyland Park,Discoveryland,"Autopia, presented by Avis",0,False
2026-09-01,08:06,Disneyland Park,Discoveryland,Buzz Lightyear Laser Blast,0,False
2026-09-01,08:06,Disneyland Park,Discoveryland,Disneyland Railroad Discoveryland Station,0,False
2026-09-01,08:06,Disneyland Park,Discoveryland,Les Mystères du Nautilus,0,False
2026-09-01,08:06,Disneyland Park,Discoveryland,Mickey’s PhilharMagic,0,False
2026-09-01,08:06,Disneyland Park,Discoveryland,Orbitron®,0,False
2026-09-01,08:06,Disneyland Park,Discoveryland,Star Tours: The Adventures Continue*,0,False
2026-09-01,08:06,Disneyland Park,Discoveryland,Star Wars Hyperspace Mountain,0,False
2026-09-01,08:06,Disneyland Park,Discoveryland,Star Wars Hyperspace Mountain Single Rider,0,False
2026-09-01,08:06,Disneyland Park,Discoveryland,Welcome to Starport: A Star Wars Encounter,0,False
2026-09-01,08:06,Disneyland Park,Fantasyland,"""it's a small world""",0,False
2026-09-01,08:06,Disneyland Park,Fantasyland,Alice's Curious Labyrinth,0,False
2026-09-01,08:06,Disneyland Park,Fantasyland,Blanche-Neige et les Sept Nains®,0,False
2026-09-01,08:06,Disneyland Park,Fantasyland,Casey Jr. – le Petit Train du Cirque,0,False
2026-09-01,08:06,Disneyland Park,Fantasyland,Disneyland Railroad Fantasyland Station,0,False
2026-09-01,08:06,Disneyland Park,Fantasyland,Disneyland Railroad Main Street Station,0,False
2026-09-01,08:06,Disneyland Park,Fantasyland,Dumbo the Flying Elephant,0,False
2026-09-01,08:06,Disneyland Park,Fantasyland,La Tanière du Dragon,0,False
2026-09-01,08:06,Disneyland Park,Fantasyland,Le Carrousel de Lancelot,0,False
2026-09-01,08:06,Disneyland Park,Fantasyland,"Le Pays des Contes de Fées, presented by Vittel",0,False
2026-09-01,08:06,Disneyland Park,Fantasyland,Les Voyages de Pinocchio,0,False
2026-09-01,08:06,Disneyland Park,Fantasyland,Mad Hatter's Tea Cups,0,False
2026-09-01,08:06,Disneyland Park,Fantasyland,Meet Mickey Mouse,0,False
2026-09-01,08:06,Disneyland Park,Fantasyland,Peter Pan's Flight,0,False
2026-09-01,08:06,Disneyland Park,Fantasyland,Princess Pavilion,0,False
2026-09-01,08:06,Disneyland Park,Frontierland,Big Thunder Mountain,0,False
2026-09-01,08:06,Disneyland Park,Frontierland,Disneyland Railroad Frontierland Depot,0,False
2026-09-01,08:06,Disneyland Park,Frontierland,Frontierland Playground,0,False
2026-09-01,08:06,Disneyland Park,Frontierland,Phantom Manor,0,False
2026-09-01,08:06,Disneyland Park,Frontierland,River Rogue Keelboats,0,False
2026-09-01,08:06,Disneyland Park,Frontierland,Rustler Roundup Shootin' Gallery,0,False
2026-09-01,08:06,Disneyland Park,Frontierland,Thunder Mesa Riverboat Landing,0,False
2026-09-01,08:06,Disneyland Park,Main Street U.S.A,Disneyland Railroad Main Street Station,0,False
2026-09-01,08:06,Disneyland Park,Main Street U.S.A,Main Street Vehicles,0,False
2026-09-01,08:06,Disney Adventure World,Marvel Avengers Campus,Avengers Assemble: Flight Force,0,False
2026-09-01,08:06,Disney Adventure World,Marvel Avengers Campus,Avengers Assemble: Flight Force Single Rider,0,False
2026-09-01,08:06,Disney Adventure World,Marvel Avengers Campus,Spider-Man W.E.B. Adventure,0,False
2026-09-01,08:06,Disney Adventure World,Marvel Avengers Campus,Spider-Man W.E.B. Adventure Single Rider,0,False
2026-09-01,08:06,Disney Adventure World,Production Courtyard,The Twilight Zone Tower of Terror,0,False
2026-09-01,08:06,Disney Adventure World,Toon Studio,Cars Quatre Roues Rallye,0,False
2026-09-01,08:06,Disney Adventure World,Toon Studio,Cars ROAD TRIP,0,False
2026-09-01,08:06,Disney Adventure World,Toon Studio,Crush's Coaster,0,False
2026-09-01,08:06,Disney Adventure World,Toon Studio,Crush's Coaster Single Rider,0,False
2026-09-01,08:06,Disney Adventure World,Toon Studio,Les Tapis Volants - Flying Carpets Over Agrabah®,0,False
2026-09-01,08:06,Disney Adventure World,Toon Studio,Ratatouille : L’Aventure Totalement Toquée de Rémy​,0,False
2026-09-01,08:06,Disney Adventure World,Toon Studio,Ratatouille: The Adventure Single Rider,0,False
2026-09-01,08:06,Disney Adventure World,Toon Studio,RC Racer,0,False
2026-09-01,08:06,Disney Adventure World,Toon Studio,RC Racer Single Rider,0,False
2026-09-01,08:06,Disney Adventure World,Toon Studio,Slinky® Dog Zigzag Spin,0,False
2026-09-01,08:06,Disney Adventure World,Toon Studio,Toy Soldiers Parachute Drop,0,False
2026-09-01,08:06,Disney Adventure World,Toon Studio,Toy Soldiers Parachute Drop Single Rider,0,False
2026-09-01,08:06,Disney Adventure World,World of Frozen,Entry to World of Frozen,0,False
2026-09-01,08:06,Disney Adventure World,World of Frozen,Frozen Ever After,0,False
2026-09-01,08:06,Disney Adventure World,World of Frozen,Raiponce Tangled Spin,0,False
2026-09-01,08:11,Disneyland Park,Adventureland,Adventure Isle,0,False
2026-09-01,08:11,Disneyland Park,Adventureland,Indiana Jones and the Temple of Peril Single Rider,0,False
2026-09-01,08:11,Disneyland Park,Adventureland,Indiana Jones™ and the Temple of Peril,0,False
2026-09-01,08:11,Disneyland Park,Adventureland,La Cabane des Robinson,0,False
2026-09-01,08:11,Disneyland Park,Adventureland,Le Passage Enchanté d'Aladdin,0,False
2026-09-01,08:11,Disneyland Park,Adventureland,Pirate Galleon,0,False
2026-09-01,08:11,Disneyland Park,Adventureland,Pirates of the Caribbean,0,False
2026-09-01,08:11,Disneyland Park,Adventureland,Pirates' Beach,0,False
2026-09-01,08:11,Disneyland Park,Discoveryland,"Autopia, presented by Avis",0,False
2026-09-01,08:11,Disneyland Park,Discoveryland,Buzz Lightyear Laser Blast,0,False
2026-09-01,08:11,Disneyland Park,Discoveryland,Disneyland Railroad Discoveryland Station,0,False
2026-09-01,08:11,Disneyland Park,Discoveryland,Les Mystères du Nautilus,0,False
2026-09-01,08:11,Disneyland Park,Discoveryland,Mickey’s PhilharMagic,0,False
2026-09-01,08:11,Disneyland Park,Discoveryland,Orbitron®,0,False
2026-09-01,08:11,Disneyland Park,Discoveryland,Star Tours: The Adventures Continue*,0,False
2026-09-01,08:11,Disneyland Park,Discoveryland,Star Wars Hyperspace Mountain,0,False
2026-09-01,08:11,Disneyland Park,Discoveryland,Star Wars Hyperspace Mountain Single Rider,0,False
2026-09-01,08:11,Disneyland Park,Discoveryland,Welcome to Starport: A Star Wars Encounter,0,False
2026-09-01,08:11,Disneyland Park,Fantasyland,"""it's a small world""",0,False
2026-09-01,08:11,Disneyland Park,Fantasyland,Alice's Curious Labyrinth,0,False
2026-09-01,08:11,Disneyland Park,Fantasyland,Blanche-Neige et les Sept Nains®,0,False
2026-09-01,08:11,Disneyland Park,Fantasyland,Casey Jr. – le Petit Train du Cirque,0,False
2026-09-01,08:11,Disneyland Park,Fantasyland,Disneyland Railroad Fantasyland Station,0,False
2026-09-01,08:11,Disneyland Park,Fantasyland,Disneyland Railroad Main Street Station,0,False
2026-09-01,08:11,Disneyland Park,Fantasyland,Dumbo the Flying Elephant,0,False
2026-09-01,08:11,Disneyland Park,Fantasyland,La Tanière du Dragon,0,False
2026-09-01,08:11,Disneyland Park,Fantasyland,Le Carrousel de Lancelot,0,False
2026-09-01,08:11,Disneyland Park,Fantasyland,"Le Pays des Contes de Fées, presented by Vittel",0,False
2026-09-01,08:11,Disneyland Park,Fantasyland,Les Voyages de Pinocchio,0,False
2026-09-01,08:11,Disneyland Park,Fantasyland,Mad Hatter's Tea Cups,0,False
2026-09-01,08:11,Disneyland Park,Fantasyland,Meet Mickey Mouse,0,False
2026-09-01,08:11,Disneyland Park,Fantasyland,Peter Pan's Flight,0,False
2026-09-01,08:11,Disneyland Park,Fantasyland,Princess Pavilion,0,False
2026-09-01,08:11,Disneyland Park,Frontierland,Big Thunder Mountain,0,False
2026-09-01,08:11,Disneyland Park,Frontierland,Disneyland Railroad Frontierland Depot,0,False
2026-09-01,08:11,Disneyland Park,Frontierland,Frontierland Playground,0,False
2026-09-01,08:11,Disneyland Park,Frontierland,Phantom Manor,0,False
2026-09-01,08:11,Disneyland Park,Frontierland,River Rogue Keelboats,0,False
2026-09-01,08:11,Disneyland Park,Frontierland,Rustler Roundup Shootin' Gallery,0,False
2026-09-01,08:11,Disneyland Park,Frontierland,Thunder Mesa Riverboat Landing,0,False
2026-09-01,08:11,Disneyland Park,Main Street U.S.A,Disneyland Railroad Main Street Station,0,False
2026-09-01,08:11,Disneyland Park,Main Street U.S.A,Main Street Vehicles,0,False
2026-09-01,08:11,Disney Adventure World,Marvel Avengers Campus,Avengers Assemble: Flight Force,0,False
2026-09-01,08:11,Disney Adventure World,Marvel Avengers Campus,Avengers Assemble: Flight Force Single Rider,0,False
2026-09-01,08:11,Disney Adventure World,Marvel Avengers Campus,Spider-Man W.E.B. Adventure,0,False
2026-09-01,08:11,Disney Adventure World,Marvel Avengers Campus,Spider-Man W.E.B. Adventure Single Rider,0,False
2026-09-01,08:11,Disney Adventure World,Production Courtyard,The Twilight Zone Tower of Terror,0,False
2026-09-01,08:11,Disney Adventure World,Toon Studio,Cars Quatre Roues Rallye,0,False
2026-09-01,08:11,Disney Adventure World,Toon Studio,Cars ROAD TRIP,0,False
2026-09-01,08:11,Disney Adventure World,Toon Studio,Crush's Coaster,0,False
2026-09-01,08:11,Disney Adventure World,Toon Studio,Crush's Coaster Single Rider,0,False
2026-09-01,08:11,Disney Adventure World,Toon Studio,Les Tapis Volants - Flying Carpets Over Agrabah®,0,False
2026-09-01,08:11,Disney Adventure World,Toon Studio,Ratatouille : L’Aventure Totalement Toquée de Rémy​,0,False
2026-09-01,08:11,Disney Adventure World,Toon Studio,Ratatouille: The Adventure Single Rider,0,False
2026-09-01,08:11,Disney Adventure World,Toon Studio,RC Racer,0,False
2026-09-01,08:11,Disney Adventure World,Toon Studio,RC Racer Single Rider,0,False
2026-09-01,08:11,Disney Adventure World,Toon Studio,Slinky® Dog Zigzag Spin,0,False
2026-09-01,08:11,Disney Adventure World,Toon Studio,Toy Soldiers Parachute Drop,0,False
2026-09-01,08:11,Disney Adventure World,Toon Studio,Toy Soldiers Parachute Drop Single Rider,0,False
2026-09-01,08:11,Disney Adventure World,World of Frozen,Entry to World of Frozen,0,False
2026-09-01,08:11,Disney Adventure World,World of Frozen,Frozen Ever After,0,False
2026-09-01,08:11,Disney Adventure World,World of Frozen,Raiponce Tangled Spin,0,False
2026-09-01,08:16,Disneyland Park,Adventureland,Adventure Isle,0,False
2026-09-01,08:16,Disneyland Park,Adventureland,Indiana Jones and the Temple of Peril Single Rider,0,False
2026-09-01,08:16,Disneyland Park,Adventureland,Indiana Jones™ and the Temple of Peril,0,False
2026-09-01,08:16,Disneyland Park,Adventureland,La Cabane des Robinson,0,False
2026-09-01,08:16,Disneyland Park,Adventureland,Le Passage Enchanté d'Aladdin,0,False
2026-09-01,08:16,Disneyland Park,Adventureland,Pirate Galleon,0,False
2026-09-01,08:16,Disneyland Park,Adventureland,Pirates of the Caribbean,0,False
2026-09-01,08:16,Disneyland Park,Adventureland,Pirates' Beach,0,False
2026-09-01,08:16,Disneyland Park,Discoveryland,"Autopia, presented by Avis",0,False
2026-09-01,08:16,Disneyland Park,Discoveryland,Buzz Lightyear Laser Blast,0,False
2026-09-01,08:16,Disneyland Park,Discoveryland,Disneyland Railroad Discoveryland Station,0,False
2026-09-01,08:16,Disneyland Park,Discoveryland,Les Mystères du Nautilus,0,False
2026-09-01,08:16,Disneyland Park,Discoveryland,Mickey’s PhilharMagic,0,False
2026-09-01,08:16,Disneyland Park,Discoveryland,Orbitron®,0,False
2026-09-01,08:16,Disneyland Park,Discoveryland,Star Tours: The Adventures Continue*,0,False
2026-09-01,08:16,Disneyland Park,Discoveryland,Star Wars Hyperspace Mountain,0,False
2026-09-01,08:16,Disneyland Park,Discoveryland,Star Wars Hyperspace Mountain Single Rider,0,False
2026-09-01,08:16,Disneyland Park,Discoveryland,Welcome to Starport: A Star Wars Encounter,0,False
2026-09-01,08:16,Disneyland Park,Fantasyland,"""it's a small world""",0,False
2026-09-01,08:16,Disneyland Park,Fantasyland,Alice's Curious Labyrinth,0,False
2026-09-01,08:16,Disneyland Park,Fantasyland,Blanche-Neige et les Sept Nains®,0,False
2026-09-01,08:16,Disneyland Park,Fantasyland,Casey Jr. – le Petit Train du Cirque,0,False
2026-09-01,08:16,Disneyland Park,Fantasyland,Disneyland Railroad Fantasyland Station,0,False
2026-09-01,08:16,Disneyland Park,Fantasyland,Disneyland Railroad Main Street Station,0,False
2026-09-01,08:16,Disneyland Park,Fantasyland,Dumbo the Flying Elephant,0,False
2026-09-01,08:16,Disneyland Park,Fantasyland,La Tanière du Dragon,0,False
2026-09-01,08:16,Disneyland Park,Fantasyland,Le Carrousel de Lancelot,0,False
2026-09-01,08:16,Disneyland Park,Fantasyland,"Le Pays des Contes de Fées, presented by Vittel",0,False
2026-09-01,08:16,Disneyland Park,Fantasyland,Les Voyages de Pinocchio,0,False
2026-09-01,08:16,Disneyland Park,Fantasyland,Mad Hatter's Tea Cups,0,False
2026-09-01,08:16,Disneyland Park,Fantasyland,Meet Mickey Mouse,0,False
2026-09-01,08:16,Disneyland Park,Fantasyland,Peter Pan's Flight,0,False
2026-09-01,08:16,Disneyland Park,Fantasyland,Princess Pavilion,0,False
2026-09-01,08:16,Disneyland Park,Frontierland,Big Thunder Mountain,0,False
2026-09-01,08:16,Disneyland Park,Frontierland,Disneyland Railroad Frontierland Depot,0,False
2026-09-01,08:16,Disneyland Park,Frontierland,Frontierland Playground,0,False
2026-09-01,08:16,Disneyland Park,Frontierland,Phantom Manor,0,False
2026-09-01,08:16,Disneyland Park,Frontierland,River Rogue Keelboats,0,False
2026-09-01,08:16,Disneyland Park,Frontierland,Rustler Roundup Shootin' Gallery,0,False
2026-09-01,08:16,Disneyland Park,Frontierland,Thunder Mesa Riverboat Landing,0,False
2026-09-01,08:16,Disneyland Park,Main Street U.S.A,Disneyland Railroad Main Street Station,0,False
2026-09-01,08:16,Disneyland Park,Main Street U.S.A,Main Street Vehicles,0,False
2026-09-01,08:16,Disney Adventure World,Marvel Avengers Campus,Avengers Assemble: Flight Force,0,False
2026-09-01,08:16,Disney Adventure World,Marvel Avengers Campus,Avengers Assemble: Flight Force Single Rider,0,False
2026-09-01,08:16,Disney Adventure World,Marvel Avengers Campus,Spider-Man W.E.B. Adventure,0,False
2026-09-01,08:16,Disney Adventure World,Marvel Avengers Campus,Spider-Man W.E.B. Adventure Single Rider,0,False
2026-09-01,08:16,Disney Adventure World,Production Courtyard,The Twilight Zone Tower of Terror,0,False
2026-09-01,08:16,Disney Adventure World,Toon Studio,Cars Quatre Roues Rallye,0,False
2026-09-01,08:16,Disney Adventure World,Toon Studio,Cars ROAD TRIP,0,False
2026-09-01,08:16,Disney Adventure World,Toon Studio,Crush's Coaster,0,False
2026-09-01,08:16,Disney Adventure World,Toon Studio,Crush's Coaster Single Rider,0,False
2026-09-01,08:16,Disney Adventure World,Toon Studio,Les Tapis Volants - Flying Carpets Over Agrabah®,0,False
2026-09-01,08:16,Disney Adventure World,Toon Studio,Ratatouille : L’Aventure Totalement Toquée de Rémy​,0,False
2026-09-01,08:16,Disney Adventure World,Toon Studio,Ratatouille: The Adventure Single Rider,0,False
2026-09-01,08:16,Disney Adventure World,Toon Studio,RC Racer,0,False
2026-09-01,08:16,Disney Adventure World,Toon Studio,RC Racer Single Rider,0,False
2026-09-01,08:16,Disney Adventure World,Toon Studio,Slinky® Dog Zigzag Spin,0,False
2026-09-01,08:16,Disney Adventure World,Toon Studio,Toy Soldiers Parachute Drop,0,False
2026-09-01,08:16,Disney Adventure World,Toon Studio,Toy Soldiers Parachute Drop Single Rider,0,False
2026-09-01,08:16,Disney Adventure World,World of Frozen,Entry to World of Frozen,0,False
2026-09-01,08:16,Disney Adventure World,World of Frozen,Frozen Ever After,0,False
2026-09-01,08:16,Disney Adventure World,World of Frozen,Raiponce Tangled Spin,0,False
2026-09-01,08:21,Disneyland Park,Adventureland,Adventure Isle,0,False
2026-09-01,08:21,Disneyland Park,Adventureland,Indiana Jones and the Temple of Peril Single Rider,0,False
2026-09-01,08:21,Disneyland Park,Adventureland,Indiana Jones™ and the Temple of Peril,0,False
2026-09-01,08:21,Disneyland Park,Adventureland,La Cabane des Robinson,0,False
2026-09-01,08:21,Disneyland Park,Adventureland,Le Passage Enchanté d'Aladdin,0,False
2026-09-01,08:21,Disneyland Park,Adventureland,Pirate Galleon,0,False
2026-09-01,08:21,Disneyland Park,Adventureland,Pirates of the Caribbean,0,False
2026-09-01,08:21,Disneyland Park,Adventureland,Pirates' Beach,0,False
2026-09-01,08:21,Disneyland Park,Discoveryland,"Autopia, presented by Avis",0,False
2026-09-01,08:21,Disneyland Park,Discoveryland,Buzz Lightyear Laser Blast,0,False
2026-09-01,08:21,Disneyland Park,Discoveryland,Disneyland Railroad Discoveryland Station,0,False
2026-09-01,08:21,Disneyland Park,Discoveryland,Les Mystères du Nautilus,0,False
2026-09-01,08:21,Disneyland Park,Discoveryland,Mickey’s PhilharMagic,0,False
2026-09-01,08:21,Disneyland Park,Discoveryland,Orbitron®,0,False
2026-09-01,08:21,Disneyland Park,Discoveryland,Star Tours: The Adventures Continue*,0,False
2026-09-01,08:21,Disneyland Park,Discoveryland,Star Wars Hyperspace Mountain,0,False
2026-09-01,08:21,Disneyland Park,Discoveryland,Star Wars Hyperspace Mountain Single Rider,0,False
2026-09-01,08:21,Disneyland Park,Discoveryland,Welcome to Starport: A Star Wars Encounter,0,False
2026-09-01,08:21,Disneyland Park,Fantasyland,"""it's a small world""",0,False
2026-09-01,08:21,Disneyland Park,Fantasyland,Alice's Curious Labyrinth,0,False
2026-09-01,08:21,Disneyland Park,Fantasyland,Blanche-Neige et les Sept Nains®,0,False
2026-09-01,08:21,Disneyland Park,Fantasyland,Casey Jr. – le Petit Train du Cirque,0,False
2026-09-01,08:21,Disneyland Park,Fantasyland,Disneyland Railroad Fantasyland Station,0,False
2026-09-01,08:21,Disneyland Park,Fantasyland,Disneyland Railroad Main Street Station,0,False
2026-09-01,08:21,Disneyland Park,Fantasyland,Dumbo the Flying Elephant,0,False
2026-09-01,08:21,Disneyland Park,Fantasyland,La Tanière du Dragon,0,False
2026-09-01,08:21,Disneyland Park,Fantasyland,Le Carrousel de Lancelot,0,False
2026-09-01,08:21,Disneyland Park,Fantasyland,"Le Pays des Contes de Fées, presented by Vittel",0,False
2026-09-01,08:21,Disneyland Park,Fantasyland,Les Voyages de Pinocchio,0,False
2026-09-01,08:21,Disneyland Park,Fantasyland,Mad Hatter's Tea Cups,0,False
2026-09-01,08:21,Disneyland Park,Fantasyland,Meet Mickey Mouse,0,False
2026-09-01,08:21,Disneyland Park,Fantasyland,Peter Pan's Flight,0,False
2026-09-01,08:21,Disneyland Park,Fantasyland,Princess Pavilion,0,False
2026-09-01,08:21,Disneyland Park,Frontierland,Big Thunder Mountain,0,False
2026-09-01,08:21,Disneyland Park,Frontierland,Disneyland Railroad Frontierland Depot,0,False
2026-09-01,08:21,Disneyland Park,Frontierland,Frontierland Playground,0,False
2026-09-01,08:21,Disneyland Park,Frontierland,Phantom Manor,0,False
2026-09-01,08:21,Disneyland Park,Frontierland,River Rogue Keelboats,0,False
2026-09-01,08:21,Disneyland Park,Frontierland,Rustler Roundup Shootin' Gallery,0,False
2026-09-01,08:21,Disneyland Park,Frontierland,Thunder Mesa Riverboat Landing,0,False
2026-09-01,08:21,Disneyland Park,Main Street U.S.A,Disneyland Railroad Main Street Station,0,False
2026-09-01,08:21,Disneyland Park,Main Street U.S.A,Main Street Vehicles,0,False
2026-09-01,08:21,Disney Adventure World,Marvel Avengers Campus,Avengers Assemble: Flight Force,0,False
2026-09-01,08:21,Disney Adventure World,Marvel Avengers Campus,Avengers Assemble: Flight Force Single Rider,0,False
2026-09-01,08:21,Disney Adventure World,Marvel Avengers Campus,Spider-Man W.E.B. Adventure,5,True
2026-09-01,08:21,Disney Adventure World,Marvel Avengers Campus,Spider-Man W.E.B. Adventure Single Rider,5,True
2026-09-01,08:21,Disney Adventure World,Production Courtyard,The Twilight Zone Tower of Terror,0,False
2026-09-01,08:21,Disney Adventure World,Toon Studio,Cars Quatre Roues Rallye,0,False
2026-09-01,08:21,Disney Adventure World,Toon Studio,Cars ROAD TRIP,0,False
2026-09-01,08:21,Disney Adventure World,Toon Studio,Crush's Coaster,0,False
2026-09-01,08:21,Disney Adventure World,Toon Studio,Crush's Coaster Single Rider,0,False
2026-09-01,08:21,Disney Adventure World,Toon Studio,Les Tapis Volants - Flying Carpets Over Agrabah®,0,False
2026-09-01,08:21,Disney Adventure World,Toon Studio,Ratatouille : L’Aventure Totalement Toquée de Rémy​,0,False
2026-09-01,08:21,Disney Adventure World,Toon Studio,Ratatouille: The Adventure Single Rider,0,False
2026-09-01,08:21,Disney Adventure World,Toon Studio,RC Racer,0,False
2026-09-01,08:21,Disney Adventure World,Toon Studio,RC Racer Single Rider,0,False
2026-09-01,08:21,Disney Adventure World,Toon Studio,Slinky® Dog Zigzag Spin,0,False
2026-09-01,08:21,Disney Adventure World,Toon Studio,Toy Soldiers Parachute Drop,0,False
2026-09-01,08:21,Disney Adventure World,Toon Studio,Toy Soldiers Parachute Drop Single Rider,0,False
2026-09-01,08:21,Disney Adventure World,World of Frozen,Entry to World of Frozen,0,False
2026-09-01,08:21,Disney Adventure World,World of Frozen,Frozen Ever After,0,False
2026-09-01,08:21,Disney Adventure World,World of Frozen,Raiponce Tangled Spin,0,False
2026-09-01,08:27,Disneyland Park,Adventureland,Adventure Isle,0,False
2026-09-01,08:27,Disneyland Park,Adventureland,Indiana Jones and the Temple of Peril Single Rider,0,False
2026-09-01,08:27,Disneyland Park,Adventureland,Indiana Jones™ and the Temple of Peril,0,False
2026-09-01,08:27,Disneyland Park,Adventureland,La Cabane des Robinson,0,False
2026-09-01,08:27,Disneyland Park,Adventureland,Le Passage Enchanté d'Aladdin,0,False
2026-09-01,08:27,Disneyland Park,Adventureland,Pirate Galleon,0,False
2026-09-01,08:27,Disneyland Park,Adventureland,Pirates of the Caribbean,0,False
2026-09-01,08:27,Disneyland Park,Adventureland,Pirates' Beach,0,False
2026-09-01,08:27,Disneyland Park,Discoveryland,"Autopia, presented by Avis",0,False
2026-09-01,08:27,Disneyland Park,Discoveryland,Buzz Lightyear Laser Blast,0,False
2026-09-01,08:27,Disneyland Park,Discoveryland,Disneyland Railroad Discoveryland Station,0,False
2026-09-01,08:27,Disneyland Park,Discoveryland,Les Mystères du Nautilus,0,False
2026-09-01,08:27,Disneyland Park,Discoveryland,Mickey’s PhilharMagic,0,False
2026-09-01,08:27,Disneyland Park,Discoveryland,Orbitron®,0,False
2026-09-01,08:27,Disneyland Park,Discoveryland,Star Tours: The Adventures Continue*,0,False
2026-09-01,08:27,Disneyland Park,Discoveryland,Star Wars Hyperspace Mountain,0,False
2026-09-01,08:27,Disneyland Park,Discoveryland,Star Wars Hyperspace Mountain Single Rider,0,False
2026-09-01,08:27,Disneyland Park,Discoveryland,Welcome to Starport: A Star Wars Encounter,0,False
2026-09-01,08:27,Disneyland Park,Fantasyland,"""it's a small world""",0,False
2026-09-01,08:27,Disneyland Park,Fantasyland,Alice's Curious Labyrinth,0,False
2026-09-01,08:27,Disneyland Park,Fantasyland,Blanche-Neige et les Sept Nains®,0,False
2026-09-01,08:27,Disneyland Park,Fantasyland,Casey Jr. – le Petit Train du Cirque,0,False
2026-09-01,08:27,Disneyland Park,Fantasyland,Disneyland Railroad Fantasyland Station,0,False
2026-09-01,08:27,Disneyland Park,Fantasyland,Disneyland Railroad Main Street Station,0,False
2026-09-01,08:27,Disneyland Park,Fantasyland,Dumbo the Flying Elephant,5,True
2026-09-01,08:27,Disneyland Park,Fantasyland,La Tanière du Dragon,0,False
2026-09-01,08:27,Disneyland Park,Fantasyland,Le Carrousel de Lancelot,0,False
2026-09-01,08:27,Disneyland Park,Fantasyland,"Le Pays des Contes de Fées, presented by Vittel",0,False
2026-09-01,08:27,Disneyland Park,Fantasyland,Les Voyages de Pinocchio,0,False
2026-09-01,08:27,Disneyland Park,Fantasyland,Mad Hatter's Tea Cups,0,False
2026-09-01,08:27,Disneyland Park,Fantasyland,Meet Mickey Mouse,0,False
2026-09-01,08:27,Disneyland Park,Fantasyland,Peter Pan's Flight,0,False
2026-09-01,08:27,Disneyland Park,Fantasyland,Princess Pavilion,0,False
2026-09-01,08:27,Disneyland Park,Frontierland,Big Thunder Mountain,0,False
2026-09-01,08:27,Disneyland Park,Frontierland,Disneyland Railroad Frontierland Depot,0,False
2026-09-01,08:27,Disneyland Park,Frontierland,Frontierland Playground,0,False
2026-09-01,08:27,Disneyland Park,Frontierland,Phantom Manor,0,False
2026-09-01,08:27,Disneyland Park,Frontierland,River Rogue Keelboats,0,False
2026-09-01,08:27,Disneyland Park,Frontierland,Rustler Roundup Shootin' Gallery,0,False
2026-09-01,08:27,Disneyland Park,Frontierland,Thunder Mesa Riverboat Landing,0,False
2026-09-01,08:27,Disneyland Park,Main Street U.S.A,Disneyland Railroad Main Street Station,0,False
2026-09-01,08:27,Disneyland Park,Main Street U.S.A,Main Street Vehicles,0,False
2026-09-01,08:27,Disney Adventure World,Marvel Avengers Campus,Avengers Assemble: Flight Force,0,False
2026-09-01,08:27,Disney Adventure World,Marvel Avengers Campus,Avengers Assemble: Flight Force Single Rider,0,False
2026-09-01,08:27,Disney Adventure World,Marvel Avengers Campus,Spider-Man W.E.B. Adventure,5,True
2026-09-01,08:27,Disney Adventure World,Marvel Avengers Campus,Spider-Man W.E.B. Adventure Single Rider,5,True
2026-09-01,08:27,Disney Adventure World,Production Courtyard,The Twilight Zone Tower of Terror,0,False
2026-09-01,08:27,Disney Adventure World,Toon Studio,Cars Quatre Roues Rallye,0,False
2026-09-01,08:27,Disney Adventure World,Toon Studio,Cars ROAD TRIP,0,False
2026-09-01,08:27,Disney Adventure World,Toon Studio,Crush's Coaster,0,False
2026-09-01,08:27,Disney Adventure World,Toon Studio,Crush's Coaster Single Rider,0,False
2026-09-01,08:27,Disney Adventure World,Toon Studio,Les Tapis Volants - Flying Carpets Over Agrabah®,0,False
2026-09-01,08:27,Disney Adventure World,Toon Studio,Ratatouille : L’Aventure Totalement Toquée de Rémy​,0,False
2026-09-01,08:27,Disney Adventure World,Toon Studio,Ratatouille: The Adventure Single Rider,0,False
2026-09-01,08:27,Disney Adventure World,Toon Studio,RC Racer,0,False
2026-09-01,08:27,Disney Adventure World,Toon Studio,RC Racer Single Rider,0,False
2026-09-01,08:27,Disney Adventure World,Toon Studio,Slinky® Dog Zigzag Spin,0,False
2026-09-01,08:27,Disney Adventure World,Toon Studio,Toy Soldiers Parachute Drop,0,False
2026-09-01,08:27,Disney Adventure World,Toon Studio,Toy Soldiers Parachute Drop Single Rider,0,False
2026-09-01,08:27,Disney Adventure World,World of Frozen,Entry to World of Frozen,0,False
2026-09-01,08:27,Disney Adventure World,World of Frozen,Frozen Ever After,5,True
2026-09-01,08:27,Disney Adventure World,World of Frozen,Raiponce Tangled Spin,0,False
2026-09-01,08:32,Disneyland Park,Adventureland,Adventure Isle,0,False
2026-09-01,08:32,Disneyland Park,Adventureland,Indiana Jones and the Temple of Peril Single Rider,0,False
2026-09-01,08:32,Disneyland Park,Adventureland,Indiana Jones™ and the Temple of Peril,0,False
2026-09-01,08:32,Disneyland Park,Adventureland,La Cabane des Robinson,0,False
2026-09-01,08:32,Disneyland Park,Adventureland,Le Passage Enchanté d'Aladdin,0,False
2026-09-01,08:32,Disneyland Park,Adventureland,Pirate Galleon,0,False
2026-09-01,08:32,Disneyland Park,Adventureland,Pirates of the Caribbean,0,False
2026-09-01,08:32,Disneyland Park,Adventureland,Pirates' Beach,0,False
2026-09-01,08:32,Disneyland Park,Discoveryland,"Autopia, presented by Avis",0,False
2026-09-01,08:32,Disneyland Park,Discoveryland,Buzz Lightyear Laser Blast,0,False
2026-09-01,08:32,Disneyland Park,Discoveryland,Disneyland Railroad Discoveryland Station,0,False
2026-09-01,08:32,Disneyland Park,Discoveryland,Les Mystères du Nautilus,0,False
2026-09-01,08:32,Disneyland Park,Discoveryland,Mickey’s PhilharMagic,0,False
2026-09-01,08:32,Disneyland Park,Discoveryland,Orbitron®,0,False
2026-09-01,08:32,Disneyland Park,Discoveryland,Star Tours: The Adventures Continue*,0,False
2026-09-01,08:32,Disneyland Park,Discoveryland,Star Wars Hyperspace Mountain,5,True
2026-09-01,08:32,Disneyland Park,Discoveryland,Star Wars Hyperspace Mountain Single Rider,0,True
2026-09-01,08:32,Disneyland Park,Discoveryland,Welcome to Starport: A Star Wars Encounter,0,False
2026-09-01,08:32,Disneyland Park,Fantasyland,"""it's a small world""",0,False
2026-09-01,08:32,Disneyland Park,Fantasyland,Alice's Curious Labyrinth,0,False
2026-09-01,08:32,Disneyland Park,Fantasyland,Blanche-Neige et les Sept Nains®,0,False
2026-09-01,08:32,Disneyland Park,Fantasyland,Casey Jr. – le Petit Train du Cirque,0,False
2026-09-01,08:32,Disneyland Park,Fantasyland,Disneyland Railroad Fantasyland Station,0,False
2026-09-01,08:32,Disneyland Park,Fantasyland,Disneyland Railroad Main Street Station,0,False
2026-09-01,08:32,Disneyland Park,Fantasyland,Dumbo the Flying Elephant,5,True
2026-09-01,08:32,Disneyland Park,Fantasyland,La Tanière du Dragon,0,False
2026-09-01,08:32,Disneyland Park,Fantasyland,Le Carrousel de Lancelot,0,False
2026-09-01,08:32,Disneyland Park,Fantasyland,"Le Pays des Contes de Fées, presented by Vittel",0,False
2026-09-01,08:32,Disneyland Park,Fantasyland,Les Voyages de Pinocchio,0,False
2026-09-01,08:32,Disneyland Park,Fantasyland,Mad Hatter's Tea Cups,0,False
2026-09-01,08:32,Disneyland Park,Fantasyland,Meet Mickey Mouse,0,False
2026-09-01,08:32,Disneyland Park,Fantasyland,Peter Pan's Flight,0,False
2026-09-01,08:32,Disneyland Park,Fantasyland,Princess Pavilion,0,False
2026-09-01,08:32,Disneyland Park,Frontierland,Big Thunder Mountain,0,False
2026-09-01,08:32,Disneyland Park,Frontierland,Disneyland Railroad Frontierland Depot,0,False
2026-09-01,08:32,Disneyland Park,Frontierland,Frontierland Playground,0,False
2026-09-01,08:32,Disneyland Park,Frontierland,Phantom Manor,0,False
2026-09-01,08:32,Disneyland Park,Frontierland,River Rogue Keelboats,0,False
2026-09-01,08:32,Disneyland Park,Frontierland,Rustler Roundup Shootin' Gallery,0,False
2026-09-01,08:32,Disneyland Park,Frontierland,Thunder Mesa Riverboat Landing,0,False
2026-09-01,08:32,Disneyland Park,Main Street U.S.A,Disneyland Railroad Main Street Station,0,False
2026-09-01,08:32,Disneyland Park,Main Street U.S.A,Main Street Vehicles,0,False
2026-09-01,08:32,Disney Adventure World,Marvel Avengers Campus,Avengers Assemble: Flight Force,0,False
2026-09-01,08:32,Disney Adventure World,Marvel Avengers Campus,Avengers Assemble: Flight Force Single Rider,0,False
2026-09-01,08:32,Disney Adventure World,Marvel Avengers Campus,Spider-Man W.E.B. Adventure,5,True
2026-09-01,08:32,Disney Adventure World,Marvel Avengers Campus,Spider-Man W.E.B. Adventure Single Rider,5,True
2026-09-01,08:32,Disney Adventure World,Production Courtyard,The Twilight Zone Tower of Terror,0,False
2026-09-01,08:32,Disney Adventure World,Toon Studio,Cars Quatre Roues Rallye,0,False
2026-09-01,08:32,Disney Adventure World,Toon Studio,Cars ROAD TRIP,0,False
2026-09-01,08:32,Disney Adventure World,Toon Studio,Crush's Coaster,0,False
2026-09-01,08:32,Disney Adventure World,Toon Studio,Crush's Coaster Single Rider,0,False
2026-09-01,08:32,Disney Adventure World,Toon Studio,Les Tapis Volants - Flying Carpets Over Agrabah®,0,False
2026-09-01,08:32,Disney Adventure World,Toon Studio,Ratatouille : L’Aventure Totalement Toquée de Rémy​,0,False
2026-09-01,08:32,Disney Adventure World,Toon Studio,Ratatouille: The Adventure Single Rider,0,False
2026-09-01,08:32,Disney Adventure World,Toon Studio,RC Racer,0,False
2026-09-01,08:32,Disney Adventure World,Toon Studio,RC Racer Single Rider,0,False
2026-09-01,08:32,Disney Adventure World,Toon Studio,Slinky® Dog Zigzag Spin,0,False
2026-09-01,08:32,Disney Adventure World,Toon Studio,Toy Soldiers Parachute Drop,0,False
2026-09-01,08:32,Disney Adventure World,Toon Studio,Toy Soldiers Parachute Drop Single Rider,0,False
2026-09-01,08:32,Disney Adventure World,World of Frozen,Entry to World of Frozen,0,False
2026-09-01,08:32,Disney Adventure World,World of Frozen,Frozen Ever After,5,True
2026-09-01,08:32,Disney Adventure World,World of Frozen,Raiponce Tangled Spin,0,False
2026-09-01,08:37,Disneyland Park,Adventureland,Adventure Isle,0,False
2026-09-01,08:37,Disneyland Park,Adventureland,Indiana Jones and the Temple of Peril Single Rider,0,False
2026-09-01,08:37,Disneyland Park,Adventureland,Indiana Jones™ and the Temple of Peril,0,False
2026-09-01,08:37,Disneyland Park,Adventureland,La Cabane des Robinson,0,False
2026-09-01,08:37,Disneyland Park,Adventureland,Le Passage Enchanté d'Aladdin,0,False
2026-09-01,08:37,Disneyland Park,Adventureland,Pirate Galleon,0,False
2026-09-01,08:37,Disneyland Park,Adventureland,Pirates of the Caribbean,0,False
2026-09-01,08:37,Disneyland Park,Adventureland,Pirates' Beach,0,False
2026-09-01,08:37,Disneyland Park,Discoveryland,"Autopia, presented by Avis",0,False
2026-09-01,08:37,Disneyland Park,Discoveryland,Buzz Lightyear Laser Blast,0,False
2026-09-01,08:37,Disneyland Park,Discoveryland,Disneyland Railroad Discoveryland Station,0,False
2026-09-01,08:37,Disneyland Park,Discoveryland,Les Mystères du Nautilus,0,False
2026-09-01,08:37,Disneyland Park,Discoveryland,Mickey’s PhilharMagic,0,False
2026-09-01,08:37,Disneyland Park,Discoveryland,Orbitron®,0,False
2026-09-01,08:37,Disneyland Park,Discoveryland,Star Tours: The Adventures Continue*,0,False
2026-09-01,08:37,Disneyland Park,Discoveryland,Star Wars Hyperspace Mountain,5,True
2026-09-01,08:37,Disneyland Park,Discoveryland,Star Wars Hyperspace Mountain Single Rider,0,True
2026-09-01,08:37,Disneyland Park,Discoveryland,Welcome to Starport: A Star Wars Encounter,0,False
2026-09-01,08:37,Disneyland Park,Fantasyland,"""it's a small world""",0,False
2026-09-01,08:37,Disneyland Park,Fantasyland,Alice's Curious Labyrinth,0,False
2026-09-01,08:37,Disneyland Park,Fantasyland,Blanche-Neige et les Sept Nains®,0,False
2026-09-01,08:37,Disneyland Park,Fantasyland,Casey Jr. – le Petit Train du Cirque,0,False
2026-09-01,08:37,Disneyland Park,Fantasyland,Disneyland Railroad Fantasyland Station,0,False
2026-09-01,08:37,Disneyland Park,Fantasyland,Disneyland Railroad Main Street Station,0,False
2026-09-01,08:37,Disneyland Park,Fantasyland,Dumbo the Flying Elephant,5,True
2026-09-01,08:37,Disneyland Park,Fantasyland,La Tanière du Dragon,0,True
2026-09-01,08:37,Disneyland Park,Fantasyland,Le Carrousel de Lancelot,0,False
2026-09-01,08:37,Disneyland Park,Fantasyland,"Le Pays des Contes de Fées, presented by Vittel",0,False
2026-09-01,08:37,Disneyland Park,Fantasyland,Les Voyages de Pinocchio,5,True
2026-09-01,08:37,Disneyland Park,Fantasyland,Mad Hatter's Tea Cups,0,False
2026-09-01,08:37,Disneyland Park,Fantasyland,Meet Mickey Mouse,0,False
2026-09-01,08:37,Disneyland Park,Fantasyland,Peter Pan's Flight,0,False
2026-09-01,08:37,Disneyland Park,Fantasyland,Princess Pavilion,0,False
2026-09-01,08:37,Disneyland Park,Frontierland,Big Thunder Mountain,0,False
2026-09-01,08:37,Disneyland Park,Frontierland,Disneyland Railroad Frontierland Depot,0,False
2026-09-01,08:37,Disneyland Park,Frontierland,Frontierland Playground,0,False
2026-09-01,08:37,Disneyland Park,Frontierland,Phantom Manor,0,False
2026-09-01,08:37,Disneyland Park,Frontierland,River Rogue Keelboats,0,False
2026-09-01,08:37,Disneyland Park,Frontierland,Rustler Roundup Shootin' Gallery,0,True
2026-09-01,08:37,Disneyland Park,Frontierland,Thunder Mesa Riverboat Landing,0,False
2026-09-01,08:37,Disneyland Park,Main Street U.S.A,Disneyland Railroad Main Street Station,0,False
2026-09-01,08:37,Disneyland Park,Main Street U.S.A,Main Street Vehicles,5,True
2026-09-01,08:37,Disney Adventure World,Marvel Avengers Campus,Avengers Assemble: Flight Force,5,True
2026-09-01,08:37,Disney Adventure World,Marvel Avengers Campus,Avengers Assemble: Flight Force Single Rider,5,True
2026-09-01,08:37,Disney Adventure World,Marvel Avengers Campus,Spider-Man W.E.B. Adventure,5,True
2026-09-01,08:37,Disney Adventure World,Marvel Avengers Campus,Spider-Man W.E.B. Adventure Single Rider,5,True
2026-09-01,08:37,Disney Adventure World,Production Courtyard,The Twilight Zone Tower of Terror,5,True
2026-09-01,08:37,Disney Adventure World,Toon Studio,Cars Quatre Roues Rallye,0,False
2026-09-01,08:37,Disney Adventure World,Toon Studio,Cars ROAD TRIP,0,False
2026-09-01,08:37,Disney Adventure World,Toon Studio,Crush's Coaster,60,True
2026-09-01,08:37,Disney Adventure World,Toon Studio,Crush's Coaster Single Rider,10,True
2026-09-01,08:37,Disney Adventure World,Toon Studio,Les Tapis Volants - Flying Carpets Over Agrabah®,0,False
2026-09-01,08:37,Disney Adventure World,Toon Studio,Ratatouille : L’Aventure Totalement Toquée de Rémy​,5,True
2026-09-01,08:37,Disney Adventure World,Toon Studio,Ratatouille: The Adventure Single Rider,5,True
2026-09-01,08:37,Disney Adventure World,Toon Studio,RC Racer,0,False
2026-09-01,08:37,Disney Adventure World,Toon Studio,RC Racer Single Rider,0,False
2026-09-01,08:37,Disney Adventure World,Toon Studio,Slinky® Dog Zigzag Spin,5,True
2026-09-01,08:37,Disney Adventure World,Toon Studio,Toy Soldiers Parachute Drop,0,False
2026-09-01,08:37,Disney Adventure World,Toon Studio,Toy Soldiers Parachute Drop Single Rider,0,False
2026-09-01,08:37,Disney Adventure World,World of Frozen,Entry to World of Frozen,0,True
2026-09-01,08:37,Disney Adventure World,World of Frozen,Frozen Ever After,5,True
2026-09-01,08:37,Disney Adventure World,World of Frozen,Raiponce Tangled Spin,5,True
2026-09-01,08:42,Disneyland Park,Adventureland,Adventure Isle,0,False
2026-09-01,08:42,Disneyland Park,Adventureland,Indiana Jones and the Temple of Peril Single Rider,0,False
2026-09-01,08:42,Disneyland Park,Adventureland,Indiana Jones™ and the Temple of Peril,0,False
2026-09-01,08:42,Disneyland Park,Adventureland,La Cabane des Robinson,0,False
2026-09-01,08:42,Disneyland Park,Adventureland,Le Passage Enchanté d'Aladdin,0,False
2026-09-01,08:42,Disneyland Park,Adventureland,Pirate Galleon,0,False
2026-09-01,08:42,Disneyland Park,Adventureland,Pirates of the Caribbean,0,False
2026-09-01,08:42,Disneyland Park,Adventureland,Pirates' Beach,0,False
2026-09-01,08:42,Disneyland Park,Discoveryland,"Autopia, presented by Avis",0,False
2026-09-01,08:42,Disneyland Park,Discoveryland,Buzz Lightyear Laser Blast,0,False
2026-09-01,08:42,Disneyland Park,Discoveryland,Disneyland Railroad Discoveryland Station,0,False
2026-09-01,08:42,Disneyland Park,Discoveryland,Les Mystères du Nautilus,0,False
2026-09-01,08:42,Disneyland Park,Discoveryland,Mickey’s PhilharMagic,0,False
2026-09-01,08:42,Disneyland Park,Discoveryland,Orbitron®,0,False
2026-09-01,08:42,Disneyland Park,Discoveryland,Star Tours: The Adventures Continue*,0,False
2026-09-01,08:42,Disneyland Park,Discoveryland,Star Wars Hyperspace Mountain,10,True
2026-09-01,08:42,Disneyland Park,Discoveryland,Star Wars Hyperspace Mountain Single Rider,0,True
2026-09-01,08:42,Disneyland Park,Discoveryland,Welcome to Starport: A Star Wars Encounter,0,False
2026-09-01,08:42,Disneyland Park,Fantasyland,"""it's a small world""",0,False
2026-09-01,08:42,Disneyland Park,Fantasyland,Alice's Curious Labyrinth,0,False
2026-09-01,08:42,Disneyland Park,Fantasyland,Blanche-Neige et les Sept Nains®,0,False
2026-09-01,08:42,Disneyland Park,Fantasyland,Casey Jr. – le Petit Train du Cirque,0,False
2026-09-01,08:42,Disneyland Park,Fantasyland,Disneyland Railroad Fantasyland Station,0,False
2026-09-01,08:42,Disneyland Park,Fantasyland,Disneyland Railroad Main Street Station,0,False
2026-09-01,08:42,Disneyland Park,Fantasyland,Dumbo the Flying Elephant,5,True
2026-09-01,08:42,Disneyland Park,Fantasyland,La Tanière du Dragon,0,True
2026-09-01,08:42,Disneyland Park,Fantasyland,Le Carrousel de Lancelot,0,False
2026-09-01,08:42,Disneyland Park,Fantasyland,"Le Pays des Contes de Fées, presented by Vittel",0,False
2026-09-01,08:42,Disneyland Park,Fantasyland,Les Voyages de Pinocchio,5,True
2026-09-01,08:42,Disneyland Park,Fantasyland,Mad Hatter's Tea Cups,5,True
2026-09-01,08:42,Disneyland Park,Fantasyland,Meet Mickey Mouse,0,False
2026-09-01,08:42,Disneyland Park,Fantasyland,Peter Pan's Flight,0,False
2026-09-01,08:42,Disneyland Park,Fantasyland,Princess Pavilion,0,False
2026-09-01,08:42,Disneyland Park,Frontierland,Big Thunder Mountain,0,False
2026-09-01,08:42,Disneyland Park,Frontierland,Disneyland Railroad Frontierland Depot,0,False
2026-09-01,08:42,Disneyland Park,Frontierland,Frontierland Playground,0,False
2026-09-01,08:42,Disneyland Park,Frontierland,Phantom Manor,0,False
2026-09-01,08:42,Disneyland Park,Frontierland,River Rogue Keelboats,0,False
2026-09-01,08:42,Disneyland Park,Frontierland,Rustler Roundup Shootin' Gallery,0,True
2026-09-01,08:42,Disneyland Park,Frontierland,Thunder Mesa Riverboat Landing,0,False
2026-09-01,08:42,Disneyland Park,Main Street U.S.A,Disneyland Railroad Main Street Station,0,False
2026-09-01,08:42,Disneyland Park,Main Street U.S.A,Main Street Vehicles,5,True
2026-09-01,08:42,Disney Adventure World,Marvel Avengers Campus,Avengers Assemble: Flight Force,5,True
2026-09-01,08:42,Disney Adventure World,Marvel Avengers Campus,Avengers Assemble: Flight Force Single Rider,5,True
2026-09-01,08:42,Disney Adventure World,Marvel Avengers Campus,Spider-Man W.E.B. Adventure,5,True
2026-09-01,08:42,Disney Adventure World,Marvel Avengers Campus,Spider-Man W.E.B. Adventure Single Rider,5,True
2026-09-01,08:42,Disney Adventure World,Production Courtyard,The Twilight Zone Tower of Terror,5,True
2026-09-01,08:42,Disney Adventure World,Toon Studio,Cars Quatre Roues Rallye,0,False
2026-09-01,08:42,Disney Adventure World,Toon Studio,Cars ROAD TRIP,0,False
2026-09-01,08:42,Disney Adventure World,Toon Studio,Crush's Coaster,60,True
2026-09-01,08:42,Disney Adventure World,Toon Studio,Crush's Coaster Single Rider,10,True
2026-09-01,08:42,Disney Adventure World,Toon Studio,Les Tapis Volants - Flying Carpets Over Agrabah®,0,False
2026-09-01,08:42,Disney Adventure World,Toon Studio,Ratatouille : L’Aventure Totalement Toquée de Rémy​,10,True
2026-09-01,08:42,Disney Adventure World,Toon Studio,Ratatouille: The Adventure Single Rider,5,True
2026-09-01,08:42,Disney Adventure World,Toon Studio,RC Racer,0,False
2026-09-01,08:42,Disney Adventure World,Toon Studio,RC Racer Single Rider,0,False
2026-09-01,08:42,Disney Adventure World,Toon Studio,Slinky® Dog Zigzag Spin,5,True
2026-09-01,08:42,Disney Adventure World,Toon Studio,Toy Soldiers Parachute Drop,0,False
2026-09-01,08:42,Disney Adventure World,Toon Studio,Toy Soldiers Parachute Drop Single Rider,0,False
2026-09-01,08:42,Disney Adventure World,World of Frozen,Entry to World of Frozen,0,True
2026-09-01,08:42,Disney Adventure World,World of Frozen,Frozen Ever After,40,True
2026-09-01,08:42,Disney Adventure World,World of Frozen,Raiponce Tangled Spin,5,True
2026-09-01,08:47,Disneyland Park,Adventureland,Adventure Isle,0,False
2026-09-01,08:47,Disneyland Park,Adventureland,Indiana Jones and the Temple of Peril Single Rider,0,False
2026-09-01,08:47,Disneyland Park,Adventureland,Indiana Jones™ and the Temple of Peril,0,False
2026-09-01,08:47,Disneyland Park,Adventureland,La Cabane des Robinson,0,False
2026-09-01,08:47,Disneyland Park,Adventureland,Le Passage Enchanté d'Aladdin,0,False
2026-09-01,08:47,Disneyland Park,Adventureland,Pirate Galleon,0,False
2026-09-01,08:47,Disneyland Park,Adventureland,Pirates of the Caribbean,0,False
2026-09-01,08:47,Disneyland Park,Adventureland,Pirates' Beach,0,False
2026-09-01,08:47,Disneyland Park,Discoveryland,"Autopia, presented by Avis",0,False
2026-09-01,08:47,Disneyland Park,Discoveryland,Buzz Lightyear Laser Blast,0,False
2026-09-01,08:47,Disneyland Park,Discoveryland,Disneyland Railroad Discoveryland Station,0,False
2026-09-01,08:47,Disneyland Park,Discoveryland,Les Mystères du Nautilus,0,False
2026-09-01,08:47,Disneyland Park,Discoveryland,Mickey’s PhilharMagic,0,False
2026-09-01,08:47,Disneyland Park,Discoveryland,Orbitron®,0,False
2026-09-01,08:47,Disneyland Park,Discoveryland,Star Tours: The Adventures Continue*,0,False
2026-09-01,08:47,Disneyland Park,Discoveryland,Star Wars Hyperspace Mountain,10,True
2026-09-01,08:47,Disneyland Park,Discoveryland,Star Wars Hyperspace Mountain Single Rider,0,True
2026-09-01,08:47,Disneyland Park,Discoveryland,Welcome to Starport: A Star Wars Encounter,0,False
2026-09-01,08:47,Disneyland Park,Fantasyland,"""it's a small world""",0,False
2026-09-01,08:47,Disneyland Park,Fantasyland,Alice's Curious Labyrinth,0,False
2026-09-01,08:47,Disneyland Park,Fantasyland,Blanche-Neige et les Sept Nains®,0,False
2026-09-01,08:47,Disneyland Park,Fantasyland,Casey Jr. – le Petit Train du Cirque,0,False
2026-09-01,08:47,Disneyland Park,Fantasyland,Disneyland Railroad Fantasyland Station,0,False
2026-09-01,08:47,Disneyland Park,Fantasyland,Disneyland Railroad Main Street Station,0,False
2026-09-01,08:47,Disneyland Park,Fantasyland,Dumbo the Flying Elephant,10,True
2026-09-01,08:47,Disneyland Park,Fantasyland,La Tanière du Dragon,0,True
2026-09-01,08:47,Disneyland Park,Fantasyland,Le Carrousel de Lancelot,0,False
2026-09-01,08:47,Disneyland Park,Fantasyland,"Le Pays des Contes de Fées, presented by Vittel",0,False
2026-09-01,08:47,Disneyland Park,Fantasyland,Les Voyages de Pinocchio,5,True
2026-09-01,08:47,Disneyland Park,Fantasyland,Mad Hatter's Tea Cups,5,True
2026-09-01,08:47,Disneyland Park,Fantasyland,Meet Mickey Mouse,0,False
2026-09-01,08:47,Disneyland Park,Fantasyland,Peter Pan's Flight,0,False
2026-09-01,08:47,Disneyland Park,Fantasyland,Princess Pavilion,0,False
2026-09-01,08:47,Disneyland Park,Frontierland,Big Thunder Mountain,0,False
2026-09-01,08:47,Disneyland Park,Frontierland,Disneyland Railroad Frontierland Depot,0,False
2026-09-01,08:47,Disneyland Park,Frontierland,Frontierland Playground,0,False
2026-09-01,08:47,Disneyland Park,Frontierland,Phantom Manor,0,False
2026-09-01,08:47,Disneyland Park,Frontierland,River Rogue Keelboats,0,False
2026-09-01,08:47,Disneyland Park,Frontierland,Rustler Roundup Shootin' Gallery,0,True
2026-09-01,08:47,Disneyland Park,Frontierland,Thunder Mesa Riverboat Landing,0,False
2026-09-01,08:47,Disneyland Park,Main Street U.S.A,Disneyland Railroad Main Street Station,0,False
2026-09-01,08:47,Disneyland Park,Main Street U.S.A,Main Street Vehicles,5,True
2026-09-01,08:47,Disney Adventure World,Marvel Avengers Campus,Avengers Assemble: Flight Force,5,True
2026-09-01,08:47,Disney Adventure World,Marvel Avengers Campus,Avengers Assemble: Flight Force Single Rider,5,True
2026-09-01,08:47,Disney Adventure World,Marvel Avengers Campus,Spider-Man W.E.B. Adventure,5,True
2026-09-01,08:47,Disney Adventure World,Marvel Avengers Campus,Spider-Man W.E.B. Adventure Single Rider,5,True
2026-09-01,08:47,Disney Adventure World,Production Courtyard,The Twilight Zone Tower of Terror,5,True
2026-09-01,08:47,Disney Adventure World,Toon Studio,Cars Quatre Roues Rallye,0,False
2026-09-01,08:47,Disney Adventure World,Toon Studio,Cars ROAD TRIP,0,False
2026-09-01,08:47,Disney Adventure World,Toon Studio,Crush's Coaster,70,True
2026-09-01,08:47,Disney Adventure World,Toon Studio,Crush's Coaster Single Rider,55,True
2026-09-01,08:47,Disney Adventure World,Toon Studio,Les Tapis Volants - Flying Carpets Over Agrabah®,0,False
2026-09-01,08:47,Disney Adventure World,Toon Studio,Ratatouille : L’Aventure Totalement Toquée de Rémy​,10,True
2026-09-01,08:47,Disney Adventure World,Toon Studio,Ratatouille: The Adventure Single Rider,5,True
2026-09-01,08:47,Disney Adventure World,Toon Studio,RC Racer,0,False
2026-09-01,08:47,Disney Adventure World,Toon Studio,RC Racer Single Rider,0,False
2026-09-01,08:47,Disney Adventure World,Toon Studio,Slinky® Dog Zigzag Spin,5,True
2026-09-01,08:47,Disney Adventure World,Toon Studio,Toy Soldiers Parachute Drop,0,False
2026-09-01,08:47,Disney Adventure World,Toon Studio,Toy Soldiers Parachute Drop Single Rider,0,False
2026-09-01,08:47,Disney Adventure World,World of Frozen,Entry to World of Frozen,0,True
2026-09-01,08:47,Disney Adventure World,World of Frozen,Frozen Ever After,60,True
2026-09-01,08:47,Disney Adventure World,World of Frozen,Raiponce Tangled Spin,5,True
2026-09-01,08:52,Disneyland Park,Adventureland,Adventure Isle,0,False
2026-09-01,08:52,Disneyland Park,Adventureland,Indiana Jones and the Temple of Peril Single Rider,0,False
2026-09-01,08:52,Disneyland Park,Adventureland,Indiana Jones™ and the Temple of Peril,0,False
2026-09-01,08:52,Disneyland Park,Adventureland,La Cabane des Robinson,0,False
2026-09-01,08:52,Disneyland Park,Adventureland,Le Passage Enchanté d'Aladdin,0,False
2026-09-01,08:52,Disneyland Park,Adventureland,Pirate Galleon,0,False
2026-09-01,08:52,Disneyland Park,Adventureland,Pirates of the Caribbean,0,False
2026-09-01,08:52,Disneyland Park,Adventureland,Pirates' Beach,0,False
2026-09-01,08:52,Disneyland Park,Discoveryland,"Autopia, presented by Avis",0,False
2026-09-01,08:52,Disneyland Park,Discoveryland,Buzz Lightyear Laser Blast,0,False
2026-09-01,08:52,Disneyland Park,Discoveryland,Disneyland Railroad Discoveryland Station,0,False
2026-09-01,08:52,Disneyland Park,Discoveryland,Les Mystères du Nautilus,0,False
2026-09-01,08:52,Disneyland Park,Discoveryland,Mickey’s PhilharMagic,0,False
2026-09-01,08:52,Disneyland Park,Discoveryland,Orbitron®,0,False
2026-09-01,08:52,Disneyland Park,Discoveryland,Star Tours: The Adventures Continue*,0,False
2026-09-01,08:52,Disneyland Park,Discoveryland,Star Wars Hyperspace Mountain,10,True
2026-09-01,08:52,Disneyland Park,Discoveryland,Star Wars Hyperspace Mountain Single Rider,0,True
2026-09-01,08:52,Disneyland Park,Discoveryland,Welcome to Starport: A Star Wars Encounter,0,False
2026-09-01,08:52,Disneyland Park,Fantasyland,"""it's a small world""",0,False
2026-09-01,08:52,Disneyland Park,Fantasyland,Alice's Curious Labyrinth,0,False
2026-09-01,08:52,Disneyland Park,Fantasyland,Blanche-Neige et les Sept Nains®,0,False
2026-09-01,08:52,Disneyland Park,Fantasyland,Casey Jr. – le Petit Train du Cirque,0,False
2026-09-01,08:52,Disneyland Park,Fantasyland,Disneyland Railroad Fantasyland Station,0,False
2026-09-01,08:52,Disneyland Park,Fantasyland,Disneyland Railroad Main Street Station,0,False
2026-09-01,08:52,Disneyland Park,Fantasyland,Dumbo the Flying Elephant,10,True
2026-09-01,08:52,Disneyland Park,Fantasyland,La Tanière du Dragon,0,True
2026-09-01,08:52,Disneyland Park,Fantasyland,Le Carrousel de Lancelot,0,False
2026-09-01,08:52,Disneyland Park,Fantasyland,"Le Pays des Contes de Fées, presented by Vittel",0,False
2026-09-01,08:52,Disneyland Park,Fantasyland,Les Voyages de Pinocchio,5,True
2026-09-01,08:52,Disneyland Park,Fantasyland,Mad Hatter's Tea Cups,5,True
2026-09-01,08:52,Disneyland Park,Fantasyland,Meet Mickey Mouse,0,False
2026-09-01,08:52,Disneyland Park,Fantasyland,Peter Pan's Flight,0,False
2026-09-01,08:52,Disneyland Park,Fantasyland,Princess Pavilion,0,False
2026-09-01,08:52,Disneyland Park,Frontierland,Big Thunder Mountain,0,False
2026-09-01,08:52,Disneyland Park,Frontierland,Disneyland Railroad Frontierland Depot,0,False
2026-09-01,08:52,Disneyland Park,Frontierland,Frontierland Playground,0,False
2026-09-01,08:52,Disneyland Park,Frontierland,Phantom Manor,0,False
2026-09-01,08:52,Disneyland Park,Frontierland,River Rogue Keelboats,0,False
2026-09-01,08:52,Disneyland Park,Frontierland,Rustler Roundup Shootin' Gallery,0,True
2026-09-01,08:52,Disneyland Park,Frontierland,Thunder Mesa Riverboat Landing,0,False
2026-09-01,08:52,Disneyland Park,Main Street U.S.A,Disneyland Railroad Main Street Station,0,False
2026-09-01,08:52,Disneyland Park,Main Street U.S.A,Main Street Vehicles,5,True
2026-09-01,08:52,Disney Adventure World,Marvel Avengers Campus,Avengers Assemble: Flight Force,5,True
2026-09-01,08:52,Disney Adventure World,Marvel Avengers Campus,Avengers Assemble: Flight Force Single Rider,5,True
2026-09-01,08:52,Disney Adventure World,Marvel Avengers Campus,Spider-Man W.E.B. Adventure,5,True
2026-09-01,08:52,Disney Adventure World,Marvel Avengers Campus,Spider-Man W.E.B. Adventure Single Rider,5,True
2026-09-01,08:52,Disney Adventure World,Production Courtyard,The Twilight Zone Tower of Terror,5,True
2026-09-01,08:52,Disney Adventure World,Toon Studio,Cars Quatre Roues Rallye,0,False
2026-09-01,08:52,Disney Adventure World,Toon Studio,Cars ROAD TRIP,0,False
2026-09-01,08:52,Disney Adventure World,Toon Studio,Crush's Coaster,60,True
2026-09-01,08:52,Disney Adventure World,Toon Studio,Crush's Coaster Single Rider,55,True
2026-09-01,08:52,Disney Adventure World,Toon Studio,Les Tapis Volants - Flying Carpets Over Agrabah®,0,False
2026-09-01,08:52,Disney Adventure World,Toon Studio,Ratatouille : L’Aventure Totalement Toquée de Rémy​,10,True
2026-09-01,08:52,Disney Adventure World,Toon Studio,Ratatouille: The Adventure Single Rider,5,True
2026-09-01,08:52,Disney Adventure World,Toon Studio,RC Racer,0,False
2026-09-01,08:52,Disney Adventure World,Toon Studio,RC Racer Single Rider,0,False
2026-09-01,08:52,Disney Adventure World,Toon Studio,Slinky® Dog Zigzag Spin,5,True
2026-09-01,08:52,Disney Adventure World,Toon Studio,Toy Soldiers Parachute Drop,0,False
2026-09-01,08:52,Disney Adventure World,Toon Studio,Toy Soldiers Parachute Drop Single Rider,0,False
2026-09-01,08:52,Disney Adventure World,World of Frozen,Entry to World of Frozen,0,True
2026-09-01,08:52,Disney Adventure World,World of Frozen,Frozen Ever After,60,True
2026-09-01,08:52,Disney Adventure World,World of Frozen,Raiponce Tangled Spin,5,True
2026-09-01,08:57,Disneyland Park,Adventureland,Adventure Isle,0,False
2026-09-01,08:57,Disneyland Park,Adventureland,Indiana Jones and the Temple of Peril Single Rider,0,False
2026-09-01,08:57,Disneyland Park,Adventureland,Indiana Jones™ and the Temple of Peril,0,False
2026-09-01,08:57,Disneyland Park,Adventureland,La Cabane des Robinson,0,False
2026-09-01,08:57,Disneyland Park,Adventureland,Le Passage Enchanté d'Aladdin,0,False
2026-09-01,08:57,Disneyland Park,Adventureland,Pirate Galleon,0,False
2026-09-01,08:57,Disneyland Park,Adventureland,Pirates of the Caribbean,0,False
2026-09-01,08:57,Disneyland Park,Adventureland,Pirates' Beach,0,False
2026-09-01,08:57,Disneyland Park,Discoveryland,"Autopia, presented by Avis",0,False
2026-09-01,08:57,Disneyland Park,Discoveryland,Buzz Lightyear Laser Blast,0,False
2026-09-01,08:57,Disneyland Park,Discoveryland,Disneyland Railroad Discoveryland Station,0,False
2026-09-01,08:57,Disneyland Park,Discoveryland,Les Mystères du Nautilus,0,False
2026-09-01,08:57,Disneyland Park,Discoveryland,Mickey’s PhilharMagic,0,False
2026-09-01,08:57,Disneyland Park,Discoveryland,Orbitron®,0,False
2026-09-01,08:57,Disneyland Park,Discoveryland,Star Tours: The Adventures Continue*,0,False
2026-09-01,08:57,Disneyland Park,Discoveryland,Star Wars Hyperspace Mountain,10,True
2026-09-01,08:57,Disneyland Park,Discoveryland,Star Wars Hyperspace Mountain Single Rider,0,True
2026-09-01,08:57,Disneyland Park,Discoveryland,Welcome to Starport: A Star Wars Encounter,0,False
2026-09-01,08:57,Disneyland Park,Fantasyland,"""it's a small world""",0,False
2026-09-01,08:57,Disneyland Park,Fantasyland,Alice's Curious Labyrinth,0,False
2026-09-01,08:57,Disneyland Park,Fantasyland,Blanche-Neige et les Sept Nains®,0,False
2026-09-01,08:57,Disneyland Park,Fantasyland,Casey Jr. – le Petit Train du Cirque,0,False
2026-09-01,08:57,Disneyland Park,Fantasyland,Disneyland Railroad Fantasyland Station,0,False
2026-09-01,08:57,Disneyland Park,Fantasyland,Disneyland Railroad Main Street Station,0,False
2026-09-01,08:57,Disneyland Park,Fantasyland,Dumbo the Flying Elephant,10,True
2026-09-01,08:57,Disneyland Park,Fantasyland,La Tanière du Dragon,0,True
2026-09-01,08:57,Disneyland Park,Fantasyland,Le Carrousel de Lancelot,0,False
2026-09-01,08:57,Disneyland Park,Fantasyland,"Le Pays des Contes de Fées, presented by Vittel",0,False
2026-09-01,08:57,Disneyland Park,Fantasyland,Les Voyages de Pinocchio,5,True
2026-09-01,08:57,Disneyland Park,Fantasyland,Mad Hatter's Tea Cups,5,True
2026-09-01,08:57,Disneyland Park,Fantasyland,Meet Mickey Mouse,0,False
2026-09-01,08:57,Disneyland Park,Fantasyland,Peter Pan's Flight,0,False
2026-09-01,08:57,Disneyland Park,Fantasyland,Princess Pavilion,0,False
2026-09-01,08:57,Disneyland Park,Frontierland,Big Thunder Mountain,0,False
2026-09-01,08:57,Disneyland Park,Frontierland,Disneyland Railroad Frontierland Depot,0,False
2026-09-01,08:57,Disneyland Park,Frontierland,Frontierland Playground,0,False
2026-09-01,08:57,Disneyland Park,Frontierland,Phantom Manor,0,False
2026-09-01,08:57,Disneyland Park,Frontierland,River Rogue Keelboats,0,False
2026-09-01,08:57,Disneyland Park,Frontierland,Rustler Roundup Shootin' Gallery,0,True
2026-09-01,08:57,Disneyland Park,Frontierland,Thunder Mesa Riverboat Landing,0,False
2026-09-01,08:57,Disneyland Park,Main Street U.S.A,Disneyland Railroad Main Street Station,0,False
2026-09-01,08:57,Disneyland Park,Main Street U.S.A,Main Street Vehicles,5,True
2026-09-01,08:57,Disney Adventure World,Marvel Avengers Campus,Avengers Assemble: Flight Force,5,True
2026-09-01,08:57,Disney Adventure World,Marvel Avengers Campus,Avengers Assemble: Flight Force Single Rider,5,True
2026-09-01,08:57,Disney Adventure World,Marvel Avengers Campus,Spider-Man W.E.B. Adventure,5,True
2026-09-01,08:57,Disney Adventure World,Marvel Avengers Campus,Spider-Man W.E.B. Adventure Single Rider,5,True
2026-09-01,08:57,Disney Adventure World,Production Courtyard,The Twilight Zone Tower of Terror,5,True
2026-09-01,08:57,Disney Adventure World,Toon Studio,Cars Quatre Roues Rallye,0,False
2026-09-01,08:57,Disney Adventure World,Toon Studio,Cars ROAD TRIP,0,False
2026-09-01,08:57,Disney Adventure World,Toon Studio,Crush's Coaster,60,True
2026-09-01,08:57,Disney Adventure World,Toon Studio,Crush's Coaster Single Rider,45,True
2026-09-01,08:57,Disney Adventure World,Toon Studio,Les Tapis Volants - Flying Carpets Over Agrabah®,0,False
2026-09-01,08:57,Disney Adventure World,Toon Studio,Ratatouille : L’Aventure Totalement Toquée de Rémy​,10,True
2026-09-01,08:57,Disney Adventure World,Toon Studio,Ratatouille: The Adventure Single Rider,5,True
2026-09-01,08:57,Disney Adventure World,Toon Studio,RC Racer,0,False
2026-09-01,08:57,Disney Adventure World,Toon Studio,RC Racer Single Rider,0,False
2026-09-01,08:57,Disney Adventure World,Toon Studio,Slinky® Dog Zigzag Spin,5,True
2026-09-01,08:57,Disney Adventure World,Toon Studio,Toy Soldiers Parachute Drop,0,False
2026-09-01,08:57,Disney Adventure World,Toon Studio,Toy Soldiers Parachute Drop Single Rider,0,False
2026-09-01,08:57,Disney Adventure World,World of Frozen,Entry to World of Frozen,0,True
2026-09-01,08:57,Disney Adventure World,World of Frozen,Frozen Ever After,65,True
2026-09-01,08:57,Disney Adventure World,World of Frozen,Raiponce Tangled Spin,5,True
2026-09-01,09:02,Disneyland Park,Adventureland,Adventure Isle,0,False
2026-09-01,09:02,Disneyland Park,Adventureland,Indiana Jones and the Temple of Peril Single Rider,0,False
2026-09-01,09:02,Disneyland Park,Adventureland,Indiana Jones™ and the Temple of Peril,0,False
2026-09-01,09:02,Disneyland Park,Adventureland,La Cabane des Robinson,0,False
2026-09-01,09:02,Disneyland Park,Adventureland,Le Passage Enchanté d'Aladdin,0,False
2026-09-01,09:02,Disneyland Park,Adventureland,Pirate Galleon,0,False
2026-09-01,09:02,Disneyland Park,Adventureland,Pirates of the Caribbean,0,False
2026-09-01,09:02,Disneyland Park,Adventureland,Pirates' Beach,0,False
2026-09-01,09:02,Disneyland Park,Discoveryland,"Autopia, presented by Avis",0,False
2026-09-01,09:02,Disneyland Park,Discoveryland,Buzz Lightyear Laser Blast,0,False
2026-09-01,09:02,Disneyland Park,Discoveryland,Disneyland Railroad Discoveryland Station,0,False
2026-09-01,09:02,Disneyland Park,Discoveryland,Les Mystères du Nautilus,0,False
2026-09-01,09:02,Disneyland Park,Discoveryland,Mickey’s PhilharMagic,0,False
2026-09-01,09:02,Disneyland Park,Discoveryland,Orbitron®,0,False
2026-09-01,09:02,Disneyland Park,Discoveryland,Star Tours: The Adventures Continue*,0,False
2026-09-01,09:02,Disneyland Park,Discoveryland,Star Wars Hyperspace Mountain,10,True
2026-09-01,09:02,Disneyland Park,Discoveryland,Star Wars Hyperspace Mountain Single Rider,0,True
2026-09-01,09:02,Disneyland Park,Discoveryland,Welcome to Starport: A Star Wars Encounter,0,False
2026-09-01,09:02,Disneyland Park,Fantasyland,"""it's a small world""",0,False
2026-09-01,09:02,Disneyland Park,Fantasyland,Alice's Curious Labyrinth,0,False
2026-09-01,09:02,Disneyland Park,Fantasyland,Blanche-Neige et les Sept Nains®,0,False
2026-09-01,09:02,Disneyland Park,Fantasyland,Casey Jr. – le Petit Train du Cirque,0,False
2026-09-01,09:02,Disneyland Park,Fantasyland,Disneyland Railroad Fantasyland Station,0,False
2026-09-01,09:02,Disneyland Park,Fantasyland,Disneyland Railroad Main Street Station,0,False
2026-09-01,09:02,Disneyland Park,Fantasyland,Dumbo the Flying Elephant,10,True
2026-09-01,09:02,Disneyland Park,Fantasyland,La Tanière du Dragon,0,True
2026-09-01,09:02,Disneyland Park,Fantasyland,Le Carrousel de Lancelot,0,False
2026-09-01,09:02,Disneyland Park,Fantasyland,"Le Pays des Contes de Fées, presented by Vittel",0,False
2026-09-01,09:02,Disneyland Park,Fantasyland,Les Voyages de Pinocchio,5,True
2026-09-01,09:02,Disneyland Park,Fantasyland,Mad Hatter's Tea Cups,5,True
2026-09-01,09:02,Disneyland Park,Fantasyland,Meet Mickey Mouse,0,False
2026-09-01,09:02,Disneyland Park,Fantasyland,Peter Pan's Flight,0,False
2026-09-01,09:02,Disneyland Park,Fantasyland,Princess Pavilion,0,False
2026-09-01,09:02,Disneyland Park,Frontierland,Big Thunder Mountain,0,False
2026-09-01,09:02,Disneyland Park,Frontierland,Disneyland Railroad Frontierland Depot,0,False
2026-09-01,09:02,Disneyland Park,Frontierland,Frontierland Playground,0,False
2026-09-01,09:02,Disneyland Park,Frontierland,Phantom Manor,0,False
2026-09-01,09:02,Disneyland Park,Frontierland,River Rogue Keelboats,0,False
2026-09-01,09:02,Disneyland Park,Frontierland,Rustler Roundup Shootin' Gallery,0,True
2026-09-01,09:02,Disneyland Park,Frontierland,Thunder Mesa Riverboat Landing,0,False
2026-09-01,09:02,Disneyland Park,Main Street U.S.A,Disneyland Railroad Main Street Station,0,False
2026-09-01,09:02,Disneyland Park,Main Street U.S.A,Main Street Vehicles,5,True
2026-09-01,09:02,Disney Adventure World,Marvel Avengers Campus,Avengers Assemble: Flight Force,5,True
2026-09-01,09:02,Disney Adventure World,Marvel Avengers Campus,Avengers Assemble: Flight Force Single Rider,5,True
2026-09-01,09:02,Disney Adventure World,Marvel Avengers Campus,Spider-Man W.E.B. Adventure,10,True
2026-09-01,09:02,Disney Adventure World,Marvel Avengers Campus,Spider-Man W.E.B. Adventure Single Rider,5,True
2026-09-01,09:02,Disney Adventure World,Production Courtyard,The Twilight Zone Tower of Terror,5,True
2026-09-01,09:02,Disney Adventure World,Toon Studio,Cars Quatre Roues Rallye,0,False
2026-09-01,09:02,Disney Adventure World,Toon Studio,Cars ROAD TRIP,0,False
2026-09-01,09:02,Disney Adventure World,Toon Studio,Crush's Coaster,50,True
2026-09-01,09:02,Disney Adventure World,Toon Studio,Crush's Coaster Single Rider,45,True
2026-09-01,09:02,Disney Adventure World,Toon Studio,Les Tapis Volants - Flying Carpets Over Agrabah®,0,False
2026-09-01,09:02,Disney Adventure World,Toon Studio,Ratatouille : L’Aventure Totalement Toquée de Rémy​,10,True
2026-09-01,09:02,Disney Adventure World,Toon Studio,Ratatouille: The Adventure Single Rider,5,True
2026-09-01,09:02,Disney Adventure World,Toon Studio,RC Racer,0,False
2026-09-01,09:02,Disney Adventure World,Toon Studio,RC Racer Single Rider,0,False
2026-09-01,09:02,Disney Adventure World,Toon Studio,Slinky® Dog Zigzag Spin,5,True
2026-09-01,09:02,Disney Adventure World,Toon Studio,Toy Soldiers Parachute Drop,0,False
2026-09-01,09:02,Disney Adventure World,Toon Studio,Toy Soldiers Parachute Drop Single Rider,0,False
2026-09-01,09:02,Disney Adventure World,World of Frozen,Entry to World of Frozen,0,True
2026-09-01,09:02,Disney Adventure World,World of Frozen,Frozen Ever After,70,True
2026-09-01,09:02,Disney Adventure World,World of Frozen,Raiponce Tangled Spin,5,True
2026-09-01,09:07,Disneyland Park,Adventureland,Adventure Isle,0,False
2026-09-01,09:07,Disneyland Park,Adventureland,Indiana Jones and the Temple of Peril Single Rider,0,False
2026-09-01,09:07,Disneyland Park,Adventureland,Indiana Jones™ and the Temple of Peril,0,False
2026-09-01,09:07,Disneyland Park,Adventureland,La Cabane des Robinson,0,False
2026-09-01,09:07,Disneyland Park,Adventureland,Le Passage Enchanté d'Aladdin,0,False
2026-09-01,09:07,Disneyland Park,Adventureland,Pirate Galleon,0,False
2026-09-01,09:07,Disneyland Park,Adventureland,Pirates of the Caribbean,0,False
2026-09-01,09:07,Disneyland Park,Adventureland,Pirates' Beach,0,False
2026-09-01,09:07,Disneyland Park,Discoveryland,"Autopia, presented by Avis",0,False
2026-09-01,09:07,Disneyland Park,Discoveryland,Buzz Lightyear Laser Blast,0,False
2026-09-01,09:07,Disneyland Park,Discoveryland,Disneyland Railroad Discoveryland Station,0,False
2026-09-01,09:07,Disneyland Park,Discoveryland,Les Mystères du Nautilus,0,False
2026-09-01,09:07,Disneyland Park,Discoveryland,Mickey’s PhilharMagic,0,False
2026-09-01,09:07,Disneyland Park,Discoveryland,Orbitron®,0,False
2026-09-01,09:07,Disneyland Park,Discoveryland,Star Tours: The Adventures Continue*,0,False
2026-09-01,09:07,Disneyland Park,Discoveryland,Star Wars Hyperspace Mountain,10,True
2026-09-01,09:07,Disneyland Park,Discoveryland,Star Wars Hyperspace Mountain Single Rider,0,True
2026-09-01,09:07,Disneyland Park,Discoveryland,Welcome to Starport: A Star Wars Encounter,0,False
2026-09-01,09:07,Disneyland Park,Fantasyland,"""it's a small world""",0,False
2026-09-01,09:07,Disneyland Park,Fantasyland,Alice's Curious Labyrinth,0,False
2026-09-01,09:07,Disneyland Park,Fantasyland,Blanche-Neige et les Sept Nains®,0,False
2026-09-01,09:07,Disneyland Park,Fantasyland,Casey Jr. – le Petit Train du Cirque,0,False
2026-09-01,09:07,Disneyland Park,Fantasyland,Disneyland Railroad Fantasyland Station,0,False
2026-09-01,09:07,Disneyland Park,Fantasyland,Disneyland Railroad Main Street Station,0,False
2026-09-01,09:07,Disneyland Park,Fantasyland,Dumbo the Flying Elephant,10,True
2026-09-01,09:07,Disneyland Park,Fantasyland,La Tanière du Dragon,0,True
2026-09-01,09:07,Disneyland Park,Fantasyland,Le Carrousel de Lancelot,0,False
2026-09-01,09:07,Disneyland Park,Fantasyland,"Le Pays des Contes de Fées, presented by Vittel",0,False
2026-09-01,09:07,Disneyland Park,Fantasyland,Les Voyages de Pinocchio,10,True
2026-09-01,09:07,Disneyland Park,Fantasyland,Mad Hatter's Tea Cups,5,True
2026-09-01,09:07,Disneyland Park,Fantasyland,Meet Mickey Mouse,0,False
2026-09-01,09:07,Disneyland Park,Fantasyland,Peter Pan's Flight,0,False
2026-09-01,09:07,Disneyland Park,Fantasyland,Princess Pavilion,0,False
2026-09-01,09:07,Disneyland Park,Frontierland,Big Thunder Mountain,35,True
2026-09-01,09:07,Disneyland Park,Frontierland,Disneyland Railroad Frontierland Depot,0,False
2026-09-01,09:07,Disneyland Park,Frontierland,Frontierland Playground,0,False
2026-09-01,09:07,Disneyland Park,Frontierland,Phantom Manor,0,False
2026-09-01,09:07,Disneyland Park,Frontierland,River Rogue Keelboats,0,False
2026-09-01,09:07,Disneyland Park,Frontierland,Rustler Roundup Shootin' Gallery,0,True
2026-09-01,09:07,Disneyland Park,Frontierland,Thunder Mesa Riverboat Landing,0,False
2026-09-01,09:07,Disneyland Park,Main Street U.S.A,Disneyland Railroad Main Street Station,0,False
2026-09-01,09:07,Disneyland Park,Main Street U.S.A,Main Street Vehicles,5,True
2026-09-01,09:07,Disney Adventure World,Marvel Avengers Campus,Avengers Assemble: Flight Force,5,True
2026-09-01,09:07,Disney Adventure World,Marvel Avengers Campus,Avengers Assemble: Flight Force Single Rider,5,True
2026-09-01,09:07,Disney Adventure World,Marvel Avengers Campus,Spider-Man W.E.B. Adventure,15,True
2026-09-01,09:07,Disney Adventure World,Marvel Avengers Campus,Spider-Man W.E.B. Adventure Single Rider,5,True
2026-09-01,09:07,Disney Adventure World,Production Courtyard,The Twilight Zone Tower of Terror,5,True
2026-09-01,09:07,Disney Adventure World,Toon Studio,Cars Quatre Roues Rallye,0,False
2026-09-01,09:07,Disney Adventure World,Toon Studio,Cars ROAD TRIP,0,False
2026-09-01,09:07,Disney Adventure World,Toon Studio,Crush's Coaster,45,True
2026-09-01,09:07,Disney Adventure World,Toon Studio,Crush's Coaster Single Rider,40,True
2026-09-01,09:07,Disney Adventure World,Toon Studio,Les Tapis Volants - Flying Carpets Over Agrabah®,0,False
2026-09-01,09:07,Disney Adventure World,Toon Studio,Ratatouille : L’Aventure Totalement Toquée de Rémy​,20,True
2026-09-01,09:07,Disney Adventure World,Toon Studio,Ratatouille: The Adventure Single Rider,5,True
2026-09-01,09:07,Disney Adventure World,Toon Studio,RC Racer,0,False
2026-09-01,09:07,Disney Adventure World,Toon Studio,RC Racer Single Rider,0,False
2026-09-01,09:07,Disney Adventure World,Toon Studio,Slinky® Dog Zigzag Spin,5,True
2026-09-01,09:07,Disney Adventure World,Toon Studio,Toy Soldiers Parachute Drop,0,False
2026-09-01,09:07,Disney Adventure World,Toon Studio,Toy Soldiers Parachute Drop Single Rider,0,False
2026-09-01,09:07,Disney Adventure World,World of Frozen,Entry to World of Frozen,0,True
2026-09-01,09:07,Disney Adventure World,World of Frozen,Frozen Ever After,70,True
2026-09-01,09:07,Disney Adventure World,World of Frozen,Raiponce Tangled Spin,5,True
2026-09-01,09:12,Disneyland Park,Adventureland,Adventure Isle,0,False
2026-09-01,09:12,Disneyland Park,Adventureland,Indiana Jones and the Temple of Peril Single Rider,0,False
2026-09-01,09:12,Disneyland Park,Adventureland,Indiana Jones™ and the Temple of Peril,0,False
2026-09-01,09:12,Disneyland Park,Adventureland,La Cabane des Robinson,0,True
2026-09-01,09:12,Disneyland Park,Adventureland,Le Passage Enchanté d'Aladdin,0,True
2026-09-01,09:12,Disneyland Park,Adventureland,Pirate Galleon,0,False
2026-09-01,09:12,Disneyland Park,Adventureland,Pirates of the Caribbean,0,False
2026-09-01,09:12,Disneyland Park,Adventureland,Pirates' Beach,0,False
2026-09-01,09:12,Disneyland Park,Discoveryland,"Autopia, presented by Avis",0,False
2026-09-01,09:12,Disneyland Park,Discoveryland,Buzz Lightyear Laser Blast,0,False
2026-09-01,09:12,Disneyland Park,Discoveryland,Disneyland Railroad Discoveryland Station,0,False
2026-09-01,09:12,Disneyland Park,Discoveryland,Les Mystères du Nautilus,0,False
2026-09-01,09:12,Disneyland Park,Discoveryland,Mickey’s PhilharMagic,0,False
2026-09-01,09:12,Disneyland Park,Discoveryland,Orbitron®,0,False
2026-09-01,09:12,Disneyland Park,Discoveryland,Star Tours: The Adventures Continue*,0,False
2026-09-01,09:12,Disneyland Park,Discoveryland,Star Wars Hyperspace Mountain,10,True
2026-09-01,09:12,Disneyland Park,Discoveryland,Star Wars Hyperspace Mountain Single Rider,0,True
2026-09-01,09:12,Disneyland Park,Discoveryland,Welcome to Starport: A Star Wars Encounter,0,False
2026-09-01,09:12,Disneyland Park,Fantasyland,"""it's a small world""",0,False
2026-09-01,09:12,Disneyland Park,Fantasyland,Alice's Curious Labyrinth,0,False
2026-09-01,09:12,Disneyland Park,Fantasyland,Blanche-Neige et les Sept Nains®,0,False
2026-09-01,09:12,Disneyland Park,Fantasyland,Casey Jr. – le Petit Train du Cirque,0,False
2026-09-01,09:12,Disneyland Park,Fantasyland,Disneyland Railroad Fantasyland Station,0,False
2026-09-01,09:12,Disneyland Park,Fantasyland,Disneyland Railroad Main Street Station,0,False
2026-09-01,09:12,Disneyland Park,Fantasyland,Dumbo the Flying Elephant,20,True
2026-09-01,09:12,Disneyland Park,Fantasyland,La Tanière du Dragon,0,True
2026-09-01,09:12,Disneyland Park,Fantasyland,Le Carrousel de Lancelot,0,False
2026-09-01,09:12,Disneyland Park,Fantasyland,"Le Pays des Contes de Fées, presented by Vittel",0,False
2026-09-01,09:12,Disneyland Park,Fantasyland,Les Voyages de Pinocchio,10,True
2026-09-01,09:12,Disneyland Park,Fantasyland,Mad Hatter's Tea Cups,5,True
2026-09-01,09:12,Disneyland Park,Fantasyland,Meet Mickey Mouse,0,False
2026-09-01,09:12,Disneyland Park,Fantasyland,Peter Pan's Flight,0,False
2026-09-01,09:12,Disneyland Park,Fantasyland,Princess Pavilion,0,False
2026-09-01,09:12,Disneyland Park,Frontierland,Big Thunder Mountain,50,True
2026-09-01,09:12,Disneyland Park,Frontierland,Disneyland Railroad Frontierland Depot,0,False
2026-09-01,09:12,Disneyland Park,Frontierland,Frontierland Playground,0,False
2026-09-01,09:12,Disneyland Park,Frontierland,Phantom Manor,0,False
2026-09-01,09:12,Disneyland Park,Frontierland,River Rogue Keelboats,0,False
2026-09-01,09:12,Disneyland Park,Frontierland,Rustler Roundup Shootin' Gallery,0,True
2026-09-01,09:12,Disneyland Park,Frontierland,Thunder Mesa Riverboat Landing,0,False
2026-09-01,09:12,Disneyland Park,Main Street U.S.A,Disneyland Railroad Main Street Station,0,False
2026-09-01,09:12,Disneyland Park,Main Street U.S.A,Main Street Vehicles,5,True
2026-09-01,09:12,Disney Adventure World,Marvel Avengers Campus,Avengers Assemble: Flight Force,5,True
2026-09-01,09:12,Disney Adventure World,Marvel Avengers Campus,Avengers Assemble: Flight Force Single Rider,5,True
2026-09-01,09:12,Disney Adventure World,Marvel Avengers Campus,Spider-Man W.E.B. Adventure,25,True
2026-09-01,09:12,Disney Adventure World,Marvel Avengers Campus,Spider-Man W.E.B. Adventure Single Rider,5,True
2026-09-01,09:12,Disney Adventure World,Production Courtyard,The Twilight Zone Tower of Terror,10,True
2026-09-01,09:12,Disney Adventure World,Toon Studio,Cars Quatre Roues Rallye,0,False
2026-09-01,09:12,Disney Adventure World,Toon Studio,Cars ROAD TRIP,0,False
2026-09-01,09:12,Disney Adventure World,Toon Studio,Crush's Coaster,55,True
2026-09-01,09:12,Disney Adventure World,Toon Studio,Crush's Coaster Single Rider,40,True
2026-09-01,09:12,Disney Adventure World,Toon Studio,Les Tapis Volants - Flying Carpets Over Agrabah®,0,False
2026-09-01,09:12,Disney Adventure World,Toon Studio,Ratatouille : L’Aventure Totalement Toquée de Rémy​,30,True
2026-09-01,09:12,Disney Adventure World,Toon Studio,Ratatouille: The Adventure Single Rider,5,True
2026-09-01,09:12,Disney Adventure World,Toon Studio,RC Racer,0,False
2026-09-01,09:12,Disney Adventure World,Toon Studio,RC Racer Single Rider,0,False
2026-09-01,09:12,Disney Adventure World,Toon Studio,Slinky® Dog Zigzag Spin,5,True
2026-09-01,09:12,Disney Adventure World,Toon Studio,Toy Soldiers Parachute Drop,0,False
2026-09-01,09:12,Disney Adventure World,Toon Studio,Toy Soldiers Parachute Drop Single Rider,0,False
2026-09-01,09:12,Disney Adventure World,World of Frozen,Entry to World of Frozen,0,True
2026-09-01,09:12,Disney Adventure World,World of Frozen,Frozen Ever After,70,True
2026-09-01,09:12,Disney Adventure World,World of Frozen,Raiponce Tangled Spin,5,True
2026-09-01,09:17,Disneyland Park,Adventureland,Adventure Isle,0,False
2026-09-01,09:17,Disneyland Park,Adventureland,Indiana Jones and the Temple of Peril Single Rider,0,False
2026-09-01,09:17,Disneyland Park,Adventureland,Indiana Jones™ and the Temple of Peril,0,False
2026-09-01,09:17,Disneyland Park,Adventureland,La Cabane des Robinson,0,True
2026-09-01,09:17,Disneyland Park,Adventureland,Le Passage Enchanté d'Aladdin,0,True
2026-09-01,09:17,Disneyland Park,Adventureland,Pirate Galleon,0,False
2026-09-01,09:17,Disneyland Park,Adventureland,Pirates of the Caribbean,0,False
2026-09-01,09:17,Disneyland Park,Adventureland,Pirates' Beach,0,True
2026-09-01,09:17,Disneyland Park,Discoveryland,"Autopia, presented by Avis",0,False
2026-09-01,09:17,Disneyland Park,Discoveryland,Buzz Lightyear Laser Blast,0,False
2026-09-01,09:17,Disneyland Park,Discoveryland,Disneyland Railroad Discoveryland Station,0,False
2026-09-01,09:17,Disneyland Park,Discoveryland,Les Mystères du Nautilus,0,False
2026-09-01,09:17,Disneyland Park,Discoveryland,Mickey’s PhilharMagic,0,False
2026-09-01,09:17,Disneyland Park,Discoveryland,Orbitron®,0,False
2026-09-01,09:17,Disneyland Park,Discoveryland,Star Tours: The Adventures Continue*,0,False
2026-09-01,09:17,Disneyland Park,Discoveryland,Star Wars Hyperspace Mountain,10,True
2026-09-01,09:17,Disneyland Park,Discoveryland,Star Wars Hyperspace Mountain Single Rider,0,True
2026-09-01,09:17,Disneyland Park,Discoveryland,Welcome to Starport: A Star Wars Encounter,0,False
2026-09-01,09:17,Disneyland Park,Fantasyland,"""it's a small world""",0,False
2026-09-01,09:17,Disneyland Park,Fantasyland,Alice's Curious Labyrinth,0,False
2026-09-01,09:17,Disneyland Park,Fantasyland,Blanche-Neige et les Sept Nains®,0,False
2026-09-01,09:17,Disneyland Park,Fantasyland,Casey Jr. – le Petit Train du Cirque,0,False
2026-09-01,09:17,Disneyland Park,Fantasyland,Disneyland Railroad Fantasyland Station,0,False
2026-09-01,09:17,Disneyland Park,Fantasyland,Disneyland Railroad Main Street Station,0,False
2026-09-01,09:17,Disneyland Park,Fantasyland,Dumbo the Flying Elephant,20,True
2026-09-01,09:17,Disneyland Park,Fantasyland,La Tanière du Dragon,0,True
2026-09-01,09:17,Disneyland Park,Fantasyland,Le Carrousel de Lancelot,0,False
2026-09-01,09:17,Disneyland Park,Fantasyland,"Le Pays des Contes de Fées, presented by Vittel",0,False
2026-09-01,09:17,Disneyland Park,Fantasyland,Les Voyages de Pinocchio,10,True
2026-09-01,09:17,Disneyland Park,Fantasyland,Mad Hatter's Tea Cups,5,True
2026-09-01,09:17,Disneyland Park,Fantasyland,Meet Mickey Mouse,0,False
2026-09-01,09:17,Disneyland Park,Fantasyland,Peter Pan's Flight,0,False
2026-09-01,09:17,Disneyland Park,Fantasyland,Princess Pavilion,0,False
2026-09-01,09:17,Disneyland Park,Frontierland,Big Thunder Mountain,50,True
2026-09-01,09:17,Disneyland Park,Frontierland,Disneyland Railroad Frontierland Depot,0,False
2026-09-01,09:17,Disneyland Park,Frontierland,Frontierland Playground,0,False
2026-09-01,09:17,Disneyland Park,Frontierland,Phantom Manor,0,False
2026-09-01,09:17,Disneyland Park,Frontierland,River Rogue Keelboats,0,False
2026-09-01,09:17,Disneyland Park,Frontierland,Rustler Roundup Shootin' Gallery,0,True
2026-09-01,09:17,Disneyland Park,Frontierland,Thunder Mesa Riverboat Landing,0,False
2026-09-01,09:17,Disneyland Park,Main Street U.S.A,Disneyland Railroad Main Street Station,0,False
2026-09-01,09:17,Disneyland Park,Main Street U.S.A,Main Street Vehicles,5,True
2026-09-01,09:17,Disney Adventure World,Marvel Avengers Campus,Avengers Assemble: Flight Force,5,True
2026-09-01,09:17,Disney Adventure World,Marvel Avengers Campus,Avengers Assemble: Flight Force Single Rider,5,True
2026-09-01,09:17,Disney Adventure World,Marvel Avengers Campus,Spider-Man W.E.B. Adventure,25,True
2026-09-01,09:17,Disney Adventure World,Marvel Avengers Campus,Spider-Man W.E.B. Adventure Single Rider,5,True
2026-09-01,09:17,Disney Adventure World,Production Courtyard,The Twilight Zone Tower of Terror,10,True
2026-09-01,09:17,Disney Adventure World,Toon Studio,Cars Quatre Roues Rallye,0,False
2026-09-01,09:17,Disney Adventure World,Toon Studio,Cars ROAD TRIP,0,False
2026-09-01,09:17,Disney Adventure World,Toon Studio,Crush's Coaster,55,True
2026-09-01,09:17,Disney Adventure World,Toon Studio,Crush's Coaster Single Rider,40,True
2026-09-01,09:17,Disney Adventure World,Toon Studio,Les Tapis Volants - Flying Carpets Over Agrabah®,0,False
2026-09-01,09:17,Disney Adventure World,Toon Studio,Ratatouille : L’Aventure Totalement Toquée de Rémy​,30,True
2026-09-01,09:17,Disney Adventure World,Toon Studio,Ratatouille: The Adventure Single Rider,5,True
2026-09-01,09:17,Disney Adventure World,Toon Studio,RC Racer,0,False
2026-09-01,09:17,Disney Adventure World,Toon Studio,RC Racer Single Rider,0,False
2026-09-01,09:17,Disney Adventure World,Toon Studio,Slinky® Dog Zigzag Spin,5,True
2026-09-01,09:17,Disney Adventure World,Toon Studio,Toy Soldiers Parachute Drop,0,False
2026-09-01,09:17,Disney Adventure World,Toon Studio,Toy Soldiers Parachute Drop Single Rider,0,False
2026-09-01,09:17,Disney Adventure World,World of Frozen,Entry to World of Frozen,0,True
2026-09-01,09:17,Disney Adventure World,World of Frozen,Frozen Ever After,60,True
2026-09-01,09:17,Disney Adventure World,World of Frozen,Raiponce Tangled Spin,5,True
2026-09-01,09:22,Disneyland Park,Adventureland,Adventure Isle,0,False
2026-09-01,09:22,Disneyland Park,Adventureland,Indiana Jones and the Temple of Peril Single Rider,0,False
2026-09-01,09:22,Disneyland Park,Adventureland,Indiana Jones™ and the Temple of Peril,0,False
2026-09-01,09:22,Disneyland Park,Adventureland,La Cabane des Robinson,0,True
2026-09-01,09:22,Disneyland Park,Adventureland,Le Passage Enchanté d'Aladdin,0,True
2026-09-01,09:22,Disneyland Park,Adventureland,Pirate Galleon,0,False
2026-09-01,09:22,Disneyland Park,Adventureland,Pirates of the Caribbean,0,False
2026-09-01,09:22,Disneyland Park,Adventureland,Pirates' Beach,0,True
2026-09-01,09:22,Disneyland Park,Discoveryland,"Autopia, presented by Avis",0,False
2026-09-01,09:22,Disneyland Park,Discoveryland,Buzz Lightyear Laser Blast,0,False
2026-09-01,09:22,Disneyland Park,Discoveryland,Disneyland Railroad Discoveryland Station,0,False
2026-09-01,09:22,Disneyland Park,Discoveryland,Les Mystères du Nautilus,0,False
2026-09-01,09:22,Disneyland Park,Discoveryland,Mickey’s PhilharMagic,0,False
2026-09-01,09:22,Disneyland Park,Discoveryland,Orbitron®,0,False
2026-09-01,09:22,Disneyland Park,Discoveryland,Star Tours: The Adventures Continue*,0,False
2026-09-01,09:22,Disneyland Park,Discoveryland,Star Wars Hyperspace Mountain,15,True
2026-09-01,09:22,Disneyland Park,Discoveryland,Star Wars Hyperspace Mountain Single Rider,0,True
2026-09-01,09:22,Disneyland Park,Discoveryland,Welcome to Starport: A Star Wars Encounter,0,False
2026-09-01,09:22,Disneyland Park,Fantasyland,"""it's a small world""",5,True
2026-09-01,09:22,Disneyland Park,Fantasyland,Alice's Curious Labyrinth,0,True
2026-09-01,09:22,Disneyland Park,Fantasyland,Blanche-Neige et les Sept Nains®,0,False
2026-09-01,09:22,Disneyland Park,Fantasyland,Casey Jr. – le Petit Train du Cirque,0,False
2026-09-01,09:22,Disneyland Park,Fantasyland,Disneyland Railroad Fantasyland Station,0,False
2026-09-01,09:22,Disneyland Park,Fantasyland,Disneyland Railroad Main Street Station,0,False
2026-09-01,09:22,Disneyland Park,Fantasyland,Dumbo the Flying Elephant,20,True
2026-09-01,09:22,Disneyland Park,Fantasyland,La Tanière du Dragon,0,True
2026-09-01,09:22,Disneyland Park,Fantasyland,Le Carrousel de Lancelot,0,False
2026-09-01,09:22,Disneyland Park,Fantasyland,"Le Pays des Contes de Fées, presented by Vittel",0,False
2026-09-01,09:22,Disneyland Park,Fantasyland,Les Voyages de Pinocchio,15,True
2026-09-01,09:22,Disneyland Park,Fantasyland,Mad Hatter's Tea Cups,5,True
2026-09-01,09:22,Disneyland Park,Fantasyland,Meet Mickey Mouse,0,False
2026-09-01,09:22,Disneyland Park,Fantasyland,Peter Pan's Flight,0,False
2026-09-01,09:22,Disneyland Park,Fantasyland,Princess Pavilion,0,False
2026-09-01,09:22,Disneyland Park,Frontierland,Big Thunder Mountain,50,True
2026-09-01,09:22,Disneyland Park,Frontierland,Disneyland Railroad Frontierland Depot,0,False
2026-09-01,09:22,Disneyland Park,Frontierland,Frontierland Playground,0,False
2026-09-01,09:22,Disneyland Park,Frontierland,Phantom Manor,0,False
2026-09-01,09:22,Disneyland Park,Frontierland,River Rogue Keelboats,0,False
2026-09-01,09:22,Disneyland Park,Frontierland,Rustler Roundup Shootin' Gallery,0,True
2026-09-01,09:22,Disneyland Park,Frontierland,Thunder Mesa Riverboat Landing,0,False
2026-09-01,09:22,Disneyland Park,Main Street U.S.A,Disneyland Railroad Main Street Station,0,False
2026-09-01,09:22,Disneyland Park,Main Street U.S.A,Main Street Vehicles,5,True
2026-09-01,09:22,Disney Adventure World,Marvel Avengers Campus,Avengers Assemble: Flight Force,5,True
2026-09-01,09:22,Disney Adventure World,Marvel Avengers Campus,Avengers Assemble: Flight Force Single Rider,0,True
2026-09-01,09:22,Disney Adventure World,Marvel Avengers Campus,Spider-Man W.E.B. Adventure,25,True
2026-09-01,09:22,Disney Adventure World,Marvel Avengers Campus,Spider-Man W.E.B. Adventure Single Rider,5,True
2026-09-01,09:22,Disney Adventure World,Production Courtyard,The Twilight Zone Tower of Terror,10,True
2026-09-01,09:22,Disney Adventure World,Toon Studio,Cars Quatre Roues Rallye,0,False
2026-09-01,09:22,Disney Adventure World,Toon Studio,Cars ROAD TRIP,0,False
2026-09-01,09:22,Disney Adventure World,Toon Studio,Crush's Coaster,45,True
2026-09-01,09:22,Disney Adventure World,Toon Studio,Crush's Coaster Single Rider,40,True
2026-09-01,09:22,Disney Adventure World,Toon Studio,Les Tapis Volants - Flying Carpets Over Agrabah®,0,False
2026-09-01,09:22,Disney Adventure World,Toon Studio,Ratatouille : L’Aventure Totalement Toquée de Rémy​,25,True
2026-09-01,09:22,Disney Adventure World,Toon Studio,Ratatouille: The Adventure Single Rider,5,True
2026-09-01,09:22,Disney Adventure World,Toon Studio,RC Racer,0,False
2026-09-01,09:22,Disney Adventure World,Toon Studio,RC Racer Single Rider,0,False
2026-09-01,09:22,Disney Adventure World,Toon Studio,Slinky® Dog Zigzag Spin,5,True
2026-09-01,09:22,Disney Adventure World,Toon Studio,Toy Soldiers Parachute Drop,0,False
2026-09-01,09:22,Disney Adventure World,Toon Studio,Toy Soldiers Parachute Drop Single Rider,0,False
2026-09-01,09:22,Disney Adventure World,World of Frozen,Entry to World of Frozen,0,True
2026-09-01,09:22,Disney Adventure World,World of Frozen,Frozen Ever After,55,True
2026-09-01,09:22,Disney Adventure World,World of Frozen,Raiponce Tangled Spin,5,True
2026-09-01,09:27,Disneyland Park,Adventureland,Adventure Isle,0,False
2026-09-01,09:27,Disneyland Park,Adventureland,Indiana Jones and the Temple of Peril Single Rider,0,True
2026-09-01,09:27,Disneyland Park,Adventureland,Indiana Jones™ and the Temple of Peril,5,True
2026-09-01,09:27,Disneyland Park,Adventureland,La Cabane des Robinson,0,True
2026-09-01,09:27,Disneyland Park,Adventureland,Le Passage Enchanté d'Aladdin,0,True
2026-09-01,09:27,Disneyland Park,Adventureland,Pirate Galleon,0,False
2026-09-01,09:27,Disneyland Park,Adventureland,Pirates of the Caribbean,0,False
2026-09-01,09:27,Disneyland Park,Adventureland,Pirates' Beach,0,True
2026-09-01,09:27,Disneyland Park,Discoveryland,"Autopia, presented by Avis",0,False
2026-09-01,09:27,Disneyland Park,Discoveryland,Buzz Lightyear Laser Blast,0,False
2026-09-01,09:27,Disneyland Park,Discoveryland,Disneyland Railroad Discoveryland Station,0,False
2026-09-01,09:27,Disneyland Park,Discoveryland,Les Mystères du Nautilus,0,False
2026-09-01,09:27,Disneyland Park,Discoveryland,Mickey’s PhilharMagic,0,False
2026-09-01,09:27,Disneyland Park,Discoveryland,Orbitron®,0,False
2026-09-01,09:27,Disneyland Park,Discoveryland,Star Tours: The Adventures Continue*,0,False
2026-09-01,09:27,Disneyland Park,Discoveryland,Star Wars Hyperspace Mountain,20,True
2026-09-01,09:27,Disneyland Park,Discoveryland,Star Wars Hyperspace Mountain Single Rider,0,True
2026-09-01,09:27,Disneyland Park,Discoveryland,Welcome to Starport: A Star Wars Encounter,0,False
2026-09-01,09:27,Disneyland Park,Fantasyland,"""it's a small world""",5,True
2026-09-01,09:27,Disneyland Park,Fantasyland,Alice's Curious Labyrinth,0,True
2026-09-01,09:27,Disneyland Park,Fantasyland,Blanche-Neige et les Sept Nains®,0,False
2026-09-01,09:27,Disneyland Park,Fantasyland,Casey Jr. – le Petit Train du Cirque,0,False
2026-09-01,09:27,Disneyland Park,Fantasyland,Disneyland Railroad Fantasyland Station,0,False
2026-09-01,09:27,Disneyland Park,Fantasyland,Disneyland Railroad Main Street Station,0,False
2026-09-01,09:27,Disneyland Park,Fantasyland,Dumbo the Flying Elephant,20,True
2026-09-01,09:27,Disneyland Park,Fantasyland,La Tanière du Dragon,0,True
2026-09-01,09:27,Disneyland Park,Fantasyland,Le Carrousel de Lancelot,0,False
2026-09-01,09:27,Disneyland Park,Fantasyland,"Le Pays des Contes de Fées, presented by Vittel",0,False
2026-09-01,09:27,Disneyland Park,Fantasyland,Les Voyages de Pinocchio,15,True
2026-09-01,09:27,Disneyland Park,Fantasyland,Mad Hatter's Tea Cups,5,True
2026-09-01,09:27,Disneyland Park,Fantasyland,Meet Mickey Mouse,0,False
2026-09-01,09:27,Disneyland Park,Fantasyland,Peter Pan's Flight,0,False
2026-09-01,09:27,Disneyland Park,Fantasyland,Princess Pavilion,0,False
2026-09-01,09:27,Disneyland Park,Frontierland,Big Thunder Mountain,45,True
2026-09-01,09:27,Disneyland Park,Frontierland,Disneyland Railroad Frontierland Depot,0,False
2026-09-01,09:27,Disneyland Park,Frontierland,Frontierland Playground,0,False
2026-09-01,09:27,Disneyland Park,Frontierland,Phantom Manor,0,False
2026-09-01,09:27,Disneyland Park,Frontierland,River Rogue Keelboats,0,False
2026-09-01,09:27,Disneyland Park,Frontierland,Rustler Roundup Shootin' Gallery,0,True
2026-09-01,09:27,Disneyland Park,Frontierland,Thunder Mesa Riverboat Landing,0,False
2026-09-01,09:27,Disneyland Park,Main Street U.S.A,Disneyland Railroad Main Street Station,0,False
2026-09-01,09:27,Disneyland Park,Main Street U.S.A,Main Street Vehicles,5,True
2026-09-01,09:27,Disney Adventure World,Marvel Avengers Campus,Avengers Assemble: Flight Force,5,True
2026-09-01,09:27,Disney Adventure World,Marvel Avengers Campus,Avengers Assemble: Flight Force Single Rider,0,True
2026-09-01,09:27,Disney Adventure World,Marvel Avengers Campus,Spider-Man W.E.B. Adventure,25,True
2026-09-01,09:27,Disney Adventure World,Marvel Avengers Campus,Spider-Man W.E.B. Adventure Single Rider,5,True
2026-09-01,09:27,Disney Adventure World,Production Courtyard,The Twilight Zone Tower of Terror,20,True
2026-09-01,09:27,Disney Adventure World,Toon Studio,Cars Quatre Roues Rallye,0,False
2026-09-01,09:27,Disney Adventure World,Toon Studio,Cars ROAD TRIP,0,False
2026-09-01,09:27,Disney Adventure World,Toon Studio,Crush's Coaster,70,True
2026-09-01,09:27,Disney Adventure World,Toon Studio,Crush's Coaster Single Rider,40,True
2026-09-01,09:27,Disney Adventure World,Toon Studio,Les Tapis Volants - Flying Carpets Over Agrabah®,0,False
2026-09-01,09:27,Disney Adventure World,Toon Studio,Ratatouille : L’Aventure Totalement Toquée de Rémy​,30,True
2026-09-01,09:27,Disney Adventure World,Toon Studio,Ratatouille: The Adventure Single Rider,5,True
2026-09-01,09:27,Disney Adventure World,Toon Studio,RC Racer,5,True
2026-09-01,09:27,Disney Adventure World,Toon Studio,RC Racer Single Rider,5,True
2026-09-01,09:27,Disney Adventure World,Toon Studio,Slinky® Dog Zigzag Spin,5,True
2026-09-01,09:27,Disney Adventure World,Toon Studio,Toy Soldiers Parachute Drop,0,False
2026-09-01,09:27,Disney Adventure World,Toon Studio,Toy Soldiers Parachute Drop Single Rider,0,False
2026-09-01,09:27,Disney Adventure World,World of Frozen,Entry to World of Frozen,0,True
2026-09-01,09:27,Disney Adventure World,World of Frozen,Frozen Ever After,55,True
2026-09-01,09:27,Disney Adventure World,World of Frozen,Raiponce Tangled Spin,5,True
2026-09-01,09:33,Disneyland Park,Adventureland,Adventure Isle,0,True
2026-09-01,09:33,Disneyland Park,Adventureland,Indiana Jones and the Temple of Peril Single Rider,0,True
2026-09-01,09:33,Disneyland Park,Adventureland,Indiana Jones™ and the Temple of Peril,5,True
2026-09-01,09:33,Disneyland Park,Adventureland,La Cabane des Robinson,0,True
2026-09-01,09:33,Disneyland Park,Adventureland,Le Passage Enchanté d'Aladdin,0,True
2026-09-01,09:33,Disneyland Park,Adventureland,Pirate Galleon,0,False
2026-09-01,09:33,Disneyland Park,Adventureland,Pirates of the Caribbean,0,True
2026-09-01,09:33,Disneyland Park,Adventureland,Pirates' Beach,0,True
2026-09-01,09:33,Disneyland Park,Discoveryland,"Autopia, presented by Avis",5,True
2026-09-01,09:33,Disneyland Park,Discoveryland,Buzz Lightyear Laser Blast,0,False
2026-09-01,09:33,Disneyland Park,Discoveryland,Disneyland Railroad Discoveryland Station,0,False
2026-09-01,09:33,Disneyland Park,Discoveryland,Les Mystères du Nautilus,5,True
2026-09-01,09:33,Disneyland Park,Discoveryland,Mickey’s PhilharMagic,0,False
2026-09-01,09:33,Disneyland Park,Discoveryland,Orbitron®,0,True
2026-09-01,09:33,Disneyland Park,Discoveryland,Star Tours: The Adventures Continue*,0,True
2026-09-01,09:33,Disneyland Park,Discoveryland,Star Wars Hyperspace Mountain,35,True
2026-09-01,09:33,Disneyland Park,Discoveryland,Star Wars Hyperspace Mountain Single Rider,0,True
2026-09-01,09:33,Disneyland Park,Discoveryland,Welcome to Starport: A Star Wars Encounter,0,False
2026-09-01,09:33,Disneyland Park,Fantasyland,"""it's a small world""",5,True
2026-09-01,09:33,Disneyland Park,Fantasyland,Alice's Curious Labyrinth,0,True
2026-09-01,09:33,Disneyland Park,Fantasyland,Blanche-Neige et les Sept Nains®,0,True
2026-09-01,09:33,Disneyland Park,Fantasyland,Casey Jr. – le Petit Train du Cirque,0,True
2026-09-01,09:33,Disneyland Park,Fantasyland,Disneyland Railroad Fantasyland Station,0,False
2026-09-01,09:33,Disneyland Park,Fantasyland,Disneyland Railroad Main Street Station,0,False
2026-09-01,09:33,Disneyland Park,Fantasyland,Dumbo the Flying Elephant,20,True
2026-09-01,09:33,Disneyland Park,Fantasyland,La Tanière du Dragon,0,True
2026-09-01,09:33,Disneyland Park,Fantasyland,Le Carrousel de Lancelot,0,True
2026-09-01,09:33,Disneyland Park,Fantasyland,"Le Pays des Contes de Fées, presented by Vittel",0,False
2026-09-01,09:33,Disneyland Park,Fantasyland,Les Voyages de Pinocchio,15,True
2026-09-01,09:33,Disneyland Park,Fantasyland,Mad Hatter's Tea Cups,5,True
2026-09-01,09:33,Disneyland Park,Fantasyland,Meet Mickey Mouse,0,False
2026-09-01,09:33,Disneyland Park,Fantasyland,Peter Pan's Flight,0,False
2026-09-01,09:33,Disneyland Park,Fantasyland,Princess Pavilion,0,False
2026-09-01,09:33,Disneyland Park,Frontierland,Big Thunder Mountain,50,True
2026-09-01,09:33,Disneyland Park,Frontierland,Disneyland Railroad Frontierland Depot,0,False
2026-09-01,09:33,Disneyland Park,Frontierland,Frontierland Playground,0,True
2026-09-01,09:33,Disneyland Park,Frontierland,Phantom Manor,0,True
2026-09-01,09:33,Disneyland Park,Frontierland,River Rogue Keelboats,0,False
2026-09-01,09:33,Disneyland Park,Frontierland,Rustler Roundup Shootin' Gallery,0,True
2026-09-01,09:33,Disneyland Park,Frontierland,Thunder Mesa Riverboat Landing,0,True
2026-09-01,09:33,Disneyland Park,Main Street U.S.A,Disneyland Railroad Main Street Station,0,False
2026-09-01,09:33,Disneyland Park,Main Street U.S.A,Main Street Vehicles,5,True
2026-09-01,09:33,Disney Adventure World,Marvel Avengers Campus,Avengers Assemble: Flight Force,5,True
2026-09-01,09:33,Disney Adventure World,Marvel Avengers Campus,Avengers Assemble: Flight Force Single Rider,0,True
2026-09-01,09:33,Disney Adventure World,Marvel Avengers Campus,Spider-Man W.E.B. Adventure,30,True
2026-09-01,09:33,Disney Adventure World,Marvel Avengers Campus,Spider-Man W.E.B. Adventure Single Rider,5,True
2026-09-01,09:33,Disney Adventure World,Production Courtyard,The Twilight Zone Tower of Terror,20,True
2026-09-01,09:33,Disney Adventure World,Toon Studio,Cars Quatre Roues Rallye,0,True
2026-09-01,09:33,Disney Adventure World,Toon Studio,Cars ROAD TRIP,0,True
2026-09-01,09:33,Disney Adventure World,Toon Studio,Crush's Coaster,70,True
2026-09-01,09:33,Disney Adventure World,Toon Studio,Crush's Coaster Single Rider,35,True
2026-09-01,09:33,Disney Adventure World,Toon Studio,Les Tapis Volants - Flying Carpets Over Agrabah®,0,True
2026-09-01,09:33,Disney Adventure World,Toon Studio,Ratatouille : L’Aventure Totalement Toquée de Rémy​,30,True
2026-09-01,09:33,Disney Adventure World,Toon Studio,Ratatouille: The Adventure Single Rider,5,True
2026-09-01,09:33,Disney Adventure World,Toon Studio,RC Racer,5,True
2026-09-01,09:33,Disney Adventure World,Toon Studio,RC Racer Single Rider,5,True
2026-09-01,09:33,Disney Adventure World,Toon Studio,Slinky® Dog Zigzag Spin,5,True
2026-09-01,09:33,Disney Adventure World,Toon Studio,Toy Soldiers Parachute Drop,0,False
2026-09-01,09:33,Disney Adventure World,Toon Studio,Toy Soldiers Parachute Drop Single Rider,0,False
2026-09-01,09:33,Disney Adventure World,World of Frozen,Entry to World of Frozen,0,True
2026-09-01,09:33,Disney Adventure World,World of Frozen,Frozen Ever After,55,True
2026-09-01,09:33,Disney Adventure World,World of Frozen,Raiponce Tangled Spin,5,True
2026-09-01,09:38,Disneyland Park,Adventureland,Adventure Isle,0,True
2026-09-01,09:38,Disneyland Park,Adventureland,Indiana Jones and the Temple of Peril Single Rider,5,True
2026-09-01,09:38,Disneyland Park,Adventureland,Indiana Jones™ and the Temple of Peril,5,True
2026-09-01,09:38,Disneyland Park,Adventureland,La Cabane des Robinson,0,True
2026-09-01,09:38,Disneyland Park,Adventureland,Le Passage Enchanté d'Aladdin,0,True
2026-09-01,09:38,Disneyland Park,Adventureland,Pirate Galleon,0,False
2026-09-01,09:38,Disneyland Park,Adventureland,Pirates of the Caribbean,10,True
2026-09-01,09:38,Disneyland Park,Adventureland,Pirates' Beach,0,True
2026-09-01,09:38,Disneyland Park,Discoveryland,"Autopia, presented by Avis",70,True
2026-09-01,09:38,Disneyland Park,Discoveryland,Buzz Lightyear Laser Blast,0,False
2026-09-01,09:38,Disneyland Park,Discoveryland,Disneyland Railroad Discoveryland Station,0,False
2026-09-01,09:38,Disneyland Park,Discoveryland,Les Mystères du Nautilus,5,True
2026-09-01,09:38,Disneyland Park,Discoveryland,Mickey’s PhilharMagic,0,False
2026-09-01,09:38,Disneyland Park,Discoveryland,Orbitron®,0,False
2026-09-01,09:38,Disneyland Park,Discoveryland,Star Tours: The Adventures Continue*,5,True
2026-09-01,09:38,Disneyland Park,Discoveryland,Star Wars Hyperspace Mountain,35,True
2026-09-01,09:38,Disneyland Park,Discoveryland,Star Wars Hyperspace Mountain Single Rider,0,True
2026-09-01,09:38,Disneyland Park,Discoveryland,Welcome to Starport: A Star Wars Encounter,0,False
2026-09-01,09:38,Disneyland Park,Fantasyland,"""it's a small world""",5,True
2026-09-01,09:38,Disneyland Park,Fantasyland,Alice's Curious Labyrinth,0,True
2026-09-01,09:38,Disneyland Park,Fantasyland,Blanche-Neige et les Sept Nains®,0,True
2026-09-01,09:38,Disneyland Park,Fantasyland,Casey Jr. – le Petit Train du Cirque,0,False
2026-09-01,09:38,Disneyland Park,Fantasyland,Disneyland Railroad Fantasyland Station,0,False
2026-09-01,09:38,Disneyland Park,Fantasyland,Disneyland Railroad Main Street Station,0,False
2026-09-01,09:38,Disneyland Park,Fantasyland,Dumbo the Flying Elephant,20,True
2026-09-01,09:38,Disneyland Park,Fantasyland,La Tanière du Dragon,0,True
2026-09-01,09:38,Disneyland Park,Fantasyland,Le Carrousel de Lancelot,0,False
2026-09-01,09:38,Disneyland Park,Fantasyland,"Le Pays des Contes de Fées, presented by Vittel",0,False
2026-09-01,09:38,Disneyland Park,Fantasyland,Les Voyages de Pinocchio,15,True
2026-09-01,09:38,Disneyland Park,Fantasyland,Mad Hatter's Tea Cups,5,True
2026-09-01,09:38,Disneyland Park,Fantasyland,Meet Mickey Mouse,0,False
2026-09-01,09:38,Disneyland Park,Fantasyland,Peter Pan's Flight,0,False
2026-09-01,09:38,Disneyland Park,Fantasyland,Princess Pavilion,0,False
2026-09-01,09:38,Disneyland Park,Frontierland,Big Thunder Mountain,60,True
2026-09-01,09:38,Disneyland Park,Frontierland,Disneyland Railroad Frontierland Depot,0,False
2026-09-01,09:38,Disneyland Park,Frontierland,Frontierland Playground,0,True
2026-09-01,09:38,Disneyland Park,Frontierland,Phantom Manor,0,True
2026-09-01,09:38,Disneyland Park,Frontierland,River Rogue Keelboats,0,False
2026-09-01,09:38,Disneyland Park,Frontierland,Rustler Roundup Shootin' Gallery,0,True
2026-09-01,09:38,Disneyland Park,Frontierland,Thunder Mesa Riverboat Landing,0,True
2026-09-01,09:38,Disneyland Park,Main Street U.S.A,Disneyland Railroad Main Street Station,0,False
2026-09-01,09:38,Disneyland Park,Main Street U.S.A,Main Street Vehicles,5,True
2026-09-01,09:38,Disney Adventure World,Marvel Avengers Campus,Avengers Assemble: Flight Force,5,True
2026-09-01,09:38,Disney Adventure World,Marvel Avengers Campus,Avengers Assemble: Flight Force Single Rider,0,True
2026-09-01,09:38,Disney Adventure World,Marvel Avengers Campus,Spider-Man W.E.B. Adventure,30,True
2026-09-01,09:38,Disney Adventure World,Marvel Avengers Campus,Spider-Man W.E.B. Adventure Single Rider,5,True
2026-09-01,09:38,Disney Adventure World,Production Courtyard,The Twilight Zone Tower of Terror,5,True
2026-09-01,09:38,Disney Adventure World,Toon Studio,Cars Quatre Roues Rallye,5,True
2026-09-01,09:38,Disney Adventure World,Toon Studio,Cars ROAD TRIP,5,True
2026-09-01,09:38,Disney Adventure World,Toon Studio,Crush's Coaster,70,True
2026-09-01,09:38,Disney Adventure World,Toon Studio,Crush's Coaster Single Rider,50,True
2026-09-01,09:38,Disney Adventure World,Toon Studio,Les Tapis Volants - Flying Carpets Over Agrabah®,0,True
2026-09-01,09:38,Disney Adventure World,Toon Studio,Ratatouille : L’Aventure Totalement Toquée de Rémy​,35,True
2026-09-01,09:38,Disney Adventure World,Toon Studio,Ratatouille: The Adventure Single Rider,5,True
2026-09-01,09:38,Disney Adventure World,Toon Studio,RC Racer,5,True
2026-09-01,09:38,Disney Adventure World,Toon Studio,RC Racer Single Rider,5,True
2026-09-01,09:38,Disney Adventure World,Toon Studio,Slinky® Dog Zigzag Spin,5,True
2026-09-01,09:38,Disney Adventure World,Toon Studio,Toy Soldiers Parachute Drop,0,False
2026-09-01,09:38,Disney Adventure World,Toon Studio,Toy Soldiers Parachute Drop Single Rider,0,False
2026-09-01,09:38,Disney Adventure World,World of Frozen,Entry to World of Frozen,0,True
2026-09-01,09:38,Disney Adventure World,World of Frozen,Frozen Ever After,55,True
2026-09-01,09:38,Disney Adventure World,World of Frozen,Raiponce Tangled Spin,5,True
2026-09-01,09:43,Disneyland Park,Adventureland,Adventure Isle,0,True
2026-09-01,09:43,Disneyland Park,Adventureland,Indiana Jones and the Temple of Peril Single Rider,5,True
2026-09-01,09:43,Disneyland Park,Adventureland,Indiana Jones™ and the Temple of Peril,5,True
2026-09-01,09:43,Disneyland Park,Adventureland,La Cabane des Robinson,0,True
2026-09-01,09:43,Disneyland Park,Adventureland,Le Passage Enchanté d'Aladdin,0,True
2026-09-01,09:43,Disneyland Park,Adventureland,Pirate Galleon,0,False
2026-09-01,09:43,Disneyland Park,Adventureland,Pirates of the Caribbean,10,True
2026-09-01,09:43,Disneyland Park,Adventureland,Pirates' Beach,0,True
2026-09-01,09:43,Disneyland Park,Discoveryland,"Autopia, presented by Avis",70,True
2026-09-01,09:43,Disneyland Park,Discoveryland,Buzz Lightyear Laser Blast,0,False
2026-09-01,09:43,Disneyland Park,Discoveryland,Disneyland Railroad Discoveryland Station,0,False
2026-09-01,09:43,Disneyland Park,Discoveryland,Les Mystères du Nautilus,5,True
2026-09-01,09:43,Disneyland Park,Discoveryland,Mickey’s PhilharMagic,0,False
2026-09-01,09:43,Disneyland Park,Discoveryland,Orbitron®,0,True
2026-09-01,09:43,Disneyland Park,Discoveryland,Star Tours: The Adventures Continue*,5,True
2026-09-01,09:43,Disneyland Park,Discoveryland,Star Wars Hyperspace Mountain,35,True
2026-09-01,09:43,Disneyland Park,Discoveryland,Star Wars Hyperspace Mountain Single Rider,0,True
2026-09-01,09:43,Disneyland Park,Discoveryland,Welcome to Starport: A Star Wars Encounter,0,False
2026-09-01,09:43,Disneyland Park,Fantasyland,"""it's a small world""",5,True
2026-09-01,09:43,Disneyland Park,Fantasyland,Alice's Curious Labyrinth,0,True
2026-09-01,09:43,Disneyland Park,Fantasyland,Blanche-Neige et les Sept Nains®,0,True
2026-09-01,09:43,Disneyland Park,Fantasyland,Casey Jr. – le Petit Train du Cirque,0,False
2026-09-01,09:43,Disneyland Park,Fantasyland,Disneyland Railroad Fantasyland Station,0,False
2026-09-01,09:43,Disneyland Park,Fantasyland,Disneyland Railroad Main Street Station,0,False
2026-09-01,09:43,Disneyland Park,Fantasyland,Dumbo the Flying Elephant,20,True
2026-09-01,09:43,Disneyland Park,Fantasyland,La Tanière du Dragon,0,True
2026-09-01,09:43,Disneyland Park,Fantasyland,Le Carrousel de Lancelot,0,False
2026-09-01,09:43,Disneyland Park,Fantasyland,"Le Pays des Contes de Fées, presented by Vittel",0,False
2026-09-01,09:43,Disneyland Park,Fantasyland,Les Voyages de Pinocchio,15,True
2026-09-01,09:43,Disneyland Park,Fantasyland,Mad Hatter's Tea Cups,5,True
2026-09-01,09:43,Disneyland Park,Fantasyland,Meet Mickey Mouse,0,False
2026-09-01,09:43,Disneyland Park,Fantasyland,Peter Pan's Flight,0,False
2026-09-01,09:43,Disneyland Park,Fantasyland,Princess Pavilion,0,False
2026-09-01,09:43,Disneyland Park,Frontierland,Big Thunder Mountain,60,True
2026-09-01,09:43,Disneyland Park,Frontierland,Disneyland Railroad Frontierland Depot,0,False
2026-09-01,09:43,Disneyland Park,Frontierland,Frontierland Playground,0,True
2026-09-01,09:43,Disneyland Park,Frontierland,Phantom Manor,0,True
2026-09-01,09:43,Disneyland Park,Frontierland,River Rogue Keelboats,0,False
2026-09-01,09:43,Disneyland Park,Frontierland,Rustler Roundup Shootin' Gallery,0,True
2026-09-01,09:43,Disneyland Park,Frontierland,Thunder Mesa Riverboat Landing,0,True
2026-09-01,09:43,Disneyland Park,Main Street U.S.A,Disneyland Railroad Main Street Station,0,False
2026-09-01,09:43,Disneyland Park,Main Street U.S.A,Main Street Vehicles,5,True
2026-09-01,09:43,Disney Adventure World,Marvel Avengers Campus,Avengers Assemble: Flight Force,10,True
2026-09-01,09:43,Disney Adventure World,Marvel Avengers Campus,Avengers Assemble: Flight Force Single Rider,5,True
2026-09-01,09:43,Disney Adventure World,Marvel Avengers Campus,Spider-Man W.E.B. Adventure,30,True
2026-09-01,09:43,Disney Adventure World,Marvel Avengers Campus,Spider-Man W.E.B. Adventure Single Rider,5,True
2026-09-01,09:43,Disney Adventure World,Production Courtyard,The Twilight Zone Tower of Terror,5,True
2026-09-01,09:43,Disney Adventure World,Toon Studio,Cars Quatre Roues Rallye,5,True
2026-09-01,09:43,Disney Adventure World,Toon Studio,Cars ROAD TRIP,5,True
2026-09-01,09:43,Disney Adventure World,Toon Studio,Crush's Coaster,110,True
2026-09-01,09:43,Disney Adventure World,Toon Studio,Crush's Coaster Single Rider,65,True
2026-09-01,09:43,Disney Adventure World,Toon Studio,Les Tapis Volants - Flying Carpets Over Agrabah®,0,True
2026-09-01,09:43,Disney Adventure World,Toon Studio,Ratatouille : L’Aventure Totalement Toquée de Rémy​,45,True
2026-09-01,09:43,Disney Adventure World,Toon Studio,Ratatouille: The Adventure Single Rider,5,True
2026-09-01,09:43,Disney Adventure World,Toon Studio,RC Racer,25,True
2026-09-01,09:43,Disney Adventure World,Toon Studio,RC Racer Single Rider,15,True
2026-09-01,09:43,Disney Adventure World,Toon Studio,Slinky® Dog Zigzag Spin,5,True
2026-09-01,09:43,Disney Adventure World,Toon Studio,Toy Soldiers Parachute Drop,0,False
2026-09-01,09:43,Disney Adventure World,Toon Studio,Toy Soldiers Parachute Drop Single Rider,0,False
2026-09-01,09:43,Disney Adventure World,World of Frozen,Entry to World of Frozen,0,True
2026-09-01,09:43,Disney Adventure World,World of Frozen,Frozen Ever After,60,True
2026-09-01,09:43,Disney Adventure World,World of Frozen,Raiponce Tangled Spin,5,True
2026-09-01,09:48,Disneyland Park,Adventureland,Adventure Isle,0,True
2026-09-01,09:48,Disneyland Park,Adventureland,Indiana Jones and the Temple of Peril Single Rider,5,True
2026-09-01,09:48,Disneyland Park,Adventureland,Indiana Jones™ and the Temple of Peril,5,True
2026-09-01,09:48,Disneyland Park,Adventureland,La Cabane des Robinson,0,True
2026-09-01,09:48,Disneyland Park,Adventureland,Le Passage Enchanté d'Aladdin,0,True
2026-09-01,09:48,Disneyland Park,Adventureland,Pirate Galleon,0,False
2026-09-01,09:48,Disneyland Park,Adventureland,Pirates of the Caribbean,5,True
2026-09-01,09:48,Disneyland Park,Adventureland,Pirates' Beach,0,True
2026-09-01,09:48,Disneyland Park,Discoveryland,"Autopia, presented by Avis",70,True
2026-09-01,09:48,Disneyland Park,Discoveryland,Buzz Lightyear Laser Blast,0,False
2026-09-01,09:48,Disneyland Park,Discoveryland,Disneyland Railroad Discoveryland Station,0,False
2026-09-01,09:48,Disneyland Park,Discoveryland,Les Mystères du Nautilus,5,True
2026-09-01,09:48,Disneyland Park,Discoveryland,Mickey’s PhilharMagic,0,False
2026-09-01,09:48,Disneyland Park,Discoveryland,Orbitron®,0,True
2026-09-01,09:48,Disneyland Park,Discoveryland,Star Tours: The Adventures Continue*,5,True
2026-09-01,09:48,Disneyland Park,Discoveryland,Star Wars Hyperspace Mountain,25,True
2026-09-01,09:48,Disneyland Park,Discoveryland,Star Wars Hyperspace Mountain Single Rider,0,True
2026-09-01,09:48,Disneyland Park,Discoveryland,Welcome to Starport: A Star Wars Encounter,0,False
2026-09-01,09:48,Disneyland Park,Fantasyland,"""it's a small world""",5,True
2026-09-01,09:48,Disneyland Park,Fantasyland,Alice's Curious Labyrinth,0,True
2026-09-01,09:48,Disneyland Park,Fantasyland,Blanche-Neige et les Sept Nains®,0,True
2026-09-01,09:48,Disneyland Park,Fantasyland,Casey Jr. – le Petit Train du Cirque,0,False
2026-09-01,09:48,Disneyland Park,Fantasyland,Disneyland Railroad Fantasyland Station,0,False
2026-09-01,09:48,Disneyland Park,Fantasyland,Disneyland Railroad Main Street Station,0,False
2026-09-01,09:48,Disneyland Park,Fantasyland,Dumbo the Flying Elephant,20,True
2026-09-01,09:48,Disneyland Park,Fantasyland,La Tanière du Dragon,0,True
2026-09-01,09:48,Disneyland Park,Fantasyland,Le Carrousel de Lancelot,0,False
2026-09-01,09:48,Disneyland Park,Fantasyland,"Le Pays des Contes de Fées, presented by Vittel",0,False
2026-09-01,09:48,Disneyland Park,Fantasyland,Les Voyages de Pinocchio,15,True
2026-09-01,09:48,Disneyland Park,Fantasyland,Mad Hatter's Tea Cups,5,True
2026-09-01,09:48,Disneyland Park,Fantasyland,Meet Mickey Mouse,0,False
2026-09-01,09:48,Disneyland Park,Fantasyland,Peter Pan's Flight,0,False
2026-09-01,09:48,Disneyland Park,Fantasyland,Princess Pavilion,0,False
2026-09-01,09:48,Disneyland Park,Frontierland,Big Thunder Mountain,0,False
2026-09-01,09:48,Disneyland Park,Frontierland,Disneyland Railroad Frontierland Depot,0,False
2026-09-01,09:48,Disneyland Park,Frontierland,Frontierland Playground,0,True
2026-09-01,09:48,Disneyland Park,Frontierland,Phantom Manor,0,True
2026-09-01,09:48,Disneyland Park,Frontierland,River Rogue Keelboats,0,False
2026-09-01,09:48,Disneyland Park,Frontierland,Rustler Roundup Shootin' Gallery,0,True
2026-09-01,09:48,Disneyland Park,Frontierland,Thunder Mesa Riverboat Landing,0,True
2026-09-01,09:48,Disneyland Park,Main Street U.S.A,Disneyland Railroad Main Street Station,0,False
2026-09-01,09:48,Disneyland Park,Main Street U.S.A,Main Street Vehicles,5,True
2026-09-01,09:48,Disney Adventure World,Marvel Avengers Campus,Avengers Assemble: Flight Force,10,True
2026-09-01,09:48,Disney Adventure World,Marvel Avengers Campus,Avengers Assemble: Flight Force Single Rider,5,True
2026-09-01,09:48,Disney Adventure World,Marvel Avengers Campus,Spider-Man W.E.B. Adventure,35,True
2026-09-01,09:48,Disney Adventure World,Marvel Avengers Campus,Spider-Man W.E.B. Adventure Single Rider,5,True
2026-09-01,09:48,Disney Adventure World,Production Courtyard,The Twilight Zone Tower of Terror,10,True
2026-09-01,09:48,Disney Adventure World,Toon Studio,Cars Quatre Roues Rallye,5,True
2026-09-01,09:48,Disney Adventure World,Toon Studio,Cars ROAD TRIP,5,True
2026-09-01,09:48,Disney Adventure World,Toon Studio,Crush's Coaster,110,True
2026-09-01,09:48,Disney Adventure World,Toon Studio,Crush's Coaster Single Rider,55,True
2026-09-01,09:48,Disney Adventure World,Toon Studio,Les Tapis Volants - Flying Carpets Over Agrabah®,5,True
2026-09-01,09:48,Disney Adventure World,Toon Studio,Ratatouille : L’Aventure Totalement Toquée de Rémy​,45,True
2026-09-01,09:48,Disney Adventure World,Toon Studio,Ratatouille: The Adventure Single Rider,5,True
2026-09-01,09:48,Disney Adventure World,Toon Studio,RC Racer,30,True
2026-09-01,09:48,Disney Adventure World,Toon Studio,RC Racer Single Rider,25,True
2026-09-01,09:48,Disney Adventure World,Toon Studio,Slinky® Dog Zigzag Spin,5,True
2026-09-01,09:48,Disney Adventure World,Toon Studio,Toy Soldiers Parachute Drop,0,False
2026-09-01,09:48,Disney Adventure World,Toon Studio,Toy Soldiers Parachute Drop Single Rider,0,False
2026-09-01,09:48,Disney Adventure World,World of Frozen,Entry to World of Frozen,0,True
2026-09-01,09:48,Disney Adventure World,World of Frozen,Frozen Ever After,65,True
2026-09-01,09:48,Disney Adventure World,World of Frozen,Raiponce Tangled Spin,5,True
2026-09-01,09:53,Disneyland Park,Adventureland,Adventure Isle,0,True
2026-09-01,09:53,Disneyland Park,Adventureland,Indiana Jones and the Temple of Peril Single Rider,5,True
2026-09-01,09:53,Disneyland Park,Adventureland,Indiana Jones™ and the Temple of Peril,5,True
2026-09-01,09:53,Disneyland Park,Adventureland,La Cabane des Robinson,0,True
2026-09-01,09:53,Disneyland Park,Adventureland,Le Passage Enchanté d'Aladdin,0,True
2026-09-01,09:53,Disneyland Park,Adventureland,Pirate Galleon,0,False
2026-09-01,09:53,Disneyland Park,Adventureland,Pirates of the Caribbean,5,True
2026-09-01,09:53,Disneyland Park,Adventureland,Pirates' Beach,0,True
2026-09-01,09:53,Disneyland Park,Discoveryland,"Autopia, presented by Avis",50,True
2026-09-01,09:53,Disneyland Park,Discoveryland,Buzz Lightyear Laser Blast,0,False
2026-09-01,09:53,Disneyland Park,Discoveryland,Disneyland Railroad Discoveryland Station,0,False
2026-09-01,09:53,Disneyland Park,Discoveryland,Les Mystères du Nautilus,5,True
2026-09-01,09:53,Disneyland Park,Discoveryland,Mickey’s PhilharMagic,0,False
2026-09-01,09:53,Disneyland Park,Discoveryland,Orbitron®,0,True
2026-09-01,09:53,Disneyland Park,Discoveryland,Star Tours: The Adventures Continue*,5,True
2026-09-01,09:53,Disneyland Park,Discoveryland,Star Wars Hyperspace Mountain,25,True
2026-09-01,09:53,Disneyland Park,Discoveryland,Star Wars Hyperspace Mountain Single Rider,0,True
2026-09-01,09:53,Disneyland Park,Discoveryland,Welcome to Starport: A Star Wars Encounter,0,False
2026-09-01,09:53,Disneyland Park,Fantasyland,"""it's a small world""",5,True
2026-09-01,09:53,Disneyland Park,Fantasyland,Alice's Curious Labyrinth,0,True
2026-09-01,09:53,Disneyland Park,Fantasyland,Blanche-Neige et les Sept Nains®,0,True
2026-09-01,09:53,Disneyland Park,Fantasyland,Casey Jr. – le Petit Train du Cirque,0,False
2026-09-01,09:53,Disneyland Park,Fantasyland,Disneyland Railroad Fantasyland Station,0,False
2026-09-01,09:53,Disneyland Park,Fantasyland,Disneyland Railroad Main Street Station,0,False
2026-09-01,09:53,Disneyland Park,Fantasyland,Dumbo the Flying Elephant,20,True
2026-09-01,09:53,Disneyland Park,Fantasyland,La Tanière du Dragon,0,True
2026-09-01,09:53,Disneyland Park,Fantasyland,Le Carrousel de Lancelot,0,False
2026-09-01,09:53,Disneyland Park,Fantasyland,"Le Pays des Contes de Fées, presented by Vittel",0,False
2026-09-01,09:53,Disneyland Park,Fantasyland,Les Voyages de Pinocchio,15,True
2026-09-01,09:53,Disneyland Park,Fantasyland,Mad Hatter's Tea Cups,5,True
2026-09-01,09:53,Disneyland Park,Fantasyland,Meet Mickey Mouse,0,False
2026-09-01,09:53,Disneyland Park,Fantasyland,Peter Pan's Flight,0,False
2026-09-01,09:53,Disneyland Park,Fantasyland,Princess Pavilion,0,False
2026-09-01,09:53,Disneyland Park,Frontierland,Big Thunder Mountain,0,False
2026-09-01,09:53,Disneyland Park,Frontierland,Disneyland Railroad Frontierland Depot,0,False
2026-09-01,09:53,Disneyland Park,Frontierland,Frontierland Playground,0,True
2026-09-01,09:53,Disneyland Park,Frontierland,Phantom Manor,5,True
2026-09-01,09:53,Disneyland Park,Frontierland,River Rogue Keelboats,0,False
2026-09-01,09:53,Disneyland Park,Frontierland,Rustler Roundup Shootin' Gallery,0,True
2026-09-01,09:53,Disneyland Park,Frontierland,Thunder Mesa Riverboat Landing,0,True
2026-09-01,09:53,Disneyland Park,Main Street U.S.A,Disneyland Railroad Main Street Station,0,False
2026-09-01,09:53,Disneyland Park,Main Street U.S.A,Main Street Vehicles,5,True
2026-09-01,09:53,Disney Adventure World,Marvel Avengers Campus,Avengers Assemble: Flight Force,10,True
2026-09-01,09:53,Disney Adventure World,Marvel Avengers Campus,Avengers Assemble: Flight Force Single Rider,5,True
2026-09-01,09:53,Disney Adventure World,Marvel Avengers Campus,Spider-Man W.E.B. Adventure,35,True
2026-09-01,09:53,Disney Adventure World,Marvel Avengers Campus,Spider-Man W.E.B. Adventure Single Rider,5,True
2026-09-01,09:53,Disney Adventure World,Production Courtyard,The Twilight Zone Tower of Terror,10,True
2026-09-01,09:53,Disney Adventure World,Toon Studio,Cars Quatre Roues Rallye,5,True
2026-09-01,09:53,Disney Adventure World,Toon Studio,Cars ROAD TRIP,5,True
2026-09-01,09:53,Disney Adventure World,Toon Studio,Crush's Coaster,110,True
2026-09-01,09:53,Disney Adventure World,Toon Studio,Crush's Coaster Single Rider,45,True
2026-09-01,09:53,Disney Adventure World,Toon Studio,Les Tapis Volants - Flying Carpets Over Agrabah®,5,True
2026-09-01,09:53,Disney Adventure World,Toon Studio,Ratatouille : L’Aventure Totalement Toquée de Rémy​,45,True
2026-09-01,09:53,Disney Adventure World,Toon Studio,Ratatouille: The Adventure Single Rider,5,True
2026-09-01,09:53,Disney Adventure World,Toon Studio,RC Racer,30,True
2026-09-01,09:53,Disney Adventure World,Toon Studio,RC Racer Single Rider,25,True
2026-09-01,09:53,Disney Adventure World,Toon Studio,Slinky® Dog Zigzag Spin,5,True
2026-09-01,09:53,Disney Adventure World,Toon Studio,Toy Soldiers Parachute Drop,0,False
2026-09-01,09:53,Disney Adventure World,Toon Studio,Toy Soldiers Parachute Drop Single Rider,0,False
2026-09-01,09:53,Disney Adventure World,World of Frozen,Entry to World of Frozen,0,True
2026-09-01,09:53,Disney Adventure World,World of Frozen,Frozen Ever After,65,True
2026-09-01,09:53,Disney Adventure World,World of Frozen,Raiponce Tangled Spin,5,True
2026-09-01,09:58,Disneyland Park,Adventureland,Adventure Isle,0,True
2026-09-01,09:58,Disneyland Park,Adventureland,Indiana Jones and the Temple of Peril Single Rider,5,True
2026-09-01,09:58,Disneyland Park,Adventureland,Indiana Jones™ and the Temple of Peril,5,True
2026-09-01,09:58,Disneyland Park,Adventureland,La Cabane des Robinson,0,True
2026-09-01,09:58,Disneyland Park,Adventureland,Le Passage Enchanté d'Aladdin,0,True
2026-09-01,09:58,Disneyland Park,Adventureland,Pirate Galleon,0,False
2026-09-01,09:58,Disneyland Park,Adventureland,Pirates of the Caribbean,5,True
2026-09-01,09:58,Disneyland Park,Adventureland,Pirates' Beach,0,True
2026-09-01,09:58,Disneyland Park,Discoveryland,"Autopia, presented by Avis",50,True
2026-09-01,09:58,Disneyland Park,Discoveryland,Buzz Lightyear Laser Blast,5,True
2026-09-01,09:58,Disneyland Park,Discoveryland,Disneyland Railroad Discoveryland Station,0,False
2026-09-01,09:58,Disneyland Park,Discoveryland,Les Mystères du Nautilus,5,True
2026-09-01,09:58,Disneyland Park,Discoveryland,Mickey’s PhilharMagic,0,False
2026-09-01,09:58,Disneyland Park,Discoveryland,Orbitron®,55,True
2026-09-01,09:58,Disneyland Park,Discoveryland,Star Tours: The Adventures Continue*,5,True
2026-09-01,09:58,Disneyland Park,Discoveryland,Star Wars Hyperspace Mountain,15,True
2026-09-01,09:58,Disneyland Park,Discoveryland,Star Wars Hyperspace Mountain Single Rider,0,True
2026-09-01,09:58,Disneyland Park,Discoveryland,Welcome to Starport: A Star Wars Encounter,0,False
2026-09-01,09:58,Disneyland Park,Fantasyland,"""it's a small world""",5,True
2026-09-01,09:58,Disneyland Park,Fantasyland,Alice's Curious Labyrinth,0,True
2026-09-01,09:58,Disneyland Park,Fantasyland,Blanche-Neige et les Sept Nains®,0,True
2026-09-01,09:58,Disneyland Park,Fantasyland,Casey Jr. – le Petit Train du Cirque,0,True
2026-09-01,09:58,Disneyland Park,Fantasyland,Disneyland Railroad Fantasyland Station,0,False
2026-09-01,09:58,Disneyland Park,Fantasyland,Disneyland Railroad Main Street Station,0,False
2026-09-01,09:58,Disneyland Park,Fantasyland,Dumbo the Flying Elephant,20,True
2026-09-01,09:58,Disneyland Park,Fantasyland,La Tanière du Dragon,0,True
2026-09-01,09:58,Disneyland Park,Fantasyland,Le Carrousel de Lancelot,0,True
2026-09-01,09:58,Disneyland Park,Fantasyland,"Le Pays des Contes de Fées, presented by Vittel",5,True
2026-09-01,09:58,Disneyland Park,Fantasyland,Les Voyages de Pinocchio,15,True
2026-09-01,09:58,Disneyland Park,Fantasyland,Mad Hatter's Tea Cups,5,True
2026-09-01,09:58,Disneyland Park,Fantasyland,Meet Mickey Mouse,0,False
2026-09-01,09:58,Disneyland Park,Fantasyland,Peter Pan's Flight,0,False
2026-09-01,09:58,Disneyland Park,Fantasyland,Princess Pavilion,0,False
2026-09-01,09:58,Disneyland Park,Frontierland,Big Thunder Mountain,0,False
2026-09-01,09:58,Disneyland Park,Frontierland,Disneyland Railroad Frontierland Depot,0,False
2026-09-01,09:58,Disneyland Park,Frontierland,Frontierland Playground,0,True
2026-09-01,09:58,Disneyland Park,Frontierland,Phantom Manor,5,True
2026-09-01,09:58,Disneyland Park,Frontierland,River Rogue Keelboats,0,False
2026-09-01,09:58,Disneyland Park,Frontierland,Rustler Roundup Shootin' Gallery,0,True
2026-09-01,09:58,Disneyland Park,Frontierland,Thunder Mesa Riverboat Landing,0,True
2026-09-01,09:58,Disneyland Park,Main Street U.S.A,Disneyland Railroad Main Street Station,0,False
2026-09-01,09:58,Disneyland Park,Main Street U.S.A,Main Street Vehicles,5,True
2026-09-01,09:58,Disney Adventure World,Marvel Avengers Campus,Avengers Assemble: Flight Force,10,True
2026-09-01,09:58,Disney Adventure World,Marvel Avengers Campus,Avengers Assemble: Flight Force Single Rider,5,True
2026-09-01,09:58,Disney Adventure World,Marvel Avengers Campus,Spider-Man W.E.B. Adventure,35,True
2026-09-01,09:58,Disney Adventure World,Marvel Avengers Campus,Spider-Man W.E.B. Adventure Single Rider,5,True
2026-09-01,09:58,Disney Adventure World,Production Courtyard,The Twilight Zone Tower of Terror,10,True
2026-09-01,09:58,Disney Adventure World,Toon Studio,Cars Quatre Roues Rallye,5,True
2026-09-01,09:58,Disney Adventure World,Toon Studio,Cars ROAD TRIP,5,True
2026-09-01,09:58,Disney Adventure World,Toon Studio,Crush's Coaster,100,True
2026-09-01,09:58,Disney Adventure World,Toon Studio,Crush's Coaster Single Rider,45,True
2026-09-01,09:58,Disney Adventure World,Toon Studio,Les Tapis Volants - Flying Carpets Over Agrabah®,5,True
2026-09-01,09:58,Disney Adventure World,Toon Studio,Ratatouille : L’Aventure Totalement Toquée de Rémy​,45,True
2026-09-01,09:58,Disney Adventure World,Toon Studio,Ratatouille: The Adventure Single Rider,5,True
2026-09-01,09:58,Disney Adventure World,Toon Studio,RC Racer,30,True
2026-09-01,09:58,Disney Adventure World,Toon Studio,RC Racer Single Rider,25,True
2026-09-01,09:58,Disney Adventure World,Toon Studio,Slinky® Dog Zigzag Spin,5,True
2026-09-01,09:58,Disney Adventure World,Toon Studio,Toy Soldiers Parachute Drop,0,False
2026-09-01,09:58,Disney Adventure World,Toon Studio,Toy Soldiers Parachute Drop Single Rider,0,False
2026-09-01,09:58,Disney Adventure World,World of Frozen,Entry to World of Frozen,0,True
2026-09-01,09:58,Disney Adventure World,World of Frozen,Frozen Ever After,75,True
2026-09-01,09:58,Disney Adventure World,World of Frozen,Raiponce Tangled Spin,5,True
2026-09-01,10:03,Disneyland Park,Adventureland,Adventure Isle,0,True
2026-09-01,10:03,Disneyland Park,Adventureland,Indiana Jones and the Temple of Peril Single Rider,5,True
2026-09-01,10:03,Disneyland Park,Adventureland,Indiana Jones™ and the Temple of Peril,5,True
2026-09-01,10:03,Disneyland Park,Adventureland,La Cabane des Robinson,0,True
2026-09-01,10:03,Disneyland Park,Adventureland,Le Passage Enchanté d'Aladdin,0,True
2026-09-01,10:03,Disneyland Park,Adventureland,Pirate Galleon,0,False
2026-09-01,10:03,Disneyland Park,Adventureland,Pirates of the Caribbean,5,True
2026-09-01,10:03,Disneyland Park,Adventureland,Pirates' Beach,0,True
2026-09-01,10:03,Disneyland Park,Discoveryland,"Autopia, presented by Avis",50,True
2026-09-01,10:03,Disneyland Park,Discoveryland,Buzz Lightyear Laser Blast,15,True
2026-09-01,10:03,Disneyland Park,Discoveryland,Disneyland Railroad Discoveryland Station,0,False
2026-09-01,10:03,Disneyland Park,Discoveryland,Les Mystères du Nautilus,5,True
2026-09-01,10:03,Disneyland Park,Discoveryland,Mickey’s PhilharMagic,0,False
2026-09-01,10:03,Disneyland Park,Discoveryland,Orbitron®,55,True
2026-09-01,10:03,Disneyland Park,Discoveryland,Star Tours: The Adventures Continue*,5,True
2026-09-01,10:03,Disneyland Park,Discoveryland,Star Wars Hyperspace Mountain,15,True
2026-09-01,10:03,Disneyland Park,Discoveryland,Star Wars Hyperspace Mountain Single Rider,0,True
2026-09-01,10:03,Disneyland Park,Discoveryland,Welcome to Starport: A Star Wars Encounter,0,False
2026-09-01,10:03,Disneyland Park,Fantasyland,"""it's a small world""",5,True
2026-09-01,10:03,Disneyland Park,Fantasyland,Alice's Curious Labyrinth,0,True
2026-09-01,10:03,Disneyland Park,Fantasyland,Blanche-Neige et les Sept Nains®,0,True
2026-09-01,10:03,Disneyland Park,Fantasyland,Casey Jr. – le Petit Train du Cirque,0,True
2026-09-01,10:03,Disneyland Park,Fantasyland,Disneyland Railroad Fantasyland Station,0,False
2026-09-01,10:03,Disneyland Park,Fantasyland,Disneyland Railroad Main Street Station,0,False
2026-09-01,10:03,Disneyland Park,Fantasyland,Dumbo the Flying Elephant,30,True
2026-09-01,10:03,Disneyland Park,Fantasyland,La Tanière du Dragon,0,True
2026-09-01,10:03,Disneyland Park,Fantasyland,Le Carrousel de Lancelot,0,True
2026-09-01,10:03,Disneyland Park,Fantasyland,"Le Pays des Contes de Fées, presented by Vittel",5,True
2026-09-01,10:03,Disneyland Park,Fantasyland,Les Voyages de Pinocchio,15,True
2026-09-01,10:03,Disneyland Park,Fantasyland,Mad Hatter's Tea Cups,5,True
2026-09-01,10:03,Disneyland Park,Fantasyland,Meet Mickey Mouse,0,False
2026-09-01,10:03,Disneyland Park,Fantasyland,Peter Pan's Flight,0,False
2026-09-01,10:03,Disneyland Park,Fantasyland,Princess Pavilion,0,False
2026-09-01,10:03,Disneyland Park,Frontierland,Big Thunder Mountain,75,True
2026-09-01,10:03,Disneyland Park,Frontierland,Disneyland Railroad Frontierland Depot,0,False
2026-09-01,10:03,Disneyland Park,Frontierland,Frontierland Playground,0,True
2026-09-01,10:03,Disneyland Park,Frontierland,Phantom Manor,5,True
2026-09-01,10:03,Disneyland Park,Frontierland,River Rogue Keelboats,0,False
2026-09-01,10:03,Disneyland Park,Frontierland,Rustler Roundup Shootin' Gallery,0,True
2026-09-01,10:03,Disneyland Park,Frontierland,Thunder Mesa Riverboat Landing,0,True
2026-09-01,10:03,Disneyland Park,Main Street U.S.A,Disneyland Railroad Main Street Station,0,False
2026-09-01,10:03,Disneyland Park,Main Street U.S.A,Main Street Vehicles,5,True
2026-09-01,10:03,Disney Adventure World,Marvel Avengers Campus,Avengers Assemble: Flight Force,10,True
2026-09-01,10:03,Disney Adventure World,Marvel Avengers Campus,Avengers Assemble: Flight Force Single Rider,5,True
2026-09-01,10:03,Disney Adventure World,Marvel Avengers Campus,Spider-Man W.E.B. Adventure,35,True
2026-09-01,10:03,Disney Adventure World,Marvel Avengers Campus,Spider-Man W.E.B. Adventure Single Rider,5,True
2026-09-01,10:03,Disney Adventure World,Production Courtyard,The Twilight Zone Tower of Terror,20,True
2026-09-01,10:03,Disney Adventure World,Toon Studio,Cars Quatre Roues Rallye,5,True
2026-09-01,10:03,Disney Adventure World,Toon Studio,Cars ROAD TRIP,5,True
2026-09-01,10:03,Disney Adventure World,Toon Studio,Crush's Coaster,100,True
2026-09-01,10:03,Disney Adventure World,Toon Studio,Crush's Coaster Single Rider,55,True
2026-09-01,10:03,Disney Adventure World,Toon Studio,Les Tapis Volants - Flying Carpets Over Agrabah®,5,True
2026-09-01,10:03,Disney Adventure World,Toon Studio,Ratatouille : L’Aventure Totalement Toquée de Rémy​,45,True
2026-09-01,10:03,Disney Adventure World,Toon Studio,Ratatouille: The Adventure Single Rider,5,True
2026-09-01,10:03,Disney Adventure World,Toon Studio,RC Racer,35,True
2026-09-01,10:03,Disney Adventure World,Toon Studio,RC Racer Single Rider,30,True
2026-09-01,10:03,Disney Adventure World,Toon Studio,Slinky® Dog Zigzag Spin,10,True
2026-09-01,10:03,Disney Adventure World,Toon Studio,Toy Soldiers Parachute Drop,0,False
2026-09-01,10:03,Disney Adventure World,Toon Studio,Toy Soldiers Parachute Drop Single Rider,0,False
2026-09-01,10:03,Disney Adventure World,World of Frozen,Entry to World of Frozen,0,True
2026-09-01,10:03,Disney Adventure World,World of Frozen,Frozen Ever After,75,True
2026-09-01,10:03,Disney Adventure World,World of Frozen,Raiponce Tangled Spin,5,True
2026-09-01,10:08,Disneyland Park,Adventureland,Adventure Isle,0,True
2026-09-01,10:08,Disneyland Park,Adventureland,Indiana Jones and the Temple of Peril Single Rider,5,True
2026-09-01,10:08,Disneyland Park,Adventureland,Indiana Jones™ and the Temple of Peril,5,True
2026-09-01,10:08,Disneyland Park,Adventureland,La Cabane des Robinson,0,True
2026-09-01,10:08,Disneyland Park,Adventureland,Le Passage Enchanté d'Aladdin,0,True
2026-09-01,10:08,Disneyland Park,Adventureland,Pirate Galleon,0,False
2026-09-01,10:08,Disneyland Park,Adventureland,Pirates of the Caribbean,5,True
2026-09-01,10:08,Disneyland Park,Adventureland,Pirates' Beach,0,True
2026-09-01,10:08,Disneyland Park,Discoveryland,"Autopia, presented by Avis",50,True
2026-09-01,10:08,Disneyland Park,Discoveryland,Buzz Lightyear Laser Blast,20,True
2026-09-01,10:08,Disneyland Park,Discoveryland,Disneyland Railroad Discoveryland Station,0,False
2026-09-01,10:08,Disneyland Park,Discoveryland,Les Mystères du Nautilus,5,True
2026-09-01,10:08,Disneyland Park,Discoveryland,Mickey’s PhilharMagic,0,False
2026-09-01,10:08,Disneyland Park,Discoveryland,Orbitron®,55,True
2026-09-01,10:08,Disneyland Park,Discoveryland,Star Tours: The Adventures Continue*,10,True
2026-09-01,10:08,Disneyland Park,Discoveryland,Star Wars Hyperspace Mountain,15,True
2026-09-01,10:08,Disneyland Park,Discoveryland,Star Wars Hyperspace Mountain Single Rider,0,True
2026-09-01,10:08,Disneyland Park,Discoveryland,Welcome to Starport: A Star Wars Encounter,30,True
2026-09-01,10:08,Disneyland Park,Fantasyland,"""it's a small world""",5,True
2026-09-01,10:08,Disneyland Park,Fantasyland,Alice's Curious Labyrinth,0,True
2026-09-01,10:08,Disneyland Park,Fantasyland,Blanche-Neige et les Sept Nains®,0,True
2026-09-01,10:08,Disneyland Park,Fantasyland,Casey Jr. – le Petit Train du Cirque,0,True
2026-09-01,10:08,Disneyland Park,Fantasyland,Disneyland Railroad Fantasyland Station,0,False
2026-09-01,10:08,Disneyland Park,Fantasyland,Disneyland Railroad Main Street Station,0,False
2026-09-01,10:08,Disneyland Park,Fantasyland,Dumbo the Flying Elephant,30,True
2026-09-01,10:08,Disneyland Park,Fantasyland,La Tanière du Dragon,0,True
2026-09-01,10:08,Disneyland Park,Fantasyland,Le Carrousel de Lancelot,0,True
2026-09-01,10:08,Disneyland Park,Fantasyland,"Le Pays des Contes de Fées, presented by Vittel",5,True
2026-09-01,10:08,Disneyland Park,Fantasyland,Les Voyages de Pinocchio,15,True
2026-09-01,10:08,Disneyland Park,Fantasyland,Mad Hatter's Tea Cups,5,True
2026-09-01,10:08,Disneyland Park,Fantasyland,Meet Mickey Mouse,0,True
2026-09-01,10:08,Disneyland Park,Fantasyland,Peter Pan's Flight,0,False
2026-09-01,10:08,Disneyland Park,Fantasyland,Princess Pavilion,0,True
2026-09-01,10:08,Disneyland Park,Frontierland,Big Thunder Mountain,75,True
2026-09-01,10:08,Disneyland Park,Frontierland,Disneyland Railroad Frontierland Depot,0,False
2026-09-01,10:08,Disneyland Park,Frontierland,Frontierland Playground,0,True
2026-09-01,10:08,Disneyland Park,Frontierland,Phantom Manor,5,True
2026-09-01,10:08,Disneyland Park,Frontierland,River Rogue Keelboats,0,False
2026-09-01,10:08,Disneyland Park,Frontierland,Rustler Roundup Shootin' Gallery,0,True
2026-09-01,10:08,Disneyland Park,Frontierland,Thunder Mesa Riverboat Landing,0,True
2026-09-01,10:08,Disneyland Park,Main Street U.S.A,Disneyland Railroad Main Street Station,0,False
2026-09-01,10:08,Disneyland Park,Main Street U.S.A,Main Street Vehicles,5,True
2026-09-01,10:08,Disney Adventure World,Marvel Avengers Campus,Avengers Assemble: Flight Force,10,True
2026-09-01,10:08,Disney Adventure World,Marvel Avengers Campus,Avengers Assemble: Flight Force Single Rider,5,True
2026-09-01,10:08,Disney Adventure World,Marvel Avengers Campus,Spider-Man W.E.B. Adventure,40,True
2026-09-01,10:08,Disney Adventure World,Marvel Avengers Campus,Spider-Man W.E.B. Adventure Single Rider,5,True
2026-09-01,10:08,Disney Adventure World,Production Courtyard,The Twilight Zone Tower of Terror,25,True
2026-09-01,10:08,Disney Adventure World,Toon Studio,Cars Quatre Roues Rallye,15,True
2026-09-01,10:08,Disney Adventure World,Toon Studio,Cars ROAD TRIP,5,True
2026-09-01,10:08,Disney Adventure World,Toon Studio,Crush's Coaster,100,True
2026-09-01,10:08,Disney Adventure World,Toon Studio,Crush's Coaster Single Rider,65,True
2026-09-01,10:08,Disney Adventure World,Toon Studio,Les Tapis Volants - Flying Carpets Over Agrabah®,5,True
2026-09-01,10:08,Disney Adventure World,Toon Studio,Ratatouille : L’Aventure Totalement Toquée de Rémy​,45,True
2026-09-01,10:08,Disney Adventure World,Toon Studio,Ratatouille: The Adventure Single Rider,5,True
2026-09-01,10:08,Disney Adventure World,Toon Studio,RC Racer,35,True
2026-09-01,10:08,Disney Adventure World,Toon Studio,RC Racer Single Rider,30,True
2026-09-01,10:08,Disney Adventure World,Toon Studio,Slinky® Dog Zigzag Spin,10,True
2026-09-01,10:08,Disney Adventure World,Toon Studio,Toy Soldiers Parachute Drop,0,False
2026-09-01,10:08,Disney Adventure World,Toon Studio,Toy Soldiers Parachute Drop Single Rider,0,False
2026-09-01,10:08,Disney Adventure World,World of Frozen,Entry to World of Frozen,0,True
2026-09-01,10:08,Disney Adventure World,World of Frozen,Frozen Ever After,75,True
2026-09-01,10:08,Disney Adventure World,World of Frozen,Raiponce Tangled Spin,5,True
2026-09-01,10:13,Disneyland Park,Adventureland,Adventure Isle,0,True
2026-09-01,10:13,Disneyland Park,Adventureland,Indiana Jones and the Temple of Peril Single Rider,5,True
2026-09-01,10:13,Disneyland Park,Adventureland,Indiana Jones™ and the Temple of Peril,5,True
2026-09-01,10:13,Disneyland Park,Adventureland,La Cabane des Robinson,0,True
2026-09-01,10:13,Disneyland Park,Adventureland,Le Passage Enchanté d'Aladdin,0,True
2026-09-01,10:13,Disneyland Park,Adventureland,Pirate Galleon,0,False
2026-09-01,10:13,Disneyland Park,Adventureland,Pirates of the Caribbean,5,True
2026-09-01,10:13,Disneyland Park,Adventureland,Pirates' Beach,0,True
2026-09-01,10:13,Disneyland Park,Discoveryland,"Autopia, presented by Avis",50,True
2026-09-01,10:13,Disneyland Park,Discoveryland,Buzz Lightyear Laser Blast,45,True
2026-09-01,10:13,Disneyland Park,Discoveryland,Disneyland Railroad Discoveryland Station,0,False
2026-09-01,10:13,Disneyland Park,Discoveryland,Les Mystères du Nautilus,5,True
2026-09-01,10:13,Disneyland Park,Discoveryland,Mickey’s PhilharMagic,0,False
2026-09-01,10:13,Disneyland Park,Discoveryland,Orbitron®,45,True
2026-09-01,10:13,Disneyland Park,Discoveryland,Star Tours: The Adventures Continue*,10,True
2026-09-01,10:13,Disneyland Park,Discoveryland,Star Wars Hyperspace Mountain,15,True
2026-09-01,10:13,Disneyland Park,Discoveryland,Star Wars Hyperspace Mountain Single Rider,0,True
2026-09-01,10:13,Disneyland Park,Discoveryland,Welcome to Starport: A Star Wars Encounter,30,True
2026-09-01,10:13,Disneyland Park,Fantasyland,"""it's a small world""",5,True
2026-09-01,10:13,Disneyland Park,Fantasyland,Alice's Curious Labyrinth,0,True
2026-09-01,10:13,Disneyland Park,Fantasyland,Blanche-Neige et les Sept Nains®,0,True
2026-09-01,10:13,Disneyland Park,Fantasyland,Casey Jr. – le Petit Train du Cirque,0,True
2026-09-01,10:13,Disneyland Park,Fantasyland,Disneyland Railroad Fantasyland Station,0,False
2026-09-01,10:13,Disneyland Park,Fantasyland,Disneyland Railroad Main Street Station,0,False
2026-09-01,10:13,Disneyland Park,Fantasyland,Dumbo the Flying Elephant,20,True
2026-09-01,10:13,Disneyland Park,Fantasyland,La Tanière du Dragon,0,True
2026-09-01,10:13,Disneyland Park,Fantasyland,Le Carrousel de Lancelot,0,True
2026-09-01,10:13,Disneyland Park,Fantasyland,"Le Pays des Contes de Fées, presented by Vittel",5,True
2026-09-01,10:13,Disneyland Park,Fantasyland,Les Voyages de Pinocchio,15,True
2026-09-01,10:13,Disneyland Park,Fantasyland,Mad Hatter's Tea Cups,5,True
2026-09-01,10:13,Disneyland Park,Fantasyland,Meet Mickey Mouse,0,True
2026-09-01,10:13,Disneyland Park,Fantasyland,Peter Pan's Flight,0,False
2026-09-01,10:13,Disneyland Park,Fantasyland,Princess Pavilion,0,True
2026-09-01,10:13,Disneyland Park,Frontierland,Big Thunder Mountain,75,True
2026-09-01,10:13,Disneyland Park,Frontierland,Disneyland Railroad Frontierland Depot,0,False
2026-09-01,10:13,Disneyland Park,Frontierland,Frontierland Playground,0,True
2026-09-01,10:13,Disneyland Park,Frontierland,Phantom Manor,5,True
2026-09-01,10:13,Disneyland Park,Frontierland,River Rogue Keelboats,0,False
2026-09-01,10:13,Disneyland Park,Frontierland,Rustler Roundup Shootin' Gallery,0,True
2026-09-01,10:13,Disneyland Park,Frontierland,Thunder Mesa Riverboat Landing,5,True
2026-09-01,10:13,Disneyland Park,Main Street U.S.A,Disneyland Railroad Main Street Station,0,False
2026-09-01,10:13,Disneyland Park,Main Street U.S.A,Main Street Vehicles,5,True
2026-09-01,10:13,Disney Adventure World,Marvel Avengers Campus,Avengers Assemble: Flight Force,10,True
2026-09-01,10:13,Disney Adventure World,Marvel Avengers Campus,Avengers Assemble: Flight Force Single Rider,5,True
2026-09-01,10:13,Disney Adventure World,Marvel Avengers Campus,Spider-Man W.E.B. Adventure,40,True
2026-09-01,10:13,Disney Adventure World,Marvel Avengers Campus,Spider-Man W.E.B. Adventure Single Rider,5,True
2026-09-01,10:13,Disney Adventure World,Production Courtyard,The Twilight Zone Tower of Terror,25,True
2026-09-01,10:13,Disney Adventure World,Toon Studio,Cars Quatre Roues Rallye,15,True
2026-09-01,10:13,Disney Adventure World,Toon Studio,Cars ROAD TRIP,5,True
2026-09-01,10:13,Disney Adventure World,Toon Studio,Crush's Coaster,100,True
2026-09-01,10:13,Disney Adventure World,Toon Studio,Crush's Coaster Single Rider,55,True
2026-09-01,10:13,Disney Adventure World,Toon Studio,Les Tapis Volants - Flying Carpets Over Agrabah®,5,True
2026-09-01,10:13,Disney Adventure World,Toon Studio,Ratatouille : L’Aventure Totalement Toquée de Rémy​,45,True
2026-09-01,10:13,Disney Adventure World,Toon Studio,Ratatouille: The Adventure Single Rider,5,True
2026-09-01,10:13,Disney Adventure World,Toon Studio,RC Racer,35,True
2026-09-01,10:13,Disney Adventure World,Toon Studio,RC Racer Single Rider,30,True
2026-09-01,10:13,Disney Adventure World,Toon Studio,Slinky® Dog Zigzag Spin,10,True
2026-09-01,10:13,Disney Adventure World,Toon Studio,Toy Soldiers Parachute Drop,0,False
2026-09-01,10:13,Disney Adventure World,Toon Studio,Toy Soldiers Parachute Drop Single Rider,0,False
2026-09-01,10:13,Disney Adventure World,World of Frozen,Entry to World of Frozen,0,True
2026-09-01,10:13,Disney Adventure World,World of Frozen,Frozen Ever After,65,True
2026-09-01,10:13,Disney Adventure World,World of Frozen,Raiponce Tangled Spin,5,True
2026-09-01,10:18,Disneyland Park,Adventureland,Adventure Isle,0,True
2026-09-01,10:18,Disneyland Park,Adventureland,Indiana Jones and the Temple of Peril Single Rider,5,True
2026-09-01,10:18,Disneyland Park,Adventureland,Indiana Jones™ and the Temple of Peril,5,True
2026-09-01,10:18,Disneyland Park,Adventureland,La Cabane des Robinson,0,True
2026-09-01,10:18,Disneyland Park,Adventureland,Le Passage Enchanté d'Aladdin,0,True
2026-09-01,10:18,Disneyland Park,Adventureland,Pirate Galleon,0,False
2026-09-01,10:18,Disneyland Park,Adventureland,Pirates of the Caribbean,5,True
2026-09-01,10:18,Disneyland Park,Adventureland,Pirates' Beach,0,True
2026-09-01,10:18,Disneyland Park,Discoveryland,"Autopia, presented by Avis",25,True
2026-09-01,10:18,Disneyland Park,Discoveryland,Buzz Lightyear Laser Blast,45,True
2026-09-01,10:18,Disneyland Park,Discoveryland,Disneyland Railroad Discoveryland Station,0,False
2026-09-01,10:18,Disneyland Park,Discoveryland,Les Mystères du Nautilus,5,True
2026-09-01,10:18,Disneyland Park,Discoveryland,Mickey’s PhilharMagic,0,False
2026-09-01,10:18,Disneyland Park,Discoveryland,Orbitron®,45,True
2026-09-01,10:18,Disneyland Park,Discoveryland,Star Tours: The Adventures Continue*,10,True
2026-09-01,10:18,Disneyland Park,Discoveryland,Star Wars Hyperspace Mountain,15,True
2026-09-01,10:18,Disneyland Park,Discoveryland,Star Wars Hyperspace Mountain Single Rider,0,True
2026-09-01,10:18,Disneyland Park,Discoveryland,Welcome to Starport: A Star Wars Encounter,30,True
2026-09-01,10:18,Disneyland Park,Fantasyland,"""it's a small world""",5,True
2026-09-01,10:18,Disneyland Park,Fantasyland,Alice's Curious Labyrinth,5,True
2026-09-01,10:18,Disneyland Park,Fantasyland,Blanche-Neige et les Sept Nains®,5,True
2026-09-01,10:18,Disneyland Park,Fantasyland,Casey Jr. – le Petit Train du Cirque,5,True
2026-09-01,10:18,Disneyland Park,Fantasyland,Disneyland Railroad Fantasyland Station,0,False
2026-09-01,10:18,Disneyland Park,Fantasyland,Disneyland Railroad Main Street Station,0,False
2026-09-01,10:18,Disneyland Park,Fantasyland,Dumbo the Flying Elephant,20,True
2026-09-01,10:18,Disneyland Park,Fantasyland,La Tanière du Dragon,0,True
2026-09-01,10:18,Disneyland Park,Fantasyland,Le Carrousel de Lancelot,5,True
2026-09-01,10:18,Disneyland Park,Fantasyland,"Le Pays des Contes de Fées, presented by Vittel",5,True
2026-09-01,10:18,Disneyland Park,Fantasyland,Les Voyages de Pinocchio,15,True
2026-09-01,10:18,Disneyland Park,Fantasyland,Mad Hatter's Tea Cups,5,True
2026-09-01,10:18,Disneyland Park,Fantasyland,Meet Mickey Mouse,0,True
2026-09-01,10:18,Disneyland Park,Fantasyland,Peter Pan's Flight,0,False
2026-09-01,10:18,Disneyland Park,Fantasyland,Princess Pavilion,0,True
2026-09-01,10:18,Disneyland Park,Frontierland,Big Thunder Mountain,75,True
2026-09-01,10:18,Disneyland Park,Frontierland,Disneyland Railroad Frontierland Depot,0,False
2026-09-01,10:18,Disneyland Park,Frontierland,Frontierland Playground,0,True
2026-09-01,10:18,Disneyland Park,Frontierland,Phantom Manor,5,True
2026-09-01,10:18,Disneyland Park,Frontierland,River Rogue Keelboats,0,False
2026-09-01,10:18,Disneyland Park,Frontierland,Rustler Roundup Shootin' Gallery,0,True
2026-09-01,10:18,Disneyland Park,Frontierland,Thunder Mesa Riverboat Landing,5,True
2026-09-01,10:18,Disneyland Park,Main Street U.S.A,Disneyland Railroad Main Street Station,0,False
2026-09-01,10:18,Disneyland Park,Main Street U.S.A,Main Street Vehicles,5,True
2026-09-01,10:18,Disney Adventure World,Marvel Avengers Campus,Avengers Assemble: Flight Force,5,True
2026-09-01,10:18,Disney Adventure World,Marvel Avengers Campus,Avengers Assemble: Flight Force Single Rider,5,True
2026-09-01,10:18,Disney Adventure World,Marvel Avengers Campus,Spider-Man W.E.B. Adventure,45,True
2026-09-01,10:18,Disney Adventure World,Marvel Avengers Campus,Spider-Man W.E.B. Adventure Single Rider,5,True
2026-09-01,10:18,Disney Adventure World,Production Courtyard,The Twilight Zone Tower of Terror,25,True
2026-09-01,10:18,Disney Adventure World,Toon Studio,Cars Quatre Roues Rallye,15,True
2026-09-01,10:18,Disney Adventure World,Toon Studio,Cars ROAD TRIP,5,True
2026-09-01,10:18,Disney Adventure World,Toon Studio,Crush's Coaster,45,True
2026-09-01,10:18,Disney Adventure World,Toon Studio,Crush's Coaster Single Rider,40,True
2026-09-01,10:18,Disney Adventure World,Toon Studio,Les Tapis Volants - Flying Carpets Over Agrabah®,5,True
2026-09-01,10:18,Disney Adventure World,Toon Studio,Ratatouille : L’Aventure Totalement Toquée de Rémy​,35,True
2026-09-01,10:18,Disney Adventure World,Toon Studio,Ratatouille: The Adventure Single Rider,5,True
2026-09-01,10:18,Disney Adventure World,Toon Studio,RC Racer,35,True
2026-09-01,10:18,Disney Adventure World,Toon Studio,RC Racer Single Rider,30,True
2026-09-01,10:18,Disney Adventure World,Toon Studio,Slinky® Dog Zigzag Spin,10,True
2026-09-01,10:18,Disney Adventure World,Toon Studio,Toy Soldiers Parachute Drop,0,False
2026-09-01,10:18,Disney Adventure World,Toon Studio,Toy Soldiers Parachute Drop Single Rider,0,False
2026-09-01,10:18,Disney Adventure World,World of Frozen,Entry to World of Frozen,0,True
2026-09-01,10:18,Disney Adventure World,World of Frozen,Frozen Ever After,70,True
2026-09-01,10:18,Disney Adventure World,World of Frozen,Raiponce Tangled Spin,5,True
2026-09-01,10:23,Disneyland Park,Adventureland,Adventure Isle,0,True
2026-09-01,10:23,Disneyland Park,Adventureland,Indiana Jones and the Temple of Peril Single Rider,5,True
2026-09-01,10:23,Disneyland Park,Adventureland,Indiana Jones™ and the Temple of Peril,5,True
2026-09-01,10:23,Disneyland Park,Adventureland,La Cabane des Robinson,0,True
2026-09-01,10:23,Disneyland Park,Adventureland,Le Passage Enchanté d'Aladdin,0,True
2026-09-01,10:23,Disneyland Park,Adventureland,Pirate Galleon,0,False
2026-09-01,10:23,Disneyland Park,Adventureland,Pirates of the Caribbean,5,True
2026-09-01,10:23,Disneyland Park,Adventureland,Pirates' Beach,0,True
2026-09-01,10:23,Disneyland Park,Discoveryland,"Autopia, presented by Avis",25,True
2026-09-01,10:23,Disneyland Park,Discoveryland,Buzz Lightyear Laser Blast,40,True
2026-09-01,10:23,Disneyland Park,Discoveryland,Disneyland Railroad Discoveryland Station,0,False
2026-09-01,10:23,Disneyland Park,Discoveryland,Les Mystères du Nautilus,5,True
2026-09-01,10:23,Disneyland Park,Discoveryland,Mickey’s PhilharMagic,0,False
2026-09-01,10:23,Disneyland Park,Discoveryland,Orbitron®,45,True
2026-09-01,10:23,Disneyland Park,Discoveryland,Star Tours: The Adventures Continue*,5,True
2026-09-01,10:23,Disneyland Park,Discoveryland,Star Wars Hyperspace Mountain,15,True
2026-09-01,10:23,Disneyland Park,Discoveryland,Star Wars Hyperspace Mountain Single Rider,0,True
2026-09-01,10:23,Disneyland Park,Discoveryland,Welcome to Starport: A Star Wars Encounter,30,True
2026-09-01,10:23,Disneyland Park,Fantasyland,"""it's a small world""",5,True
2026-09-01,10:23,Disneyland Park,Fantasyland,Alice's Curious Labyrinth,5,True
2026-09-01,10:23,Disneyland Park,Fantasyland,Blanche-Neige et les Sept Nains®,5,True
2026-09-01,10:23,Disneyland Park,Fantasyland,Casey Jr. – le Petit Train du Cirque,5,True
2026-09-01,10:23,Disneyland Park,Fantasyland,Disneyland Railroad Fantasyland Station,0,False
2026-09-01,10:23,Disneyland Park,Fantasyland,Disneyland Railroad Main Street Station,0,False
2026-09-01,10:23,Disneyland Park,Fantasyland,Dumbo the Flying Elephant,20,True
2026-09-01,10:23,Disneyland Park,Fantasyland,La Tanière du Dragon,0,True
2026-09-01,10:23,Disneyland Park,Fantasyland,Le Carrousel de Lancelot,5,True
2026-09-01,10:23,Disneyland Park,Fantasyland,"Le Pays des Contes de Fées, presented by Vittel",5,True
2026-09-01,10:23,Disneyland Park,Fantasyland,Les Voyages de Pinocchio,15,True
2026-09-01,10:23,Disneyland Park,Fantasyland,Mad Hatter's Tea Cups,5,True
2026-09-01,10:23,Disneyland Park,Fantasyland,Meet Mickey Mouse,0,True
2026-09-01,10:23,Disneyland Park,Fantasyland,Peter Pan's Flight,0,False
2026-09-01,10:23,Disneyland Park,Fantasyland,Princess Pavilion,0,True
2026-09-01,10:23,Disneyland Park,Frontierland,Big Thunder Mountain,0,False
2026-09-01,10:23,Disneyland Park,Frontierland,Disneyland Railroad Frontierland Depot,0,False
2026-09-01,10:23,Disneyland Park,Frontierland,Frontierland Playground,0,True
2026-09-01,10:23,Disneyland Park,Frontierland,Phantom Manor,5,True
2026-09-01,10:23,Disneyland Park,Frontierland,River Rogue Keelboats,0,False
2026-09-01,10:23,Disneyland Park,Frontierland,Rustler Roundup Shootin' Gallery,0,True
2026-09-01,10:23,Disneyland Park,Frontierland,Thunder Mesa Riverboat Landing,5,True
2026-09-01,10:23,Disneyland Park,Main Street U.S.A,Disneyland Railroad Main Street Station,0,False
2026-09-01,10:23,Disneyland Park,Main Street U.S.A,Main Street Vehicles,5,True
2026-09-01,10:23,Disney Adventure World,Marvel Avengers Campus,Avengers Assemble: Flight Force,10,True
2026-09-01,10:23,Disney Adventure World,Marvel Avengers Campus,Avengers Assemble: Flight Force Single Rider,5,True
2026-09-01,10:23,Disney Adventure World,Marvel Avengers Campus,Spider-Man W.E.B. Adventure,60,True
2026-09-01,10:23,Disney Adventure World,Marvel Avengers Campus,Spider-Man W.E.B. Adventure Single Rider,5,True
2026-09-01,10:23,Disney Adventure World,Production Courtyard,The Twilight Zone Tower of Terror,15,True
2026-09-01,10:23,Disney Adventure World,Toon Studio,Cars Quatre Roues Rallye,15,True
2026-09-01,10:23,Disney Adventure World,Toon Studio,Cars ROAD TRIP,10,True
2026-09-01,10:23,Disney Adventure World,Toon Studio,Crush's Coaster,95,True
2026-09-01,10:23,Disney Adventure World,Toon Studio,Crush's Coaster Single Rider,40,True
2026-09-01,10:23,Disney Adventure World,Toon Studio,Les Tapis Volants - Flying Carpets Over Agrabah®,5,True
2026-09-01,10:23,Disney Adventure World,Toon Studio,Ratatouille : L’Aventure Totalement Toquée de Rémy​,35,True
2026-09-01,10:23,Disney Adventure World,Toon Studio,Ratatouille: The Adventure Single Rider,5,True
2026-09-01,10:23,Disney Adventure World,Toon Studio,RC Racer,35,True
2026-09-01,10:23,Disney Adventure World,Toon Studio,RC Racer Single Rider,30,True
2026-09-01,10:23,Disney Adventure World,Toon Studio,Slinky® Dog Zigzag Spin,10,True
2026-09-01,10:23,Disney Adventure World,Toon Studio,Toy Soldiers Parachute Drop,0,False
2026-09-01,10:23,Disney Adventure World,Toon Studio,Toy Soldiers Parachute Drop Single Rider,0,False
2026-09-01,10:23,Disney Adventure World,World of Frozen,Entry to World of Frozen,0,True
2026-09-01,10:23,Disney Adventure World,World of Frozen,Frozen Ever After,70,True
2026-09-01,10:23,Disney Adventure World,World of Frozen,Raiponce Tangled Spin,5,True
2026-09-01,10:28,Disneyland Park,Adventureland,Adventure Isle,0,True
2026-09-01,10:28,Disneyland Park,Adventureland,Indiana Jones and the Temple of Peril Single Rider,5,True
2026-09-01,10:28,Disneyland Park,Adventureland,Indiana Jones™ and the Temple of Peril,5,True
2026-09-01,10:28,Disneyland Park,Adventureland,La Cabane des Robinson,0,True
2026-09-01,10:28,Disneyland Park,Adventureland,Le Passage Enchanté d'Aladdin,0,True
2026-09-01,10:28,Disneyland Park,Adventureland,Pirate Galleon,0,False
2026-09-01,10:28,Disneyland Park,Adventureland,Pirates of the Caribbean,5,True
2026-09-01,10:28,Disneyland Park,Adventureland,Pirates' Beach,0,True
2026-09-01,10:28,Disneyland Park,Discoveryland,"Autopia, presented by Avis",25,True
2026-09-01,10:28,Disneyland Park,Discoveryland,Buzz Lightyear Laser Blast,0,False
2026-09-01,10:28,Disneyland Park,Discoveryland,Disneyland Railroad Discoveryland Station,0,False
2026-09-01,10:28,Disneyland Park,Discoveryland,Les Mystères du Nautilus,5,True
2026-09-01,10:28,Disneyland Park,Discoveryland,Mickey’s PhilharMagic,0,False
2026-09-01,10:28,Disneyland Park,Discoveryland,Orbitron®,45,True
2026-09-01,10:28,Disneyland Park,Discoveryland,Star Tours: The Adventures Continue*,5,True
2026-09-01,10:28,Disneyland Park,Discoveryland,Star Wars Hyperspace Mountain,15,True
2026-09-01,10:28,Disneyland Park,Discoveryland,Star Wars Hyperspace Mountain Single Rider,0,True
2026-09-01,10:28,Disneyland Park,Discoveryland,Welcome to Starport: A Star Wars Encounter,30,True
2026-09-01,10:28,Disneyland Park,Fantasyland,"""it's a small world""",5,True
2026-09-01,10:28,Disneyland Park,Fantasyland,Alice's Curious Labyrinth,5,True
2026-09-01,10:28,Disneyland Park,Fantasyland,Blanche-Neige et les Sept Nains®,5,True
2026-09-01,10:28,Disneyland Park,Fantasyland,Casey Jr. – le Petit Train du Cirque,5,True
2026-09-01,10:28,Disneyland Park,Fantasyland,Disneyland Railroad Fantasyland Station,0,False
2026-09-01,10:28,Disneyland Park,Fantasyland,Disneyland Railroad Main Street Station,0,False
2026-09-01,10:28,Disneyland Park,Fantasyland,Dumbo the Flying Elephant,35,True
2026-09-01,10:28,Disneyland Park,Fantasyland,La Tanière du Dragon,0,True
2026-09-01,10:28,Disneyland Park,Fantasyland,Le Carrousel de Lancelot,5,True
2026-09-01,10:28,Disneyland Park,Fantasyland,"Le Pays des Contes de Fées, presented by Vittel",5,True
2026-09-01,10:28,Disneyland Park,Fantasyland,Les Voyages de Pinocchio,15,True
2026-09-01,10:28,Disneyland Park,Fantasyland,Mad Hatter's Tea Cups,5,True
2026-09-01,10:28,Disneyland Park,Fantasyland,Meet Mickey Mouse,0,True
2026-09-01,10:28,Disneyland Park,Fantasyland,Peter Pan's Flight,0,False
2026-09-01,10:28,Disneyland Park,Fantasyland,Princess Pavilion,0,True
2026-09-01,10:28,Disneyland Park,Frontierland,Big Thunder Mountain,0,False
2026-09-01,10:28,Disneyland Park,Frontierland,Disneyland Railroad Frontierland Depot,0,False
2026-09-01,10:28,Disneyland Park,Frontierland,Frontierland Playground,0,True
2026-09-01,10:28,Disneyland Park,Frontierland,Phantom Manor,5,True
2026-09-01,10:28,Disneyland Park,Frontierland,River Rogue Keelboats,0,False
2026-09-01,10:28,Disneyland Park,Frontierland,Rustler Roundup Shootin' Gallery,0,True
2026-09-01,10:28,Disneyland Park,Frontierland,Thunder Mesa Riverboat Landing,5,True
2026-09-01,10:28,Disneyland Park,Main Street U.S.A,Disneyland Railroad Main Street Station,0,False
2026-09-01,10:28,Disneyland Park,Main Street U.S.A,Main Street Vehicles,5,True
2026-09-01,10:28,Disney Adventure World,Marvel Avengers Campus,Avengers Assemble: Flight Force,10,True
2026-09-01,10:28,Disney Adventure World,Marvel Avengers Campus,Avengers Assemble: Flight Force Single Rider,5,True
2026-09-01,10:28,Disney Adventure World,Marvel Avengers Campus,Spider-Man W.E.B. Adventure,60,True
2026-09-01,10:28,Disney Adventure World,Marvel Avengers Campus,Spider-Man W.E.B. Adventure Single Rider,15,True
2026-09-01,10:28,Disney Adventure World,Production Courtyard,The Twilight Zone Tower of Terror,10,True
2026-09-01,10:28,Disney Adventure World,Toon Studio,Cars Quatre Roues Rallye,15,True
2026-09-01,10:28,Disney Adventure World,Toon Studio,Cars ROAD TRIP,10,True
2026-09-01,10:28,Disney Adventure World,Toon Studio,Crush's Coaster,95,True
2026-09-01,10:28,Disney Adventure World,Toon Studio,Crush's Coaster Single Rider,45,True
2026-09-01,10:28,Disney Adventure World,Toon Studio,Les Tapis Volants - Flying Carpets Over Agrabah®,5,True
2026-09-01,10:28,Disney Adventure World,Toon Studio,Ratatouille : L’Aventure Totalement Toquée de Rémy​,35,True
2026-09-01,10:28,Disney Adventure World,Toon Studio,Ratatouille: The Adventure Single Rider,5,True
2026-09-01,10:28,Disney Adventure World,Toon Studio,RC Racer,35,True
2026-09-01,10:28,Disney Adventure World,Toon Studio,RC Racer Single Rider,30,True
2026-09-01,10:28,Disney Adventure World,Toon Studio,Slinky® Dog Zigzag Spin,10,True
2026-09-01,10:28,Disney Adventure World,Toon Studio,Toy Soldiers Parachute Drop,0,False
2026-09-01,10:28,Disney Adventure World,Toon Studio,Toy Soldiers Parachute Drop Single Rider,0,False
2026-09-01,10:28,Disney Adventure World,World of Frozen,Entry to World of Frozen,0,True
2026-09-01,10:28,Disney Adventure World,World of Frozen,Frozen Ever After,70,True
2026-09-01,10:28,Disney Adventure World,World of Frozen,Raiponce Tangled Spin,10,True
2026-09-01,10:34,Disneyland Park,Adventureland,Adventure Isle,0,True
2026-09-01,10:34,Disneyland Park,Adventureland,Indiana Jones and the Temple of Peril Single Rider,5,True
2026-09-01,10:34,Disneyland Park,Adventureland,Indiana Jones™ and the Temple of Peril,5,True
2026-09-01,10:34,Disneyland Park,Adventureland,La Cabane des Robinson,0,True
2026-09-01,10:34,Disneyland Park,Adventureland,Le Passage Enchanté d'Aladdin,0,True
2026-09-01,10:34,Disneyland Park,Adventureland,Pirate Galleon,0,False
2026-09-01,10:34,Disneyland Park,Adventureland,Pirates of the Caribbean,5,True
2026-09-01,10:34,Disneyland Park,Adventureland,Pirates' Beach,0,True
2026-09-01,10:34,Disneyland Park,Discoveryland,"Autopia, presented by Avis",30,True
2026-09-01,10:34,Disneyland Park,Discoveryland,Buzz Lightyear Laser Blast,0,False
2026-09-01,10:34,Disneyland Park,Discoveryland,Disneyland Railroad Discoveryland Station,0,False
2026-09-01,10:34,Disneyland Park,Discoveryland,Les Mystères du Nautilus,5,True
2026-09-01,10:34,Disneyland Park,Discoveryland,Mickey’s PhilharMagic,0,False
2026-09-01,10:34,Disneyland Park,Discoveryland,Orbitron®,45,True
2026-09-01,10:34,Disneyland Park,Discoveryland,Star Tours: The Adventures Continue*,5,True
2026-09-01,10:34,Disneyland Park,Discoveryland,Star Wars Hyperspace Mountain,15,True
2026-09-01,10:34,Disneyland Park,Discoveryland,Star Wars Hyperspace Mountain Single Rider,0,True
2026-09-01,10:34,Disneyland Park,Discoveryland,Welcome to Starport: A Star Wars Encounter,30,True
2026-09-01,10:34,Disneyland Park,Fantasyland,"""it's a small world""",5,True
2026-09-01,10:34,Disneyland Park,Fantasyland,Alice's Curious Labyrinth,5,True
2026-09-01,10:34,Disneyland Park,Fantasyland,Blanche-Neige et les Sept Nains®,5,True
2026-09-01,10:34,Disneyland Park,Fantasyland,Casey Jr. – le Petit Train du Cirque,5,True
2026-09-01,10:34,Disneyland Park,Fantasyland,Disneyland Railroad Fantasyland Station,0,False
2026-09-01,10:34,Disneyland Park,Fantasyland,Disneyland Railroad Main Street Station,0,False
2026-09-01,10:34,Disneyland Park,Fantasyland,Dumbo the Flying Elephant,35,True
2026-09-01,10:34,Disneyland Park,Fantasyland,La Tanière du Dragon,0,True
2026-09-01,10:34,Disneyland Park,Fantasyland,Le Carrousel de Lancelot,5,True
2026-09-01,10:34,Disneyland Park,Fantasyland,"Le Pays des Contes de Fées, presented by Vittel",5,True
2026-09-01,10:34,Disneyland Park,Fantasyland,Les Voyages de Pinocchio,15,True
2026-09-01,10:34,Disneyland Park,Fantasyland,Mad Hatter's Tea Cups,5,True
2026-09-01,10:34,Disneyland Park,Fantasyland,Meet Mickey Mouse,0,True
2026-09-01,10:34,Disneyland Park,Fantasyland,Peter Pan's Flight,0,False
2026-09-01,10:34,Disneyland Park,Fantasyland,Princess Pavilion,0,True
2026-09-01,10:34,Disneyland Park,Frontierland,Big Thunder Mountain,0,False
2026-09-01,10:34,Disneyland Park,Frontierland,Disneyland Railroad Frontierland Depot,0,False
2026-09-01,10:34,Disneyland Park,Frontierland,Frontierland Playground,0,True
2026-09-01,10:34,Disneyland Park,Frontierland,Phantom Manor,10,True
2026-09-01,10:34,Disneyland Park,Frontierland,River Rogue Keelboats,0,False
2026-09-01,10:34,Disneyland Park,Frontierland,Rustler Roundup Shootin' Gallery,0,True
2026-09-01,10:34,Disneyland Park,Frontierland,Thunder Mesa Riverboat Landing,5,True
2026-09-01,10:34,Disneyland Park,Main Street U.S.A,Disneyland Railroad Main Street Station,0,False
2026-09-01,10:34,Disneyland Park,Main Street U.S.A,Main Street Vehicles,5,True
2026-09-01,10:34,Disney Adventure World,Marvel Avengers Campus,Avengers Assemble: Flight Force,10,True
2026-09-01,10:34,Disney Adventure World,Marvel Avengers Campus,Avengers Assemble: Flight Force Single Rider,5,True
2026-09-01,10:34,Disney Adventure World,Marvel Avengers Campus,Spider-Man W.E.B. Adventure,45,True
2026-09-01,10:34,Disney Adventure World,Marvel Avengers Campus,Spider-Man W.E.B. Adventure Single Rider,25,True
2026-09-01,10:34,Disney Adventure World,Production Courtyard,The Twilight Zone Tower of Terror,10,True
2026-09-01,10:34,Disney Adventure World,Toon Studio,Cars Quatre Roues Rallye,15,True
2026-09-01,10:34,Disney Adventure World,Toon Studio,Cars ROAD TRIP,10,True
2026-09-01,10:34,Disney Adventure World,Toon Studio,Crush's Coaster,95,True
2026-09-01,10:34,Disney Adventure World,Toon Studio,Crush's Coaster Single Rider,60,True
2026-09-01,10:34,Disney Adventure World,Toon Studio,Les Tapis Volants - Flying Carpets Over Agrabah®,5,True
2026-09-01,10:34,Disney Adventure World,Toon Studio,Ratatouille : L’Aventure Totalement Toquée de Rémy​,55,True
2026-09-01,10:34,Disney Adventure World,Toon Studio,Ratatouille: The Adventure Single Rider,5,True
2026-09-01,10:34,Disney Adventure World,Toon Studio,RC Racer,35,True
2026-09-01,10:34,Disney Adventure World,Toon Studio,RC Racer Single Rider,30,True
2026-09-01,10:34,Disney Adventure World,Toon Studio,Slinky® Dog Zigzag Spin,10,True
2026-09-01,10:34,Disney Adventure World,Toon Studio,Toy Soldiers Parachute Drop,0,False
2026-09-01,10:34,Disney Adventure World,Toon Studio,Toy Soldiers Parachute Drop Single Rider,0,False
2026-09-01,10:34,Disney Adventure World,World of Frozen,Entry to World of Frozen,0,True
2026-09-01,10:34,Disney Adventure World,World of Frozen,Frozen Ever After,70,True
2026-09-01,10:34,Disney Adventure World,World of Frozen,Raiponce Tangled Spin,15,True
2026-09-01,10:39,Disneyland Park,Adventureland,Adventure Isle,0,True
2026-09-01,10:39,Disneyland Park,Adventureland,Indiana Jones and the Temple of Peril Single Rider,5,True
2026-09-01,10:39,Disneyland Park,Adventureland,Indiana Jones™ and the Temple of Peril,10,True
2026-09-01,10:39,Disneyland Park,Adventureland,La Cabane des Robinson,0,True
2026-09-01,10:39,Disneyland Park,Adventureland,Le Passage Enchanté d'Aladdin,0,True
2026-09-01,10:39,Disneyland Park,Adventureland,Pirate Galleon,0,False
2026-09-01,10:39,Disneyland Park,Adventureland,Pirates of the Caribbean,5,True
2026-09-01,10:39,Disneyland Park,Adventureland,Pirates' Beach,0,True
2026-09-01,10:39,Disneyland Park,Discoveryland,"Autopia, presented by Avis",30,True
2026-09-01,10:39,Disneyland Park,Discoveryland,Buzz Lightyear Laser Blast,40,True
2026-09-01,10:39,Disneyland Park,Discoveryland,Disneyland Railroad Discoveryland Station,0,False
2026-09-01,10:39,Disneyland Park,Discoveryland,Les Mystères du Nautilus,5,True
2026-09-01,10:39,Disneyland Park,Discoveryland,Mickey’s PhilharMagic,0,False
2026-09-01,10:39,Disneyland Park,Discoveryland,Orbitron®,45,True
2026-09-01,10:39,Disneyland Park,Discoveryland,Star Tours: The Adventures Continue*,5,True
2026-09-01,10:39,Disneyland Park,Discoveryland,Star Wars Hyperspace Mountain,15,True
2026-09-01,10:39,Disneyland Park,Discoveryland,Star Wars Hyperspace Mountain Single Rider,0,True
2026-09-01,10:39,Disneyland Park,Discoveryland,Welcome to Starport: A Star Wars Encounter,30,True
2026-09-01,10:39,Disneyland Park,Fantasyland,"""it's a small world""",5,True
2026-09-01,10:39,Disneyland Park,Fantasyland,Alice's Curious Labyrinth,5,True
2026-09-01,10:39,Disneyland Park,Fantasyland,Blanche-Neige et les Sept Nains®,5,True
2026-09-01,10:39,Disneyland Park,Fantasyland,Casey Jr. – le Petit Train du Cirque,5,True
2026-09-01,10:39,Disneyland Park,Fantasyland,Disneyland Railroad Fantasyland Station,0,False
2026-09-01,10:39,Disneyland Park,Fantasyland,Disneyland Railroad Main Street Station,0,False
2026-09-01,10:39,Disneyland Park,Fantasyland,Dumbo the Flying Elephant,35,True
2026-09-01,10:39,Disneyland Park,Fantasyland,La Tanière du Dragon,0,True
2026-09-01,10:39,Disneyland Park,Fantasyland,Le Carrousel de Lancelot,5,True
2026-09-01,10:39,Disneyland Park,Fantasyland,"Le Pays des Contes de Fées, presented by Vittel",5,True
2026-09-01,10:39,Disneyland Park,Fantasyland,Les Voyages de Pinocchio,15,True
2026-09-01,10:39,Disneyland Park,Fantasyland,Mad Hatter's Tea Cups,5,True
2026-09-01,10:39,Disneyland Park,Fantasyland,Meet Mickey Mouse,0,True
2026-09-01,10:39,Disneyland Park,Fantasyland,Peter Pan's Flight,0,False
2026-09-01,10:39,Disneyland Park,Fantasyland,Princess Pavilion,0,True
2026-09-01,10:39,Disneyland Park,Frontierland,Big Thunder Mountain,0,False
2026-09-01,10:39,Disneyland Park,Frontierland,Disneyland Railroad Frontierland Depot,0,False
2026-09-01,10:39,Disneyland Park,Frontierland,Frontierland Playground,0,True
2026-09-01,10:39,Disneyland Park,Frontierland,Phantom Manor,10,True
2026-09-01,10:39,Disneyland Park,Frontierland,River Rogue Keelboats,0,False
2026-09-01,10:39,Disneyland Park,Frontierland,Rustler Roundup Shootin' Gallery,0,True
2026-09-01,10:39,Disneyland Park,Frontierland,Thunder Mesa Riverboat Landing,5,True
2026-09-01,10:39,Disneyland Park,Main Street U.S.A,Disneyland Railroad Main Street Station,0,False
2026-09-01,10:39,Disneyland Park,Main Street U.S.A,Main Street Vehicles,5,True
2026-09-01,10:39,Disney Adventure World,Marvel Avengers Campus,Avengers Assemble: Flight Force,10,True
2026-09-01,10:39,Disney Adventure World,Marvel Avengers Campus,Avengers Assemble: Flight Force Single Rider,5,True
2026-09-01,10:39,Disney Adventure World,Marvel Avengers Campus,Spider-Man W.E.B. Adventure,40,True
2026-09-01,10:39,Disney Adventure World,Marvel Avengers Campus,Spider-Man W.E.B. Adventure Single Rider,20,True
2026-09-01,10:39,Disney Adventure World,Production Courtyard,The Twilight Zone Tower of Terror,15,True
2026-09-01,10:39,Disney Adventure World,Toon Studio,Cars Quatre Roues Rallye,15,True
2026-09-01,10:39,Disney Adventure World,Toon Studio,Cars ROAD TRIP,10,True
2026-09-01,10:39,Disney Adventure World,Toon Studio,Crush's Coaster,95,True
2026-09-01,10:39,Disney Adventure World,Toon Studio,Crush's Coaster Single Rider,60,True
2026-09-01,10:39,Disney Adventure World,Toon Studio,Les Tapis Volants - Flying Carpets Over Agrabah®,10,True
2026-09-01,10:39,Disney Adventure World,Toon Studio,Ratatouille : L’Aventure Totalement Toquée de Rémy​,55,True
2026-09-01,10:39,Disney Adventure World,Toon Studio,Ratatouille: The Adventure Single Rider,5,True
2026-09-01,10:39,Disney Adventure World,Toon Studio,RC Racer,35,True
2026-09-01,10:39,Disney Adventure World,Toon Studio,RC Racer Single Rider,30,True
2026-09-01,10:39,Disney Adventure World,Toon Studio,Slinky® Dog Zigzag Spin,15,True
2026-09-01,10:39,Disney Adventure World,Toon Studio,Toy Soldiers Parachute Drop,0,False
2026-09-01,10:39,Disney Adventure World,Toon Studio,Toy Soldiers Parachute Drop Single Rider,0,False
2026-09-01,10:39,Disney Adventure World,World of Frozen,Entry to World of Frozen,0,True
2026-09-01,10:39,Disney Adventure World,World of Frozen,Frozen Ever After,70,True
2026-09-01,10:39,Disney Adventure World,World of Frozen,Raiponce Tangled Spin,15,True
2026-09-01,10:44,Disneyland Park,Adventureland,Adventure Isle,0,True
2026-09-01,10:44,Disneyland Park,Adventureland,Indiana Jones and the Temple of Peril Single Rider,5,True
2026-09-01,10:44,Disneyland Park,Adventureland,Indiana Jones™ and the Temple of Peril,20,True
2026-09-01,10:44,Disneyland Park,Adventureland,La Cabane des Robinson,0,True
2026-09-01,10:44,Disneyland Park,Adventureland,Le Passage Enchanté d'Aladdin,0,True
2026-09-01,10:44,Disneyland Park,Adventureland,Pirate Galleon,0,False
2026-09-01,10:44,Disneyland Park,Adventureland,Pirates of the Caribbean,5,True
2026-09-01,10:44,Disneyland Park,Adventureland,Pirates' Beach,0,True
2026-09-01,10:44,Disneyland Park,Discoveryland,"Autopia, presented by Avis",35,True
2026-09-01,10:44,Disneyland Park,Discoveryland,Buzz Lightyear Laser Blast,30,True
2026-09-01,10:44,Disneyland Park,Discoveryland,Disneyland Railroad Discoveryland Station,0,False
2026-09-01,10:44,Disneyland Park,Discoveryland,Les Mystères du Nautilus,5,True
2026-09-01,10:44,Disneyland Park,Discoveryland,Mickey’s PhilharMagic,0,False
2026-09-01,10:44,Disneyland Park,Discoveryland,Orbitron®,60,True
2026-09-01,10:44,Disneyland Park,Discoveryland,Star Tours: The Adventures Continue*,5,True
2026-09-01,10:44,Disneyland Park,Discoveryland,Star Wars Hyperspace Mountain,25,True
2026-09-01,10:44,Disneyland Park,Discoveryland,Star Wars Hyperspace Mountain Single Rider,0,True
2026-09-01,10:44,Disneyland Park,Discoveryland,Welcome to Starport: A Star Wars Encounter,30,True
2026-09-01,10:44,Disneyland Park,Fantasyland,"""it's a small world""",5,True
2026-09-01,10:44,Disneyland Park,Fantasyland,Alice's Curious Labyrinth,5,True
2026-09-01,10:44,Disneyland Park,Fantasyland,Blanche-Neige et les Sept Nains®,5,True
2026-09-01,10:44,Disneyland Park,Fantasyland,Casey Jr. – le Petit Train du Cirque,5,True
2026-09-01,10:44,Disneyland Park,Fantasyland,Disneyland Railroad Fantasyland Station,0,False
2026-09-01,10:44,Disneyland Park,Fantasyland,Disneyland Railroad Main Street Station,0,False
2026-09-01,10:44,Disneyland Park,Fantasyland,Dumbo the Flying Elephant,35,True
2026-09-01,10:44,Disneyland Park,Fantasyland,La Tanière du Dragon,0,True
2026-09-01,10:44,Disneyland Park,Fantasyland,Le Carrousel de Lancelot,10,True
2026-09-01,10:44,Disneyland Park,Fantasyland,"Le Pays des Contes de Fées, presented by Vittel",5,True
2026-09-01,10:44,Disneyland Park,Fantasyland,Les Voyages de Pinocchio,15,True
2026-09-01,10:44,Disneyland Park,Fantasyland,Mad Hatter's Tea Cups,5,True
2026-09-01,10:44,Disneyland Park,Fantasyland,Meet Mickey Mouse,0,True
2026-09-01,10:44,Disneyland Park,Fantasyland,Peter Pan's Flight,0,False
2026-09-01,10:44,Disneyland Park,Fantasyland,Princess Pavilion,0,True
2026-09-01,10:44,Disneyland Park,Frontierland,Big Thunder Mountain,0,False
2026-09-01,10:44,Disneyland Park,Frontierland,Disneyland Railroad Frontierland Depot,0,False
2026-09-01,10:44,Disneyland Park,Frontierland,Frontierland Playground,0,True
2026-09-01,10:44,Disneyland Park,Frontierland,Phantom Manor,10,True
2026-09-01,10:44,Disneyland Park,Frontierland,River Rogue Keelboats,0,False
2026-09-01,10:44,Disneyland Park,Frontierland,Rustler Roundup Shootin' Gallery,0,True
2026-09-01,10:44,Disneyland Park,Frontierland,Thunder Mesa Riverboat Landing,5,True
2026-09-01,10:44,Disneyland Park,Main Street U.S.A,Disneyland Railroad Main Street Station,0,False
2026-09-01,10:44,Disneyland Park,Main Street U.S.A,Main Street Vehicles,0,False
2026-09-01,10:44,Disney Adventure World,Marvel Avengers Campus,Avengers Assemble: Flight Force,15,True
2026-09-01,10:44,Disney Adventure World,Marvel Avengers Campus,Avengers Assemble: Flight Force Single Rider,10,True
2026-09-01,10:44,Disney Adventure World,Marvel Avengers Campus,Spider-Man W.E.B. Adventure,40,True
2026-09-01,10:44,Disney Adventure World,Marvel Avengers Campus,Spider-Man W.E.B. Adventure Single Rider,20,True
2026-09-01,10:44,Disney Adventure World,Production Courtyard,The Twilight Zone Tower of Terror,20,True
2026-09-01,10:44,Disney Adventure World,Toon Studio,Cars Quatre Roues Rallye,15,True
2026-09-01,10:44,Disney Adventure World,Toon Studio,Cars ROAD TRIP,15,True
2026-09-01,10:44,Disney Adventure World,Toon Studio,Crush's Coaster,95,True
2026-09-01,10:44,Disney Adventure World,Toon Studio,Crush's Coaster Single Rider,70,True
2026-09-01,10:44,Disney Adventure World,Toon Studio,Les Tapis Volants - Flying Carpets Over Agrabah®,15,True
2026-09-01,10:44,Disney Adventure World,Toon Studio,Ratatouille : L’Aventure Totalement Toquée de Rémy​,55,True
2026-09-01,10:44,Disney Adventure World,Toon Studio,Ratatouille: The Adventure Single Rider,5,True
2026-09-01,10:44,Disney Adventure World,Toon Studio,RC Racer,35,True
2026-09-01,10:44,Disney Adventure World,Toon Studio,RC Racer Single Rider,30,True
2026-09-01,10:44,Disney Adventure World,Toon Studio,Slinky® Dog Zigzag Spin,15,True
2026-09-01,10:44,Disney Adventure World,Toon Studio,Toy Soldiers Parachute Drop,0,False
2026-09-01,10:44,Disney Adventure World,Toon Studio,Toy Soldiers Parachute Drop Single Rider,0,False
2026-09-01,10:44,Disney Adventure World,World of Frozen,Entry to World of Frozen,0,True
2026-09-01,10:44,Disney Adventure World,World of Frozen,Frozen Ever After,70,True
2026-09-01,10:44,Disney Adventure World,World of Frozen,Raiponce Tangled Spin,20,True
2026-09-01,10:49,Disneyland Park,Adventureland,Adventure Isle,0,True
2026-09-01,10:49,Disneyland Park,Adventureland,Indiana Jones and the Temple of Peril Single Rider,5,True
2026-09-01,10:49,Disneyland Park,Adventureland,Indiana Jones™ and the Temple of Peril,25,True
2026-09-01,10:49,Disneyland Park,Adventureland,La Cabane des Robinson,0,True
2026-09-01,10:49,Disneyland Park,Adventureland,Le Passage Enchanté d'Aladdin,0,True
2026-09-01,10:49,Disneyland Park,Adventureland,Pirate Galleon,0,False
2026-09-01,10:49,Disneyland Park,Adventureland,Pirates of the Caribbean,10,True
2026-09-01,10:49,Disneyland Park,Adventureland,Pirates' Beach,0,True
2026-09-01,10:49,Disneyland Park,Discoveryland,"Autopia, presented by Avis",35,True
2026-09-01,10:49,Disneyland Park,Discoveryland,Buzz Lightyear Laser Blast,30,True
2026-09-01,10:49,Disneyland Park,Discoveryland,Disneyland Railroad Discoveryland Station,0,False
2026-09-01,10:49,Disneyland Park,Discoveryland,Les Mystères du Nautilus,5,True
2026-09-01,10:49,Disneyland Park,Discoveryland,Mickey’s PhilharMagic,0,False
2026-09-01,10:49,Disneyland Park,Discoveryland,Orbitron®,70,True
2026-09-01,10:49,Disneyland Park,Discoveryland,Star Tours: The Adventures Continue*,5,True
2026-09-01,10:49,Disneyland Park,Discoveryland,Star Wars Hyperspace Mountain,25,True
2026-09-01,10:49,Disneyland Park,Discoveryland,Star Wars Hyperspace Mountain Single Rider,0,True
2026-09-01,10:49,Disneyland Park,Discoveryland,Welcome to Starport: A Star Wars Encounter,30,True
2026-09-01,10:49,Disneyland Park,Fantasyland,"""it's a small world""",5,True
2026-09-01,10:49,Disneyland Park,Fantasyland,Alice's Curious Labyrinth,5,True
2026-09-01,10:49,Disneyland Park,Fantasyland,Blanche-Neige et les Sept Nains®,5,True
2026-09-01,10:49,Disneyland Park,Fantasyland,Casey Jr. – le Petit Train du Cirque,5,True
2026-09-01,10:49,Disneyland Park,Fantasyland,Disneyland Railroad Fantasyland Station,0,False
2026-09-01,10:49,Disneyland Park,Fantasyland,Disneyland Railroad Main Street Station,0,False
2026-09-01,10:49,Disneyland Park,Fantasyland,Dumbo the Flying Elephant,35,True
2026-09-01,10:49,Disneyland Park,Fantasyland,La Tanière du Dragon,0,True
2026-09-01,10:49,Disneyland Park,Fantasyland,Le Carrousel de Lancelot,10,True
2026-09-01,10:49,Disneyland Park,Fantasyland,"Le Pays des Contes de Fées, presented by Vittel",5,True
2026-09-01,10:49,Disneyland Park,Fantasyland,Les Voyages de Pinocchio,15,True
2026-09-01,10:49,Disneyland Park,Fantasyland,Mad Hatter's Tea Cups,5,True
2026-09-01,10:49,Disneyland Park,Fantasyland,Meet Mickey Mouse,0,True
2026-09-01,10:49,Disneyland Park,Fantasyland,Peter Pan's Flight,0,False
2026-09-01,10:49,Disneyland Park,Fantasyland,Princess Pavilion,0,True
2026-09-01,10:49,Disneyland Park,Frontierland,Big Thunder Mountain,0,False
2026-09-01,10:49,Disneyland Park,Frontierland,Disneyland Railroad Frontierland Depot,0,False
2026-09-01,10:49,Disneyland Park,Frontierland,Frontierland Playground,0,True
2026-09-01,10:49,Disneyland Park,Frontierland,Phantom Manor,10,True
2026-09-01,10:49,Disneyland Park,Frontierland,River Rogue Keelboats,0,False
2026-09-01,10:49,Disneyland Park,Frontierland,Rustler Roundup Shootin' Gallery,0,True
2026-09-01,10:49,Disneyland Park,Frontierland,Thunder Mesa Riverboat Landing,5,True
2026-09-01,10:49,Disneyland Park,Main Street U.S.A,Disneyland Railroad Main Street Station,0,False
2026-09-01,10:49,Disneyland Park,Main Street U.S.A,Main Street Vehicles,0,False
2026-09-01,10:49,Disney Adventure World,Marvel Avengers Campus,Avengers Assemble: Flight Force,15,True
2026-09-01,10:49,Disney Adventure World,Marvel Avengers Campus,Avengers Assemble: Flight Force Single Rider,10,True
2026-09-01,10:49,Disney Adventure World,Marvel Avengers Campus,Spider-Man W.E.B. Adventure,40,True
2026-09-01,10:49,Disney Adventure World,Marvel Avengers Campus,Spider-Man W.E.B. Adventure Single Rider,20,True
2026-09-01,10:49,Disney Adventure World,Production Courtyard,The Twilight Zone Tower of Terror,20,True
2026-09-01,10:49,Disney Adventure World,Toon Studio,Cars Quatre Roues Rallye,15,True
2026-09-01,10:49,Disney Adventure World,Toon Studio,Cars ROAD TRIP,15,True
2026-09-01,10:49,Disney Adventure World,Toon Studio,Crush's Coaster,80,True
2026-09-01,10:49,Disney Adventure World,Toon Studio,Crush's Coaster Single Rider,70,True
2026-09-01,10:49,Disney Adventure World,Toon Studio,Les Tapis Volants - Flying Carpets Over Agrabah®,20,True
2026-09-01,10:49,Disney Adventure World,Toon Studio,Ratatouille : L’Aventure Totalement Toquée de Rémy​,50,True
2026-09-01,10:49,Disney Adventure World,Toon Studio,Ratatouille: The Adventure Single Rider,15,True
2026-09-01,10:49,Disney Adventure World,Toon Studio,RC Racer,35,True
2026-09-01,10:49,Disney Adventure World,Toon Studio,RC Racer Single Rider,30,True
2026-09-01,10:49,Disney Adventure World,Toon Studio,Slinky® Dog Zigzag Spin,20,True
2026-09-01,10:49,Disney Adventure World,Toon Studio,Toy Soldiers Parachute Drop,0,False
2026-09-01,10:49,Disney Adventure World,Toon Studio,Toy Soldiers Parachute Drop Single Rider,0,False
2026-09-01,10:49,Disney Adventure World,World of Frozen,Entry to World of Frozen,0,True
2026-09-01,10:49,Disney Adventure World,World of Frozen,Frozen Ever After,75,True
2026-09-01,10:49,Disney Adventure World,World of Frozen,Raiponce Tangled Spin,25,True
2026-09-01,10:54,Disneyland Park,Adventureland,Adventure Isle,0,True
2026-09-01,10:54,Disneyland Park,Adventureland,Indiana Jones and the Temple of Peril Single Rider,10,True
2026-09-01,10:54,Disneyland Park,Adventureland,Indiana Jones™ and the Temple of Peril,25,True
2026-09-01,10:54,Disneyland Park,Adventureland,La Cabane des Robinson,5,True
2026-09-01,10:54,Disneyland Park,Adventureland,Le Passage Enchanté d'Aladdin,0,True
2026-09-01,10:54,Disneyland Park,Adventureland,Pirate Galleon,0,False
2026-09-01,10:54,Disneyland Park,Adventureland,Pirates of the Caribbean,10,True
2026-09-01,10:54,Disneyland Park,Adventureland,Pirates' Beach,0,True
2026-09-01,10:54,Disneyland Park,Discoveryland,"Autopia, presented by Avis",35,True
2026-09-01,10:54,Disneyland Park,Discoveryland,Buzz Lightyear Laser Blast,35,True
2026-09-01,10:54,Disneyland Park,Discoveryland,Disneyland Railroad Discoveryland Station,0,False
2026-09-01,10:54,Disneyland Park,Discoveryland,Les Mystères du Nautilus,5,True
2026-09-01,10:54,Disneyland Park,Discoveryland,Mickey’s PhilharMagic,0,False
2026-09-01,10:54,Disneyland Park,Discoveryland,Orbitron®,50,True
2026-09-01,10:54,Disneyland Park,Discoveryland,Star Tours: The Adventures Continue*,5,True
2026-09-01,10:54,Disneyland Park,Discoveryland,Star Wars Hyperspace Mountain,25,True
2026-09-01,10:54,Disneyland Park,Discoveryland,Star Wars Hyperspace Mountain Single Rider,0,True
2026-09-01,10:54,Disneyland Park,Discoveryland,Welcome to Starport: A Star Wars Encounter,35,True
2026-09-01,10:54,Disneyland Park,Fantasyland,"""it's a small world""",5,True
2026-09-01,10:54,Disneyland Park,Fantasyland,Alice's Curious Labyrinth,5,True
2026-09-01,10:54,Disneyland Park,Fantasyland,Blanche-Neige et les Sept Nains®,15,True
2026-09-01,10:54,Disneyland Park,Fantasyland,Casey Jr. – le Petit Train du Cirque,5,True
2026-09-01,10:54,Disneyland Park,Fantasyland,Disneyland Railroad Fantasyland Station,0,False
2026-09-01,10:54,Disneyland Park,Fantasyland,Disneyland Railroad Main Street Station,0,False
2026-09-01,10:54,Disneyland Park,Fantasyland,Dumbo the Flying Elephant,35,True
2026-09-01,10:54,Disneyland Park,Fantasyland,La Tanière du Dragon,0,True
2026-09-01,10:54,Disneyland Park,Fantasyland,Le Carrousel de Lancelot,10,True
2026-09-01,10:54,Disneyland Park,Fantasyland,"Le Pays des Contes de Fées, presented by Vittel",5,True
2026-09-01,10:54,Disneyland Park,Fantasyland,Les Voyages de Pinocchio,15,True
2026-09-01,10:54,Disneyland Park,Fantasyland,Mad Hatter's Tea Cups,5,True
2026-09-01,10:54,Disneyland Park,Fantasyland,Meet Mickey Mouse,0,True
2026-09-01,10:54,Disneyland Park,Fantasyland,Peter Pan's Flight,0,False
2026-09-01,10:54,Disneyland Park,Fantasyland,Princess Pavilion,0,True
2026-09-01,10:54,Disneyland Park,Frontierland,Big Thunder Mountain,0,False
2026-09-01,10:54,Disneyland Park,Frontierland,Disneyland Railroad Frontierland Depot,0,False
2026-09-01,10:54,Disneyland Park,Frontierland,Frontierland Playground,0,True
2026-09-01,10:54,Disneyland Park,Frontierland,Phantom Manor,15,True
2026-09-01,10:54,Disneyland Park,Frontierland,River Rogue Keelboats,0,False
2026-09-01,10:54,Disneyland Park,Frontierland,Rustler Roundup Shootin' Gallery,0,True
2026-09-01,10:54,Disneyland Park,Frontierland,Thunder Mesa Riverboat Landing,5,True
2026-09-01,10:54,Disneyland Park,Main Street U.S.A,Disneyland Railroad Main Street Station,0,False
2026-09-01,10:54,Disneyland Park,Main Street U.S.A,Main Street Vehicles,0,False
2026-09-01,10:54,Disney Adventure World,Marvel Avengers Campus,Avengers Assemble: Flight Force,15,True
2026-09-01,10:54,Disney Adventure World,Marvel Avengers Campus,Avengers Assemble: Flight Force Single Rider,10,True
2026-09-01,10:54,Disney Adventure World,Marvel Avengers Campus,Spider-Man W.E.B. Adventure,40,True
2026-09-01,10:54,Disney Adventure World,Marvel Avengers Campus,Spider-Man W.E.B. Adventure Single Rider,20,True
2026-09-01,10:54,Disney Adventure World,Production Courtyard,The Twilight Zone Tower of Terror,30,True
2026-09-01,10:54,Disney Adventure World,Toon Studio,Cars Quatre Roues Rallye,20,True
2026-09-01,10:54,Disney Adventure World,Toon Studio,Cars ROAD TRIP,15,True
2026-09-01,10:54,Disney Adventure World,Toon Studio,Crush's Coaster,80,True
2026-09-01,10:54,Disney Adventure World,Toon Studio,Crush's Coaster Single Rider,45,True
2026-09-01,10:54,Disney Adventure World,Toon Studio,Les Tapis Volants - Flying Carpets Over Agrabah®,20,True
2026-09-01,10:54,Disney Adventure World,Toon Studio,Ratatouille : L’Aventure Totalement Toquée de Rémy​,50,True
2026-09-01,10:54,Disney Adventure World,Toon Studio,Ratatouille: The Adventure Single Rider,15,True
2026-09-01,10:54,Disney Adventure World,Toon Studio,RC Racer,50,True
2026-09-01,10:54,Disney Adventure World,Toon Studio,RC Racer Single Rider,30,True
2026-09-01,10:54,Disney Adventure World,Toon Studio,Slinky® Dog Zigzag Spin,30,True
2026-09-01,10:54,Disney Adventure World,Toon Studio,Toy Soldiers Parachute Drop,0,False
2026-09-01,10:54,Disney Adventure World,Toon Studio,Toy Soldiers Parachute Drop Single Rider,0,False
2026-09-01,10:54,Disney Adventure World,World of Frozen,Entry to World of Frozen,0,True
2026-09-01,10:54,Disney Adventure World,World of Frozen,Frozen Ever After,75,True
2026-09-01,10:54,Disney Adventure World,World of Frozen,Raiponce Tangled Spin,25,True
2026-09-01,10:59,Disneyland Park,Adventureland,Adventure Isle,0,True
2026-09-01,10:59,Disneyland Park,Adventureland,Indiana Jones and the Temple of Peril Single Rider,5,True
2026-09-01,10:59,Disneyland Park,Adventureland,Indiana Jones™ and the Temple of Peril,25,True
2026-09-01,10:59,Disneyland Park,Adventureland,La Cabane des Robinson,5,True
2026-09-01,10:59,Disneyland Park,Adventureland,Le Passage Enchanté d'Aladdin,0,True
2026-09-01,10:59,Disneyland Park,Adventureland,Pirate Galleon,0,False
2026-09-01,10:59,Disneyland Park,Adventureland,Pirates of the Caribbean,10,True
2026-09-01,10:59,Disneyland Park,Adventureland,Pirates' Beach,0,True
2026-09-01,10:59,Disneyland Park,Discoveryland,"Autopia, presented by Avis",35,True
2026-09-01,10:59,Disneyland Park,Discoveryland,Buzz Lightyear Laser Blast,40,True
2026-09-01,10:59,Disneyland Park,Discoveryland,Disneyland Railroad Discoveryland Station,0,False
2026-09-01,10:59,Disneyland Park,Discoveryland,Les Mystères du Nautilus,5,True
2026-09-01,10:59,Disneyland Park,Discoveryland,Mickey’s PhilharMagic,0,False
2026-09-01,10:59,Disneyland Park,Discoveryland,Orbitron®,50,True
2026-09-01,10:59,Disneyland Park,Discoveryland,Star Tours: The Adventures Continue*,5,True
2026-09-01,10:59,Disneyland Park,Discoveryland,Star Wars Hyperspace Mountain,25,True
2026-09-01,10:59,Disneyland Park,Discoveryland,Star Wars Hyperspace Mountain Single Rider,0,True
2026-09-01,10:59,Disneyland Park,Discoveryland,Welcome to Starport: A Star Wars Encounter,35,True
2026-09-01,10:59,Disneyland Park,Fantasyland,"""it's a small world""",5,True
2026-09-01,10:59,Disneyland Park,Fantasyland,Alice's Curious Labyrinth,5,True
2026-09-01,10:59,Disneyland Park,Fantasyland,Blanche-Neige et les Sept Nains®,15,True
2026-09-01,10:59,Disneyland Park,Fantasyland,Casey Jr. – le Petit Train du Cirque,5,True
2026-09-01,10:59,Disneyland Park,Fantasyland,Disneyland Railroad Fantasyland Station,0,False
2026-09-01,10:59,Disneyland Park,Fantasyland,Disneyland Railroad Main Street Station,0,False
2026-09-01,10:59,Disneyland Park,Fantasyland,Dumbo the Flying Elephant,35,True
2026-09-01,10:59,Disneyland Park,Fantasyland,La Tanière du Dragon,0,True
2026-09-01,10:59,Disneyland Park,Fantasyland,Le Carrousel de Lancelot,10,True
2026-09-01,10:59,Disneyland Park,Fantasyland,"Le Pays des Contes de Fées, presented by Vittel",5,True
2026-09-01,10:59,Disneyland Park,Fantasyland,Les Voyages de Pinocchio,15,True
2026-09-01,10:59,Disneyland Park,Fantasyland,Mad Hatter's Tea Cups,5,True
2026-09-01,10:59,Disneyland Park,Fantasyland,Meet Mickey Mouse,0,True
2026-09-01,10:59,Disneyland Park,Fantasyland,Peter Pan's Flight,0,False
2026-09-01,10:59,Disneyland Park,Fantasyland,Princess Pavilion,0,True
2026-09-01,10:59,Disneyland Park,Frontierland,Big Thunder Mountain,0,False
2026-09-01,10:59,Disneyland Park,Frontierland,Disneyland Railroad Frontierland Depot,0,False
2026-09-01,10:59,Disneyland Park,Frontierland,Frontierland Playground,0,True
2026-09-01,10:59,Disneyland Park,Frontierland,Phantom Manor,0,False
2026-09-01,10:59,Disneyland Park,Frontierland,River Rogue Keelboats,0,False
2026-09-01,10:59,Disneyland Park,Frontierland,Rustler Roundup Shootin' Gallery,0,True
2026-09-01,10:59,Disneyland Park,Frontierland,Thunder Mesa Riverboat Landing,5,True
2026-09-01,10:59,Disneyland Park,Main Street U.S.A,Disneyland Railroad Main Street Station,0,False
2026-09-01,10:59,Disneyland Park,Main Street U.S.A,Main Street Vehicles,0,False
2026-09-01,10:59,Disney Adventure World,Marvel Avengers Campus,Avengers Assemble: Flight Force,20,True
2026-09-01,10:59,Disney Adventure World,Marvel Avengers Campus,Avengers Assemble: Flight Force Single Rider,15,True
2026-09-01,10:59,Disney Adventure World,Marvel Avengers Campus,Spider-Man W.E.B. Adventure,40,True
2026-09-01,10:59,Disney Adventure World,Marvel Avengers Campus,Spider-Man W.E.B. Adventure Single Rider,20,True
2026-09-01,10:59,Disney Adventure World,Production Courtyard,The Twilight Zone Tower of Terror,30,True
2026-09-01,10:59,Disney Adventure World,Toon Studio,Cars Quatre Roues Rallye,20,True
2026-09-01,10:59,Disney Adventure World,Toon Studio,Cars ROAD TRIP,15,True
2026-09-01,10:59,Disney Adventure World,Toon Studio,Crush's Coaster,80,True
2026-09-01,10:59,Disney Adventure World,Toon Studio,Crush's Coaster Single Rider,45,True
2026-09-01,10:59,Disney Adventure World,Toon Studio,Les Tapis Volants - Flying Carpets Over Agrabah®,25,True
2026-09-01,10:59,Disney Adventure World,Toon Studio,Ratatouille : L’Aventure Totalement Toquée de Rémy​,40,True
2026-09-01,10:59,Disney Adventure World,Toon Studio,Ratatouille: The Adventure Single Rider,15,True
2026-09-01,10:59,Disney Adventure World,Toon Studio,RC Racer,50,True
2026-09-01,10:59,Disney Adventure World,Toon Studio,RC Racer Single Rider,40,True
2026-09-01,10:59,Disney Adventure World,Toon Studio,Slinky® Dog Zigzag Spin,30,True
2026-09-01,10:59,Disney Adventure World,Toon Studio,Toy Soldiers Parachute Drop,0,False
2026-09-01,10:59,Disney Adventure World,Toon Studio,Toy Soldiers Parachute Drop Single Rider,0,False
2026-09-01,10:59,Disney Adventure World,World of Frozen,Entry to World of Frozen,0,True
2026-09-01,10:59,Disney Adventure World,World of Frozen,Frozen Ever After,80,True
2026-09-01,10:59,Disney Adventure World,World of Frozen,Raiponce Tangled Spin,25,True
2026-09-01,11:04,Disneyland Park,Adventureland,Adventure Isle,0,True
2026-09-01,11:04,Disneyland Park,Adventureland,Indiana Jones and the Temple of Peril Single Rider,20,True
2026-09-01,11:04,Disneyland Park,Adventureland,Indiana Jones™ and the Temple of Peril,25,True
2026-09-01,11:04,Disneyland Park,Adventureland,La Cabane des Robinson,5,True
2026-09-01,11:04,Disneyland Park,Adventureland,Le Passage Enchanté d'Aladdin,0,True
2026-09-01,11:04,Disneyland Park,Adventureland,Pirate Galleon,0,False
2026-09-01,11:04,Disneyland Park,Adventureland,Pirates of the Caribbean,10,True
2026-09-01,11:04,Disneyland Park,Adventureland,Pirates' Beach,0,True
2026-09-01,11:04,Disneyland Park,Discoveryland,"Autopia, presented by Avis",35,True
2026-09-01,11:04,Disneyland Park,Discoveryland,Buzz Lightyear Laser Blast,60,True
2026-09-01,11:04,Disneyland Park,Discoveryland,Disneyland Railroad Discoveryland Station,0,False
2026-09-01,11:04,Disneyland Park,Discoveryland,Les Mystères du Nautilus,5,True
2026-09-01,11:04,Disneyland Park,Discoveryland,Mickey’s PhilharMagic,0,False
2026-09-01,11:04,Disneyland Park,Discoveryland,Orbitron®,50,True
2026-09-01,11:04,Disneyland Park,Discoveryland,Star Tours: The Adventures Continue*,5,True
2026-09-01,11:04,Disneyland Park,Discoveryland,Star Wars Hyperspace Mountain,30,True
2026-09-01,11:04,Disneyland Park,Discoveryland,Star Wars Hyperspace Mountain Single Rider,0,True
2026-09-01,11:04,Disneyland Park,Discoveryland,Welcome to Starport: A Star Wars Encounter,35,True
2026-09-01,11:04,Disneyland Park,Fantasyland,"""it's a small world""",5,True
2026-09-01,11:04,Disneyland Park,Fantasyland,Alice's Curious Labyrinth,5,True
2026-09-01,11:04,Disneyland Park,Fantasyland,Blanche-Neige et les Sept Nains®,15,True
2026-09-01,11:04,Disneyland Park,Fantasyland,Casey Jr. – le Petit Train du Cirque,5,True
2026-09-01,11:04,Disneyland Park,Fantasyland,Disneyland Railroad Fantasyland Station,0,False
2026-09-01,11:04,Disneyland Park,Fantasyland,Disneyland Railroad Main Street Station,0,False
2026-09-01,11:04,Disneyland Park,Fantasyland,Dumbo the Flying Elephant,35,True
2026-09-01,11:04,Disneyland Park,Fantasyland,La Tanière du Dragon,0,True
2026-09-01,11:04,Disneyland Park,Fantasyland,Le Carrousel de Lancelot,10,True
2026-09-01,11:04,Disneyland Park,Fantasyland,"Le Pays des Contes de Fées, presented by Vittel",5,True
2026-09-01,11:04,Disneyland Park,Fantasyland,Les Voyages de Pinocchio,15,True
2026-09-01,11:04,Disneyland Park,Fantasyland,Mad Hatter's Tea Cups,5,True
2026-09-01,11:04,Disneyland Park,Fantasyland,Meet Mickey Mouse,0,True
2026-09-01,11:04,Disneyland Park,Fantasyland,Peter Pan's Flight,0,False
2026-09-01,11:04,Disneyland Park,Fantasyland,Princess Pavilion,0,True
2026-09-01,11:04,Disneyland Park,Frontierland,Big Thunder Mountain,0,False
2026-09-01,11:04,Disneyland Park,Frontierland,Disneyland Railroad Frontierland Depot,0,False
2026-09-01,11:04,Disneyland Park,Frontierland,Frontierland Playground,0,True
2026-09-01,11:04,Disneyland Park,Frontierland,Phantom Manor,0,False
2026-09-01,11:04,Disneyland Park,Frontierland,River Rogue Keelboats,0,False
2026-09-01,11:04,Disneyland Park,Frontierland,Rustler Roundup Shootin' Gallery,0,True
2026-09-01,11:04,Disneyland Park,Frontierland,Thunder Mesa Riverboat Landing,5,True
2026-09-01,11:04,Disneyland Park,Main Street U.S.A,Disneyland Railroad Main Street Station,0,False
2026-09-01,11:04,Disneyland Park,Main Street U.S.A,Main Street Vehicles,0,False
2026-09-01,11:04,Disney Adventure World,Marvel Avengers Campus,Avengers Assemble: Flight Force,20,True
2026-09-01,11:04,Disney Adventure World,Marvel Avengers Campus,Avengers Assemble: Flight Force Single Rider,15,True
2026-09-01,11:04,Disney Adventure World,Marvel Avengers Campus,Spider-Man W.E.B. Adventure,40,True
2026-09-01,11:04,Disney Adventure World,Marvel Avengers Campus,Spider-Man W.E.B. Adventure Single Rider,15,True
2026-09-01,11:04,Disney Adventure World,Production Courtyard,The Twilight Zone Tower of Terror,30,True
2026-09-01,11:04,Disney Adventure World,Toon Studio,Cars Quatre Roues Rallye,20,True
2026-09-01,11:04,Disney Adventure World,Toon Studio,Cars ROAD TRIP,15,True
2026-09-01,11:04,Disney Adventure World,Toon Studio,Crush's Coaster,80,True
2026-09-01,11:04,Disney Adventure World,Toon Studio,Crush's Coaster Single Rider,45,True
2026-09-01,11:04,Disney Adventure World,Toon Studio,Les Tapis Volants - Flying Carpets Over Agrabah®,25,True
2026-09-01,11:04,Disney Adventure World,Toon Studio,Ratatouille : L’Aventure Totalement Toquée de Rémy​,40,True
2026-09-01,11:04,Disney Adventure World,Toon Studio,Ratatouille: The Adventure Single Rider,15,True
2026-09-01,11:04,Disney Adventure World,Toon Studio,RC Racer,50,True
2026-09-01,11:04,Disney Adventure World,Toon Studio,RC Racer Single Rider,40,True
2026-09-01,11:04,Disney Adventure World,Toon Studio,Slinky® Dog Zigzag Spin,25,True
2026-09-01,11:04,Disney Adventure World,Toon Studio,Toy Soldiers Parachute Drop,0,False
2026-09-01,11:04,Disney Adventure World,Toon Studio,Toy Soldiers Parachute Drop Single Rider,0,False
2026-09-01,11:04,Disney Adventure World,World of Frozen,Entry to World of Frozen,0,True
2026-09-01,11:04,Disney Adventure World,World of Frozen,Frozen Ever After,80,True
2026-09-01,11:04,Disney Adventure World,World of Frozen,Raiponce Tangled Spin,25,True
2026-09-01,11:09,Disneyland Park,Adventureland,Adventure Isle,0,True
2026-09-01,11:09,Disneyland Park,Adventureland,Indiana Jones and the Temple of Peril Single Rider,20,True
2026-09-01,11:09,Disneyland Park,Adventureland,Indiana Jones™ and the Temple of Peril,25,True
2026-09-01,11:09,Disneyland Park,Adventureland,La Cabane des Robinson,5,True
2026-09-01,11:09,Disneyland Park,Adventureland,Le Passage Enchanté d'Aladdin,0,True
2026-09-01,11:09,Disneyland Park,Adventureland,Pirate Galleon,0,False
2026-09-01,11:09,Disneyland Park,Adventureland,Pirates of the Caribbean,10,True
2026-09-01,11:09,Disneyland Park,Adventureland,Pirates' Beach,0,True
2026-09-01,11:09,Disneyland Park,Discoveryland,"Autopia, presented by Avis",35,True
2026-09-01,11:09,Disneyland Park,Discoveryland,Buzz Lightyear Laser Blast,50,True
2026-09-01,11:09,Disneyland Park,Discoveryland,Disneyland Railroad Discoveryland Station,0,False
2026-09-01,11:09,Disneyland Park,Discoveryland,Les Mystères du Nautilus,5,True
2026-09-01,11:09,Disneyland Park,Discoveryland,Mickey’s PhilharMagic,0,False
2026-09-01,11:09,Disneyland Park,Discoveryland,Orbitron®,50,True
2026-09-01,11:09,Disneyland Park,Discoveryland,Star Tours: The Adventures Continue*,5,True
2026-09-01,11:09,Disneyland Park,Discoveryland,Star Wars Hyperspace Mountain,30,True
2026-09-01,11:09,Disneyland Park,Discoveryland,Star Wars Hyperspace Mountain Single Rider,0,True
2026-09-01,11:09,Disneyland Park,Discoveryland,Welcome to Starport: A Star Wars Encounter,35,True
2026-09-01,11:09,Disneyland Park,Fantasyland,"""it's a small world""",5,True
2026-09-01,11:09,Disneyland Park,Fantasyland,Alice's Curious Labyrinth,5,True
2026-09-01,11:09,Disneyland Park,Fantasyland,Blanche-Neige et les Sept Nains®,15,True
2026-09-01,11:09,Disneyland Park,Fantasyland,Casey Jr. – le Petit Train du Cirque,5,True
2026-09-01,11:09,Disneyland Park,Fantasyland,Disneyland Railroad Fantasyland Station,0,False
2026-09-01,11:09,Disneyland Park,Fantasyland,Disneyland Railroad Main Street Station,0,False
2026-09-01,11:09,Disneyland Park,Fantasyland,Dumbo the Flying Elephant,35,True
2026-09-01,11:09,Disneyland Park,Fantasyland,La Tanière du Dragon,0,True
2026-09-01,11:09,Disneyland Park,Fantasyland,Le Carrousel de Lancelot,10,True
2026-09-01,11:09,Disneyland Park,Fantasyland,"Le Pays des Contes de Fées, presented by Vittel",5,True
2026-09-01,11:09,Disneyland Park,Fantasyland,Les Voyages de Pinocchio,15,True
2026-09-01,11:09,Disneyland Park,Fantasyland,Mad Hatter's Tea Cups,5,True
2026-09-01,11:09,Disneyland Park,Fantasyland,Meet Mickey Mouse,0,True
2026-09-01,11:09,Disneyland Park,Fantasyland,Peter Pan's Flight,0,False
2026-09-01,11:09,Disneyland Park,Fantasyland,Princess Pavilion,0,True
2026-09-01,11:09,Disneyland Park,Frontierland,Big Thunder Mountain,0,False
2026-09-01,11:09,Disneyland Park,Frontierland,Disneyland Railroad Frontierland Depot,0,False
2026-09-01,11:09,Disneyland Park,Frontierland,Frontierland Playground,0,True
2026-09-01,11:09,Disneyland Park,Frontierland,Phantom Manor,0,False
2026-09-01,11:09,Disneyland Park,Frontierland,River Rogue Keelboats,0,False
2026-09-01,11:09,Disneyland Park,Frontierland,Rustler Roundup Shootin' Gallery,0,True
2026-09-01,11:09,Disneyland Park,Frontierland,Thunder Mesa Riverboat Landing,5,True
2026-09-01,11:09,Disneyland Park,Main Street U.S.A,Disneyland Railroad Main Street Station,0,False
2026-09-01,11:09,Disneyland Park,Main Street U.S.A,Main Street Vehicles,0,False
2026-09-01,11:09,Disney Adventure World,Marvel Avengers Campus,Avengers Assemble: Flight Force,15,True
2026-09-01,11:09,Disney Adventure World,Marvel Avengers Campus,Avengers Assemble: Flight Force Single Rider,0,True
2026-09-01,11:09,Disney Adventure World,Marvel Avengers Campus,Spider-Man W.E.B. Adventure,45,True
2026-09-01,11:09,Disney Adventure World,Marvel Avengers Campus,Spider-Man W.E.B. Adventure Single Rider,15,True
2026-09-01,11:09,Disney Adventure World,Production Courtyard,The Twilight Zone Tower of Terror,30,True
2026-09-01,11:09,Disney Adventure World,Toon Studio,Cars Quatre Roues Rallye,15,True
2026-09-01,11:09,Disney Adventure World,Toon Studio,Cars ROAD TRIP,15,True
2026-09-01,11:09,Disney Adventure World,Toon Studio,Crush's Coaster,80,True
2026-09-01,11:09,Disney Adventure World,Toon Studio,Crush's Coaster Single Rider,45,True
2026-09-01,11:09,Disney Adventure World,Toon Studio,Les Tapis Volants - Flying Carpets Over Agrabah®,25,True
2026-09-01,11:09,Disney Adventure World,Toon Studio,Ratatouille : L’Aventure Totalement Toquée de Rémy​,45,True
2026-09-01,11:09,Disney Adventure World,Toon Studio,Ratatouille: The Adventure Single Rider,15,True
2026-09-01,11:09,Disney Adventure World,Toon Studio,RC Racer,50,True
2026-09-01,11:09,Disney Adventure World,Toon Studio,RC Racer Single Rider,30,True
2026-09-01,11:09,Disney Adventure World,Toon Studio,Slinky® Dog Zigzag Spin,25,True
2026-09-01,11:09,Disney Adventure World,Toon Studio,Toy Soldiers Parachute Drop,0,False
2026-09-01,11:09,Disney Adventure World,Toon Studio,Toy Soldiers Parachute Drop Single Rider,0,False
2026-09-01,11:09,Disney Adventure World,World of Frozen,Entry to World of Frozen,0,True
2026-09-01,11:09,Disney Adventure World,World of Frozen,Frozen Ever After,80,True
2026-09-01,11:09,Disney Adventure World,World of Frozen,Raiponce Tangled Spin,15,True
2026-09-01,11:14,Disneyland Park,Adventureland,Adventure Isle,0,True
2026-09-01,11:14,Disneyland Park,Adventureland,Indiana Jones and the Temple of Peril Single Rider,15,True
2026-09-01,11:14,Disneyland Park,Adventureland,Indiana Jones™ and the Temple of Peril,25,True
2026-09-01,11:14,Disneyland Park,Adventureland,La Cabane des Robinson,5,True
2026-09-01,11:14,Disneyland Park,Adventureland,Le Passage Enchanté d'Aladdin,0,True
2026-09-01,11:14,Disneyland Park,Adventureland,Pirate Galleon,0,False
2026-09-01,11:14,Disneyland Park,Adventureland,Pirates of the Caribbean,10,True
2026-09-01,11:14,Disneyland Park,Adventureland,Pirates' Beach,0,True
2026-09-01,11:14,Disneyland Park,Discoveryland,"Autopia, presented by Avis",35,True
2026-09-01,11:14,Disneyland Park,Discoveryland,Buzz Lightyear Laser Blast,50,True
2026-09-01,11:14,Disneyland Park,Discoveryland,Disneyland Railroad Discoveryland Station,0,False
2026-09-01,11:14,Disneyland Park,Discoveryland,Les Mystères du Nautilus,5,True
2026-09-01,11:14,Disneyland Park,Discoveryland,Mickey’s PhilharMagic,0,False
2026-09-01,11:14,Disneyland Park,Discoveryland,Orbitron®,50,True
2026-09-01,11:14,Disneyland Park,Discoveryland,Star Tours: The Adventures Continue*,5,True
2026-09-01,11:14,Disneyland Park,Discoveryland,Star Wars Hyperspace Mountain,25,True
2026-09-01,11:14,Disneyland Park,Discoveryland,Star Wars Hyperspace Mountain Single Rider,0,True
2026-09-01,11:14,Disneyland Park,Discoveryland,Welcome to Starport: A Star Wars Encounter,35,True
2026-09-01,11:14,Disneyland Park,Fantasyland,"""it's a small world""",5,True
2026-09-01,11:14,Disneyland Park,Fantasyland,Alice's Curious Labyrinth,5,True
2026-09-01,11:14,Disneyland Park,Fantasyland,Blanche-Neige et les Sept Nains®,15,True
2026-09-01,11:14,Disneyland Park,Fantasyland,Casey Jr. – le Petit Train du Cirque,15,True
2026-09-01,11:14,Disneyland Park,Fantasyland,Disneyland Railroad Fantasyland Station,0,False
2026-09-01,11:14,Disneyland Park,Fantasyland,Disneyland Railroad Main Street Station,0,False
2026-09-01,11:14,Disneyland Park,Fantasyland,Dumbo the Flying Elephant,35,True
2026-09-01,11:14,Disneyland Park,Fantasyland,La Tanière du Dragon,0,True
2026-09-01,11:14,Disneyland Park,Fantasyland,Le Carrousel de Lancelot,10,True
2026-09-01,11:14,Disneyland Park,Fantasyland,"Le Pays des Contes de Fées, presented by Vittel",5,True
2026-09-01,11:14,Disneyland Park,Fantasyland,Les Voyages de Pinocchio,15,True
2026-09-01,11:14,Disneyland Park,Fantasyland,Mad Hatter's Tea Cups,5,True
2026-09-01,11:14,Disneyland Park,Fantasyland,Meet Mickey Mouse,0,True
2026-09-01,11:14,Disneyland Park,Fantasyland,Peter Pan's Flight,0,False
2026-09-01,11:14,Disneyland Park,Fantasyland,Princess Pavilion,0,True
2026-09-01,11:14,Disneyland Park,Frontierland,Big Thunder Mountain,0,False
2026-09-01,11:14,Disneyland Park,Frontierland,Disneyland Railroad Frontierland Depot,0,False
2026-09-01,11:14,Disneyland Park,Frontierland,Frontierland Playground,0,True
2026-09-01,11:14,Disneyland Park,Frontierland,Phantom Manor,0,False
2026-09-01,11:14,Disneyland Park,Frontierland,River Rogue Keelboats,0,False
2026-09-01,11:14,Disneyland Park,Frontierland,Rustler Roundup Shootin' Gallery,0,True
2026-09-01,11:14,Disneyland Park,Frontierland,Thunder Mesa Riverboat Landing,5,True
2026-09-01,11:14,Disneyland Park,Main Street U.S.A,Disneyland Railroad Main Street Station,0,False
2026-09-01,11:14,Disneyland Park,Main Street U.S.A,Main Street Vehicles,0,False
2026-09-01,11:14,Disney Adventure World,Marvel Avengers Campus,Avengers Assemble: Flight Force,20,True
2026-09-01,11:14,Disney Adventure World,Marvel Avengers Campus,Avengers Assemble: Flight Force Single Rider,10,True
2026-09-01,11:14,Disney Adventure World,Marvel Avengers Campus,Spider-Man W.E.B. Adventure,0,False
2026-09-01,11:14,Disney Adventure World,Marvel Avengers Campus,Spider-Man W.E.B. Adventure Single Rider,0,False
2026-09-01,11:14,Disney Adventure World,Production Courtyard,The Twilight Zone Tower of Terror,25,True
2026-09-01,11:14,Disney Adventure World,Toon Studio,Cars Quatre Roues Rallye,20,True
2026-09-01,11:14,Disney Adventure World,Toon Studio,Cars ROAD TRIP,15,True
2026-09-01,11:14,Disney Adventure World,Toon Studio,Crush's Coaster,65,True
2026-09-01,11:14,Disney Adventure World,Toon Studio,Crush's Coaster Single Rider,45,True
2026-09-01,11:14,Disney Adventure World,Toon Studio,Les Tapis Volants - Flying Carpets Over Agrabah®,25,True
2026-09-01,11:14,Disney Adventure World,Toon Studio,Ratatouille : L’Aventure Totalement Toquée de Rémy​,45,True
2026-09-01,11:14,Disney Adventure World,Toon Studio,Ratatouille: The Adventure Single Rider,20,True
2026-09-01,11:14,Disney Adventure World,Toon Studio,RC Racer,50,True
2026-09-01,11:14,Disney Adventure World,Toon Studio,RC Racer Single Rider,30,True
2026-09-01,11:14,Disney Adventure World,Toon Studio,Slinky® Dog Zigzag Spin,30,True
2026-09-01,11:14,Disney Adventure World,Toon Studio,Toy Soldiers Parachute Drop,0,False
2026-09-01,11:14,Disney Adventure World,Toon Studio,Toy Soldiers Parachute Drop Single Rider,0,False
2026-09-01,11:14,Disney Adventure World,World of Frozen,Entry to World of Frozen,0,True
2026-09-01,11:14,Disney Adventure World,World of Frozen,Frozen Ever After,80,True
2026-09-01,11:14,Disney Adventure World,World of Frozen,Raiponce Tangled Spin,15,True
2026-09-01,11:19,Disneyland Park,Adventureland,Adventure Isle,0,True
2026-09-01,11:19,Disneyland Park,Adventureland,Indiana Jones and the Temple of Peril Single Rider,10,True
2026-09-01,11:19,Disneyland Park,Adventureland,Indiana Jones™ and the Temple of Peril,30,True
2026-09-01,11:19,Disneyland Park,Adventureland,La Cabane des Robinson,5,True
2026-09-01,11:19,Disneyland Park,Adventureland,Le Passage Enchanté d'Aladdin,0,True
2026-09-01,11:19,Disneyland Park,Adventureland,Pirate Galleon,0,False
2026-09-01,11:19,Disneyland Park,Adventureland,Pirates of the Caribbean,15,True
2026-09-01,11:19,Disneyland Park,Adventureland,Pirates' Beach,0,True
2026-09-01,11:19,Disneyland Park,Discoveryland,"Autopia, presented by Avis",40,True
2026-09-01,11:19,Disneyland Park,Discoveryland,Buzz Lightyear Laser Blast,50,True
2026-09-01,11:19,Disneyland Park,Discoveryland,Disneyland Railroad Discoveryland Station,0,False
2026-09-01,11:19,Disneyland Park,Discoveryland,Les Mystères du Nautilus,5,True
2026-09-01,11:19,Disneyland Park,Discoveryland,Mickey’s PhilharMagic,0,False
2026-09-01,11:19,Disneyland Park,Discoveryland,Orbitron®,50,True
2026-09-01,11:19,Disneyland Park,Discoveryland,Star Tours: The Adventures Continue*,5,True
2026-09-01,11:19,Disneyland Park,Discoveryland,Star Wars Hyperspace Mountain,20,True
2026-09-01,11:19,Disneyland Park,Discoveryland,Star Wars Hyperspace Mountain Single Rider,0,True
2026-09-01,11:19,Disneyland Park,Discoveryland,Welcome to Starport: A Star Wars Encounter,5,True
2026-09-01,11:19,Disneyland Park,Fantasyland,"""it's a small world""",5,True
2026-09-01,11:19,Disneyland Park,Fantasyland,Alice's Curious Labyrinth,5,True
2026-09-01,11:19,Disneyland Park,Fantasyland,Blanche-Neige et les Sept Nains®,15,True
2026-09-01,11:19,Disneyland Park,Fantasyland,Casey Jr. – le Petit Train du Cirque,15,True
2026-09-01,11:19,Disneyland Park,Fantasyland,Disneyland Railroad Fantasyland Station,0,False
2026-09-01,11:19,Disneyland Park,Fantasyland,Disneyland Railroad Main Street Station,0,False
2026-09-01,11:19,Disneyland Park,Fantasyland,Dumbo the Flying Elephant,35,True
2026-09-01,11:19,Disneyland Park,Fantasyland,La Tanière du Dragon,0,True
2026-09-01,11:19,Disneyland Park,Fantasyland,Le Carrousel de Lancelot,10,True
2026-09-01,11:19,Disneyland Park,Fantasyland,"Le Pays des Contes de Fées, presented by Vittel",5,True
2026-09-01,11:19,Disneyland Park,Fantasyland,Les Voyages de Pinocchio,15,True
2026-09-01,11:19,Disneyland Park,Fantasyland,Mad Hatter's Tea Cups,5,True
2026-09-01,11:19,Disneyland Park,Fantasyland,Meet Mickey Mouse,0,True
2026-09-01,11:19,Disneyland Park,Fantasyland,Peter Pan's Flight,0,False
2026-09-01,11:19,Disneyland Park,Fantasyland,Princess Pavilion,0,True
2026-09-01,11:19,Disneyland Park,Frontierland,Big Thunder Mountain,0,False
2026-09-01,11:19,Disneyland Park,Frontierland,Disneyland Railroad Frontierland Depot,0,False
2026-09-01,11:19,Disneyland Park,Frontierland,Frontierland Playground,0,True
2026-09-01,11:19,Disneyland Park,Frontierland,Phantom Manor,0,False
2026-09-01,11:19,Disneyland Park,Frontierland,River Rogue Keelboats,0,False
2026-09-01,11:19,Disneyland Park,Frontierland,Rustler Roundup Shootin' Gallery,0,True
2026-09-01,11:19,Disneyland Park,Frontierland,Thunder Mesa Riverboat Landing,5,True
2026-09-01,11:19,Disneyland Park,Main Street U.S.A,Disneyland Railroad Main Street Station,0,False
2026-09-01,11:19,Disneyland Park,Main Street U.S.A,Main Street Vehicles,0,False
2026-09-01,11:19,Disney Adventure World,Marvel Avengers Campus,Avengers Assemble: Flight Force,20,True
2026-09-01,11:19,Disney Adventure World,Marvel Avengers Campus,Avengers Assemble: Flight Force Single Rider,5,True
2026-09-01,11:19,Disney Adventure World,Marvel Avengers Campus,Spider-Man W.E.B. Adventure,0,False
2026-09-01,11:19,Disney Adventure World,Marvel Avengers Campus,Spider-Man W.E.B. Adventure Single Rider,0,False
2026-09-01,11:19,Disney Adventure World,Production Courtyard,The Twilight Zone Tower of Terror,25,True
2026-09-01,11:19,Disney Adventure World,Toon Studio,Cars Quatre Roues Rallye,20,True
2026-09-01,11:19,Disney Adventure World,Toon Studio,Cars ROAD TRIP,20,True
2026-09-01,11:19,Disney Adventure World,Toon Studio,Crush's Coaster,65,True
2026-09-01,11:19,Disney Adventure World,Toon Studio,Crush's Coaster Single Rider,40,True
2026-09-01,11:19,Disney Adventure World,Toon Studio,Les Tapis Volants - Flying Carpets Over Agrabah®,25,True
2026-09-01,11:19,Disney Adventure World,Toon Studio,Ratatouille : L’Aventure Totalement Toquée de Rémy​,65,True
2026-09-01,11:19,Disney Adventure World,Toon Studio,Ratatouille: The Adventure Single Rider,20,True
2026-09-01,11:19,Disney Adventure World,Toon Studio,RC Racer,50,True
2026-09-01,11:19,Disney Adventure World,Toon Studio,RC Racer Single Rider,30,True
2026-09-01,11:19,Disney Adventure World,Toon Studio,Slinky® Dog Zigzag Spin,30,True
2026-09-01,11:19,Disney Adventure World,Toon Studio,Toy Soldiers Parachute Drop,0,False
2026-09-01,11:19,Disney Adventure World,Toon Studio,Toy Soldiers Parachute Drop Single Rider,0,False
2026-09-01,11:19,Disney Adventure World,World of Frozen,Entry to World of Frozen,0,True
2026-09-01,11:19,Disney Adventure World,World of Frozen,Frozen Ever After,80,True
2026-09-01,11:19,Disney Adventure World,World of Frozen,Raiponce Tangled Spin,15,True
