date,time,park,land,attraction,wait_time,is_open
2026-07-01,08:02,Disneyland Park,Adventureland,Adventure Isle,0,False
2026-07-01,08:02,Disneyland Park,Adventureland,Indiana Jones and the Temple of Peril Single Rider,0,False
2026-07-01,08:02,Disneyland Park,Adventureland,Indiana Jones™ and the Temple of Peril,0,False
2026-07-01,08:02,Disneyland Park,Adventureland,La Cabane des Robinson,0,False
2026-07-01,08:02,Disneyland Park,Adventureland,Le Passage Enchanté d'Aladdin,0,False
2026-07-01,08:02,Disneyland Park,Adventureland,Pirate Galleon,0,False
2026-07-01,08:02,Disneyland Park,Adventureland,Pirates of the Caribbean,0,False
2026-07-01,08:02,Disneyland Park,Adventureland,Pirates' Beach,0,False
2026-07-01,08:02,Disneyland Park,Discoveryland,"Autopia, presented by Avis",0,False
2026-07-01,08:02,Disneyland Park,Discoveryland,Buzz Lightyear Laser Blast,0,False
2026-07-01,08:02,Disneyland Park,Discoveryland,Disneyland Railroad Discoveryland Station,0,False
2026-07-01,08:02,Disneyland Park,Discoveryland,Les Mystères du Nautilus,0,False
2026-07-01,08:02,Disneyland Park,Discoveryland,Mickey’s PhilharMagic,0,False
2026-07-01,08:02,Disneyland Park,Discoveryland,Orbitron®,0,False
2026-07-01,08:02,Disneyland Park,Discoveryland,Star Tours: The Adventures Continue*,0,False
2026-07-01,08:02,Disneyland Park,Discoveryland,Star Wars Hyperspace Mountain,0,False
2026-07-01,08:02,Disneyland Park,Discoveryland,Star Wars Hyperspace Mountain Single Rider,0,False
2026-07-01,08:02,Disneyland Park,Discoveryland,Welcome to Starport: A Star Wars Encounter,0,False
2026-07-01,08:02,Disneyland Park,Fantasyland,"""it's a small world""",0,False
2026-07-01,08:02,Disneyland Park,Fantasyland,Alice's Curious Labyrinth,0,False
2026-07-01,08:02,Disneyland Park,Fantasyland,Blanche-Neige et les Sept Nains®,0,False
2026-07-01,08:02,Disneyland Park,Fantasyland,Casey Jr. – le Petit Train du Cirque,0,False
2026-07-01,08:02,Disneyland Park,Fantasyland,Disneyland Railroad Fantasyland Station,0,False
2026-07-01,08:02,Disneyland Park,Fantasyland,Disneyland Railroad Main Street Station,0,False
2026-07-01,08:02,Disneyland Park,Fantasyland,Dumbo the Flying Elephant,0,False
2026-07-01,08:02,Disneyland Park,Fantasyland,La Tanière du Dragon,0,False
2026-07-01,08:02,Disneyland Park,Fantasyland,Le Carrousel de Lancelot,0,False
2026-07-01,08:02,Disneyland Park,Fantasyland,"Le Pays des Contes de Fées, presented by Vittel",0,False
2026-07-01,08:02,Disneyland Park,Fantasyland,Les Voyages de Pinocchio,0,False
2026-07-01,08:02,Disneyland Park,Fantasyland,Mad Hatter's Tea Cups,0,False
2026-07-01,08:02,Disneyland Park,Fantasyland,Meet Mickey Mouse,0,False
2026-07-01,08:02,Disneyland Park,Fantasyland,Peter Pan's Flight,0,False
2026-07-01,08:02,Disneyland Park,Fantasyland,Princess Pavilion,0,False
2026-07-01,08:02,Disneyland Park,Frontierland,Big Thunder Mountain,0,False
2026-07-01,08:02,Disneyland Park,Frontierland,Disneyland Railroad Frontierland Depot,0,False
2026-07-01,08:02,Disneyland Park,Frontierland,Frontierland Playground,0,False
2026-07-01,08:02,Disneyland Park,Frontierland,Phantom Manor,0,False
2026-07-01,08:02,Disneyland Park,Frontierland,River Rogue Keelboats,0,False
2026-07-01,08:02,Disneyland Park,Frontierland,Rustler Roundup Shootin' Gallery,0,False
2026-07-01,08:02,Disneyland Park,Frontierland,Thunder Mesa Riverboat Landing,0,False
2026-07-01,08:02,Disneyland Park,Main Street U.S.A,Disneyland Railroad Main Street Station,0,False
2026-07-01,08:02,Disneyland Park,Main Street U.S.A,Main Street Vehicles,0,False
2026-07-01,08:02,Disney Adventure World,Marvel Avengers Campus,Avengers Assemble: Flight Force,0,False
2026-07-01,08:02,Disney Adventure World,Marvel Avengers Campus,Avengers Assemble: Flight Force Single Rider,0,False
2026-07-01,08:02,Disney Adventure World,Marvel Avengers Campus,Spider-Man W.E.B. Adventure,0,False
2026-07-01,08:02,Disney Adventure World,Marvel Avengers Campus,Spider-Man W.E.B. Adventure Single Rider,0,False
2026-07-01,08:02,Disney Adventure World,Production Courtyard,The Twilight Zone Tower of Terror,0,False
2026-07-01,08:02,Disney Adventure World,Toon Studio,Cars Quatre Roues Rallye,0,False
2026-07-01,08:02,Disney Adventure World,Toon Studio,Cars ROAD TRIP,0,False
2026-07-01,08:02,Disney Adventure World,Toon Studio,Crush's Coaster,0,False
2026-07-01,08:02,Disney Adventure World,Toon Studio,Crush's Coaster Single Rider,0,False
2026-07-01,08:02,Disney Adventure World,Toon Studio,Les Tapis Volants - Flying Carpets Over Agrabah®,0,False
2026-07-01,08:02,Disney Adventure World,Toon Studio,Ratatouille : L’Aventure Totalement Toquée de Rémy​,0,False
2026-07-01,08:02,Disney Adventure World,Toon Studio,Ratatouille: The Adventure Single Rider,0,False
2026-07-01,08:02,Disney Adventure World,Toon Studio,RC Racer,0,False
2026-07-01,08:02,Disney Adventure World,Toon Studio,RC Racer Single Rider,0,False
2026-07-01,08:02,Disney Adventure World,Toon Studio,Slinky® Dog Zigzag Spin,0,False
2026-07-01,08:02,Disney Adventure World,Toon Studio,Toy Soldiers Parachute Drop,0,False
2026-07-01,08:02,Disney Adventure World,Toon Studio,Toy Soldiers Parachute Drop Single Rider,0,False
2026-07-01,08:02,Disney Adventure World,World of Frozen,Entry to World of Frozen,0,False
2026-07-01,08:02,Disney Adventure World,World of Frozen,Frozen Ever After,0,False
2026-07-01,08:02,Disney Adventure World,World of Frozen,Raiponce Tangled Spin,0,False
2026-07-01,08:07,Disneyland Park,Adventureland,Adventure Isle,0,False
2026-07-01,08:07,Disneyland Park,Adventureland,Indiana Jones and the Temple of Peril Single Rider,0,False
2026-07-01,08:07,Disneyland Park,Adventureland,Indiana Jones™ and the Temple of Peril,0,False
2026-07-01,08:07,Disneyland Park,Adventureland,La Cabane des Robinson,0,False
2026-07-01,08:07,Disneyland Park,Adventureland,Le Passage Enchanté d'Aladdin,0,False
2026-07-01,08:07,Disneyland Park,Adventureland,Pirate Galleon,0,False
2026-07-01,08:07,Disneyland Park,Adventureland,Pirates of the Caribbean,0,False
2026-07-01,08:07,Disneyland Park,Adventureland,Pirates' Beach,0,False
2026-07-01,08:07,Disneyland Park,Discoveryland,"Autopia, presented by Avis",0,False
2026-07-01,08:07,Disneyland Park,Discoveryland,Buzz Lightyear Laser Blast,0,False
2026-07-01,08:07,Disneyland Park,Discoveryland,Disneyland Railroad Discoveryland Station,0,False
2026-07-01,08:07,Disneyland Park,Discoveryland,Les Mystères du Nautilus,0,False
2026-07-01,08:07,Disneyland Park,Discoveryland,Mickey’s PhilharMagic,0,False
2026-07-01,08:07,Disneyland Park,Discoveryland,Orbitron®,0,False
2026-07-01,08:07,Disneyland Park,Discoveryland,Star Tours: The Adventures Continue*,0,False
2026-07-01,08:07,Disneyland Park,Discoveryland,Star Wars Hyperspace Mountain,0,False
2026-07-01,08:07,Disneyland Park,Discoveryland,Star Wars Hyperspace Mountain Single Rider,0,False
2026-07-01,08:07,Disneyland Park,Discoveryland,Welcome to Starport: A Star Wars Encounter,0,False
2026-07-01,08:07,Disneyland Park,Fantasyland,"""it's a small world""",0,False
2026-07-01,08:07,Disneyland Park,Fantasyland,Alice's Curious Labyrinth,0,False
2026-07-01,08:07,Disneyland Park,Fantasyland,Blanche-Neige et les Sept Nains®,0,False
2026-07-01,08:07,Disneyland Park,Fantasyland,Casey Jr. – le Petit Train du Cirque,0,False
2026-07-01,08:07,Disneyland Park,Fantasyland,Disneyland Railroad Fantasyland Station,0,False
2026-07-01,08:07,Disneyland Park,Fantasyland,Disneyland Railroad Main Street Station,0,False
2026-07-01,08:07,Disneyland Park,Fantasyland,Dumbo the Flying Elephant,0,False
2026-07-01,08:07,Disneyland Park,Fantasyland,La Tanière du Dragon,0,False
2026-07-01,08:07,Disneyland Park,Fantasyland,Le Carrousel de Lancelot,0,False
2026-07-01,08:07,Disneyland Park,Fantasyland,"Le Pays des Contes de Fées, presented by Vittel",0,False
2026-07-01,08:07,Disneyland Park,Fantasyland,Les Voyages de Pinocchio,0,False
2026-07-01,08:07,Disneyland Park,Fantasyland,Mad Hatter's Tea Cups,0,False
2026-07-01,08:07,Disneyland Park,Fantasyland,Meet Mickey Mouse,0,False
2026-07-01,08:07,Disneyland Park,Fantasyland,Peter Pan's Flight,0,False
2026-07-01,08:07,Disneyland Park,Fantasyland,Princess Pavilion,0,False
2026-07-01,08:07,Disneyland Park,Frontierland,Big Thunder Mountain,0,False
2026-07-01,08:07,Disneyland Park,Frontierland,Disneyland Railroad Frontierland Depot,0,False
2026-07-01,08:07,Disneyland Park,Frontierland,Frontierland Playground,0,False
2026-07-01,08:07,Disneyland Park,Frontierland,Phantom Manor,0,False
2026-07-01,08:07,Disneyland Park,Frontierland,River Rogue Keelboats,0,False
2026-07-01,08:07,Disneyland Park,Frontierland,Rustler Roundup Shootin' Gallery,0,False
2026-07-01,08:07,Disneyland Park,Frontierland,Thunder Mesa Riverboat Landing,0,False
2026-07-01,08:07,Disneyland Park,Main Street U.S.A,Disneyland Railroad Main Street Station,0,False
2026-07-01,08:07,Disneyland Park,Main Street U.S.A,Main Street Vehicles,0,False
2026-07-01,08:07,Disney Adventure World,Marvel Avengers Campus,Avengers Assemble: Flight Force,0,False
2026-07-01,08:07,Disney Adventure World,Marvel Avengers Campus,Avengers Assemble: Flight Force Single Rider,0,False
2026-07-01,08:07,Disney Adventure World,Marvel Avengers Campus,Spider-Man W.E.B. Adventure,0,False
2026-07-01,08:07,Disney Adventure World,Marvel Avengers Campus,Spider-Man W.E.B. Adventure Single Rider,0,False
2026-07-01,08:07,Disney Adventure World,Production Courtyard,The Twilight Zone Tower of Terror,0,False
2026-07-01,08:07,Disney Adventure World,Toon Studio,Cars Quatre Roues Rallye,0,False
2026-07-01,08:07,Disney Adventure World,Toon Studio,Cars ROAD TRIP,0,False
2026-07-01,08:07,Disney Adventure World,Toon Studio,Crush's Coaster,0,False
2026-07-01,08:07,Disney Adventure World,Toon Studio,Crush's Coaster Single Rider,0,False
2026-07-01,08:07,Disney Adventure World,Toon Studio,Les Tapis Volants - Flying Carpets Over Agrabah®,0,False
2026-07-01,08:07,Disney Adventure World,Toon Studio,Ratatouille : L’Aventure Totalement Toquée de Rémy​,0,False
2026-07-01,08:07,Disney Adventure World,Toon Studio,Ratatouille: The Adventure Single Rider,0,False
2026-07-01,08:07,Disney Adventure World,Toon Studio,RC Racer,0,False
2026-07-01,08:07,Disney Adventure World,Toon Studio,RC Racer Single Rider,0,False
2026-07-01,08:07,Disney Adventure World,Toon Studio,Slinky® Dog Zigzag Spin,0,False
2026-07-01,08:07,Disney Adventure World,Toon Studio,Toy Soldiers Parachute Drop,0,False
2026-07-01,08:07,Disney Adventure World,Toon Studio,Toy Soldiers Parachute Drop Single Rider,0,False
2026-07-01,08:07,Disney Adventure World,World of Frozen,Entry to World of Frozen,0,False
2026-07-01,08:07,Disney Adventure World,World of Frozen,Frozen Ever After,0,False
2026-07-01,08:07,Disney Adventure World,World of Frozen,Raiponce Tangled Spin,0,False
2026-07-01,08:12,Disneyland Park,Adventureland,Adventure Isle,0,False
2026-07-01,08:12,Disneyland Park,Adventureland,Indiana Jones and the Temple of Peril Single Rider,0,False
2026-07-01,08:12,Disneyland Park,Adventureland,Indiana Jones™ and the Temple of Peril,0,False
2026-07-01,08:12,Disneyland Park,Adventureland,La Cabane des Robinson,0,False
2026-07-01,08:12,Disneyland Park,Adventureland,Le Passage Enchanté d'Aladdin,0,False
2026-07-01,08:12,Disneyland Park,Adventureland,Pirate Galleon,0,False
2026-07-01,08:12,Disneyland Park,Adventureland,Pirates of the Caribbean,0,False
2026-07-01,08:12,Disneyland Park,Adventureland,Pirates' Beach,0,False
2026-07-01,08:12,Disneyland Park,Discoveryland,"Autopia, presented by Avis",0,False
2026-07-01,08:12,Disneyland Park,Discoveryland,Buzz Lightyear Laser Blast,0,False
2026-07-01,08:12,Disneyland Park,Discoveryland,Disneyland Railroad Discoveryland Station,0,False
2026-07-01,08:12,Disneyland Park,Discoveryland,Les Mystères du Nautilus,0,False
2026-07-01,08:12,Disneyland Park,Discoveryland,Mickey’s PhilharMagic,0,False
2026-07-01,08:12,Disneyland Park,Discoveryland,Orbitron®,0,False
2026-07-01,08:12,Disneyland Park,Discoveryland,Star Tours: The Adventures Continue*,0,False
2026-07-01,08:12,Disneyland Park,Discoveryland,Star Wars Hyperspace Mountain,0,False
2026-07-01,08:12,Disneyland Park,Discoveryland,Star Wars Hyperspace Mountain Single Rider,0,False
2026-07-01,08:12,Disneyland Park,Discoveryland,Welcome to Starport: A Star Wars Encounter,0,False
2026-07-01,08:12,Disneyland Park,Fantasyland,"""it's a small world""",0,False
2026-07-01,08:12,Disneyland Park,Fantasyland,Alice's Curious Labyrinth,0,False
2026-07-01,08:12,Disneyland Park,Fantasyland,Blanche-Neige et les Sept Nains®,0,False
2026-07-01,08:12,Disneyland Park,Fantasyland,Casey Jr. – le Petit Train du Cirque,0,False
2026-07-01,08:12,Disneyland Park,Fantasyland,Disneyland Railroad Fantasyland Station,0,False
2026-07-01,08:12,Disneyland Park,Fantasyland,Disneyland Railroad Main Street Station,0,False
2026-07-01,08:12,Disneyland Park,Fantasyland,Dumbo the Flying Elephant,0,False
2026-07-01,08:12,Disneyland Park,Fantasyland,La Tanière du Dragon,0,False
2026-07-01,08:12,Disneyland Park,Fantasyland,Le Carrousel de Lancelot,0,False
2026-07-01,08:12,Disneyland Park,Fantasyland,"Le Pays des Contes de Fées, presented by Vittel",0,False
2026-07-01,08:12,Disneyland Park,Fantasyland,Les Voyages de Pinocchio,0,False
2026-07-01,08:12,Disneyland Park,Fantasyland,Mad Hatter's Tea Cups,0,False
2026-07-01,08:12,Disneyland Park,Fantasyland,Meet Mickey Mouse,0,False
2026-07-01,08:12,Disneyland Park,Fantasyland,Peter Pan's Flight,0,False
2026-07-01,08:12,Disneyland Park,Fantasyland,Princess Pavilion,0,False
2026-07-01,08:12,Disneyland Park,Frontierland,Big Thunder Mountain,0,False
2026-07-01,08:12,Disneyland Park,Frontierland,Disneyland Railroad Frontierland Depot,0,False
2026-07-01,08:12,Disneyland Park,Frontierland,Frontierland Playground,0,False
2026-07-01,08:12,Disneyland Park,Frontierland,Phantom Manor,0,False
2026-07-01,08:12,Disneyland Park,Frontierland,River Rogue Keelboats,0,False
2026-07-01,08:12,Disneyland Park,Frontierland,Rustler Roundup Shootin' Gallery,0,False
2026-07-01,08:12,Disneyland Park,Frontierland,Thunder Mesa Riverboat Landing,0,False
2026-07-01,08:12,Disneyland Park,Main Street U.S.A,Disneyland Railroad Main Street Station,0,False
2026-07-01,08:12,Disneyland Park,Main Street U.S.A,Main Street Vehicles,0,False
2026-07-01,08:12,Disney Adventure World,Marvel Avengers Campus,Avengers Assemble: Flight Force,0,False
2026-07-01,08:12,Disney Adventure World,Marvel Avengers Campus,Avengers Assemble: Flight Force Single Rider,0,False
2026-07-01,08:12,Disney Adventure World,Marvel Avengers Campus,Spider-Man W.E.B. Adventure,0,False
2026-07-01,08:12,Disney Adventure World,Marvel Avengers Campus,Spider-Man W.E.B. Adventure Single Rider,0,False
2026-07-01,08:12,Disney Adventure World,Production Courtyard,The Twilight Zone Tower of Terror,0,False
2026-07-01,08:12,Disney Adventure World,Toon Studio,Cars Quatre Roues Rallye,0,False
2026-07-01,08:12,Disney Adventure World,Toon Studio,Cars ROAD TRIP,0,False
2026-07-01,08:12,Disney Adventure World,Toon Studio,Crush's Coaster,0,False
2026-07-01,08:12,Disney Adventure World,Toon Studio,Crush's Coaster Single Rider,0,False
2026-07-01,08:12,Disney Adventure World,Toon Studio,Les Tapis Volants - Flying Carpets Over Agrabah®,0,False
2026-07-01,08:12,Disney Adventure World,Toon Studio,Ratatouille : L’Aventure Totalement Toquée de Rémy​,0,False
2026-07-01,08:12,Disney Adventure World,Toon Studio,Ratatouille: The Adventure Single Rider,0,False
2026-07-01,08:12,Disney Adventure World,Toon Studio,RC Racer,0,False
2026-07-01,08:12,Disney Adventure World,Toon Studio,RC Racer Single Rider,0,False
2026-07-01,08:12,Disney Adventure World,Toon Studio,Slinky® Dog Zigzag Spin,0,False
2026-07-01,08:12,Disney Adventure World,Toon Studio,Toy Soldiers Parachute Drop,0,False
2026-07-01,08:12,Disney Adventure World,Toon Studio,Toy Soldiers Parachute Drop Single Rider,0,False
2026-07-01,08:12,Disney Adventure World,World of Frozen,Entry to World of Frozen,0,False
2026-07-01,08:12,Disney Adventure World,World of Frozen,Frozen Ever After,0,False
2026-07-01,08:12,Disney Adventure World,World of Frozen,Raiponce Tangled Spin,0,False
2026-07-01,08:17,Disneyland Park,Adventureland,Adventure Isle,0,False
2026-07-01,08:17,Disneyland Park,Adventureland,Indiana Jones and the Temple of Peril Single Rider,0,False
2026-07-01,08:17,Disneyland Park,Adventureland,Indiana Jones™ and the Temple of Peril,0,False
2026-07-01,08:17,Disneyland Park,Adventureland,La Cabane des Robinson,0,False
2026-07-01,08:17,Disneyland Park,Adventureland,Le Passage Enchanté d'Aladdin,0,False
2026-07-01,08:17,Disneyland Park,Adventureland,Pirate Galleon,0,False
2026-07-01,08:17,Disneyland Park,Adventureland,Pirates of the Caribbean,0,False
2026-07-01,08:17,Disneyland Park,Adventureland,Pirates' Beach,0,False
2026-07-01,08:17,Disneyland Park,Discoveryland,"Autopia, presented by Avis",0,False
2026-07-01,08:17,Disneyland Park,Discoveryland,Buzz Lightyear Laser Blast,0,False
2026-07-01,08:17,Disneyland Park,Discoveryland,Disneyland Railroad Discoveryland Station,0,False
2026-07-01,08:17,Disneyland Park,Discoveryland,Les Mystères du Nautilus,0,False
2026-07-01,08:17,Disneyland Park,Discoveryland,Mickey’s PhilharMagic,0,False
2026-07-01,08:17,Disneyland Park,Discoveryland,Orbitron®,0,False
2026-07-01,08:17,Disneyland Park,Discoveryland,Star Tours: The Adventures Continue*,0,False
2026-07-01,08:17,Disneyland Park,Discoveryland,Star Wars Hyperspace Mountain,0,False
2026-07-01,08:17,Disneyland Park,Discoveryland,Star Wars Hyperspace Mountain Single Rider,0,False
2026-07-01,08:17,Disneyland Park,Discoveryland,Welcome to Starport: A Star Wars Encounter,0,False
2026-07-01,08:17,Disneyland Park,Fantasyland,"""it's a small world""",0,False
2026-07-01,08:17,Disneyland Park,Fantasyland,Alice's Curious Labyrinth,0,False
2026-07-01,08:17,Disneyland Park,Fantasyland,Blanche-Neige et les Sept Nains®,0,False
2026-07-01,08:17,Disneyland Park,Fantasyland,Casey Jr. – le Petit Train du Cirque,0,False
2026-07-01,08:17,Disneyland Park,Fantasyland,Disneyland Railroad Fantasyland Station,0,False
2026-07-01,08:17,Disneyland Park,Fantasyland,Disneyland Railroad Main Street Station,0,False
2026-07-01,08:17,Disneyland Park,Fantasyland,Dumbo the Flying Elephant,5,True
2026-07-01,08:17,Disneyland Park,Fantasyland,La Tanière du Dragon,0,False
2026-07-01,08:17,Disneyland Park,Fantasyland,Le Carrousel de Lancelot,0,False
2026-07-01,08:17,Disneyland Park,Fantasyland,"Le Pays des Contes de Fées, presented by Vittel",0,False
2026-07-01,08:17,Disneyland Park,Fantasyland,Les Voyages de Pinocchio,0,False
2026-07-01,08:17,Disneyland Park,Fantasyland,Mad Hatter's Tea Cups,0,False
2026-07-01,08:17,Disneyland Park,Fantasyland,Meet Mickey Mouse,0,False
2026-07-01,08:17,Disneyland Park,Fantasyland,Peter Pan's Flight,0,False
2026-07-01,08:17,Disneyland Park,Fantasyland,Princess Pavilion,0,False
2026-07-01,08:17,Disneyland Park,Frontierland,Big Thunder Mountain,0,False
2026-07-01,08:17,Disneyland Park,Frontierland,Disneyland Railroad Frontierland Depot,0,False
2026-07-01,08:17,Disneyland Park,Frontierland,Frontierland Playground,0,False
2026-07-01,08:17,Disneyland Park,Frontierland,Phantom Manor,0,False
2026-07-01,08:17,Disneyland Park,Frontierland,River Rogue Keelboats,0,False
2026-07-01,08:17,Disneyland Park,Frontierland,Rustler Roundup Shootin' Gallery,0,False
2026-07-01,08:17,Disneyland Park,Frontierland,Thunder Mesa Riverboat Landing,0,False
2026-07-01,08:17,Disneyland Park,Main Street U.S.A,Disneyland Railroad Main Street Station,0,False
2026-07-01,08:17,Disneyland Park,Main Street U.S.A,Main Street Vehicles,0,False
2026-07-01,08:17,Disney Adventure World,Marvel Avengers Campus,Avengers Assemble: Flight Force,0,False
2026-07-01,08:17,Disney Adventure World,Marvel Avengers Campus,Avengers Assemble: Flight Force Single Rider,0,False
2026-07-01,08:17,Disney Adventure World,Marvel Avengers Campus,Spider-Man W.E.B. Adventure,0,False
2026-07-01,08:17,Disney Adventure World,Marvel Avengers Campus,Spider-Man W.E.B. Adventure Single Rider,0,False
2026-07-01,08:17,Disney Adventure World,Production Courtyard,The Twilight Zone Tower of Terror,0,False
2026-07-01,08:17,Disney Adventure World,Toon Studio,Cars Quatre Roues Rallye,0,False
2026-07-01,08:17,Disney Adventure World,Toon Studio,Cars ROAD TRIP,0,False
2026-07-01,08:17,Disney Adventure World,Toon Studio,Crush's Coaster,0,False
2026-07-01,08:17,Disney Adventure World,Toon Studio,Crush's Coaster Single Rider,0,False
2026-07-01,08:17,Disney Adventure World,Toon Studio,Les Tapis Volants - Flying Carpets Over Agrabah®,0,False
2026-07-01,08:17,Disney Adventure World,Toon Studio,Ratatouille : L’Aventure Totalement Toquée de Rémy​,0,False
2026-07-01,08:17,Disney Adventure World,Toon Studio,Ratatouille: The Adventure Single Rider,0,False
2026-07-01,08:17,Disney Adventure World,Toon Studio,RC Racer,0,False
2026-07-01,08:17,Disney Adventure World,Toon Studio,RC Racer Single Rider,0,False
2026-07-01,08:17,Disney Adventure World,Toon Studio,Slinky® Dog Zigzag Spin,0,False
2026-07-01,08:17,Disney Adventure World,Toon Studio,Toy Soldiers Parachute Drop,0,False
2026-07-01,08:17,Disney Adventure World,Toon Studio,Toy Soldiers Parachute Drop Single Rider,0,False
2026-07-01,08:17,Disney Adventure World,World of Frozen,Entry to World of Frozen,0,False
2026-07-01,08:17,Disney Adventure World,World of Frozen,Frozen Ever After,0,False
2026-07-01,08:17,Disney Adventure World,World of Frozen,Raiponce Tangled Spin,0,False
2026-07-01,08:22,Disneyland Park,Adventureland,Adventure Isle,0,False
2026-07-01,08:22,Disneyland Park,Adventureland,Indiana Jones and the Temple of Peril Single Rider,0,False
2026-07-01,08:22,Disneyland Park,Adventureland,Indiana Jones™ and the Temple of Peril,0,False
2026-07-01,08:22,Disneyland Park,Adventureland,La Cabane des Robinson,0,False
2026-07-01,08:22,Disneyland Park,Adventureland,Le Passage Enchanté d'Aladdin,0,False
2026-07-01,08:22,Disneyland Park,Adventureland,Pirate Galleon,0,False
2026-07-01,08:22,Disneyland Park,Adventureland,Pirates of the Caribbean,0,False
2026-07-01,08:22,Disneyland Park,Adventureland,Pirates' Beach,0,False
2026-07-01,08:22,Disneyland Park,Discoveryland,"Autopia, presented by Avis",0,False
2026-07-01,08:22,Disneyland Park,Discoveryland,Buzz Lightyear Laser Blast,0,False
2026-07-01,08:22,Disneyland Park,Discoveryland,Disneyland Railroad Discoveryland Station,0,False
2026-07-01,08:22,Disneyland Park,Discoveryland,Les Mystères du Nautilus,0,False
2026-07-01,08:22,Disneyland Park,Discoveryland,Mickey’s PhilharMagic,0,False
2026-07-01,08:22,Disneyland Park,Discoveryland,Orbitron®,0,False
2026-07-01,08:22,Disneyland Park,Discoveryland,Star Tours: The Adventures Continue*,0,False
2026-07-01,08:22,Disneyland Park,Discoveryland,Star Wars Hyperspace Mountain,0,False
2026-07-01,08:22,Disneyland Park,Discoveryland,Star Wars Hyperspace Mountain Single Rider,0,False
2026-07-01,08:22,Disneyland Park,Discoveryland,Welcome to Starport: A Star Wars Encounter,0,False
2026-07-01,08:22,Disneyland Park,Fantasyland,"""it's a small world""",0,False
2026-07-01,08:22,Disneyland Park,Fantasyland,Alice's Curious Labyrinth,0,False
2026-07-01,08:22,Disneyland Park,Fantasyland,Blanche-Neige et les Sept Nains®,0,False
2026-07-01,08:22,Disneyland Park,Fantasyland,Casey Jr. – le Petit Train du Cirque,0,False
2026-07-01,08:22,Disneyland Park,Fantasyland,Disneyland Railroad Fantasyland Station,0,False
2026-07-01,08:22,Disneyland Park,Fantasyland,Disneyland Railroad Main Street Station,0,False
2026-07-01,08:22,Disneyland Park,Fantasyland,Dumbo the Flying Elephant,5,True
2026-07-01,08:22,Disneyland Park,Fantasyland,La Tanière du Dragon,0,False
2026-07-01,08:22,Disneyland Park,Fantasyland,Le Carrousel de Lancelot,0,False
2026-07-01,08:22,Disneyland Park,Fantasyland,"Le Pays des Contes de Fées, presented by Vittel",0,False
2026-07-01,08:22,Disneyland Park,Fantasyland,Les Voyages de Pinocchio,0,False
2026-07-01,08:22,Disneyland Park,Fantasyland,Mad Hatter's Tea Cups,0,False
2026-07-01,08:22,Disneyland Park,Fantasyland,Meet Mickey Mouse,0,False
2026-07-01,08:22,Disneyland Park,Fantasyland,Peter Pan's Flight,0,False
2026-07-01,08:22,Disneyland Park,Fantasyland,Princess Pavilion,0,False
2026-07-01,08:22,Disneyland Park,Frontierland,Big Thunder Mountain,0,False
2026-07-01,08:22,Disneyland Park,Frontierland,Disneyland Railroad Frontierland Depot,0,False
2026-07-01,08:22,Disneyland Park,Frontierland,Frontierland Playground,0,False
2026-07-01,08:22,Disneyland Park,Frontierland,Phantom Manor,0,False
2026-07-01,08:22,Disneyland Park,Frontierland,River Rogue Keelboats,0,False
2026-07-01,08:22,Disneyland Park,Frontierland,Rustler Roundup Shootin' Gallery,0,False
2026-07-01,08:22,Disneyland Park,Frontierland,Thunder Mesa Riverboat Landing,0,False
2026-07-01,08:22,Disneyland Park,Main Street U.S.A,Disneyland Railroad Main Street Station,0,False
2026-07-01,08:22,Disneyland Park,Main Street U.S.A,Main Street Vehicles,0,False
2026-07-01,08:22,Disney Adventure World,Marvel Avengers Campus,Avengers Assemble: Flight Force,0,False
2026-07-01,08:22,Disney Adventure World,Marvel Avengers Campus,Avengers Assemble: Flight Force Single Rider,0,False
2026-07-01,08:22,Disney Adventure World,Marvel Avengers Campus,Spider-Man W.E.B. Adventure,5,True
2026-07-01,08:22,Disney Adventure World,Marvel Avengers Campus,Spider-Man W.E.B. Adventure Single Rider,5,True
2026-07-01,08:22,Disney Adventure World,Production Courtyard,The Twilight Zone Tower of Terror,0,False
2026-07-01,08:22,Disney Adventure World,Toon Studio,Cars Quatre Roues Rallye,0,False
2026-07-01,08:22,Disney Adventure World,Toon Studio,Cars ROAD TRIP,0,False
2026-07-01,08:22,Disney Adventure World,Toon Studio,Crush's Coaster,0,False
2026-07-01,08:22,Disney Adventure World,Toon Studio,Crush's Coaster Single Rider,0,False
2026-07-01,08:22,Disney Adventure World,Toon Studio,Les Tapis Volants - Flying Carpets Over Agrabah®,0,False
2026-07-01,08:22,Disney Adventure World,Toon Studio,Ratatouille : L’Aventure Totalement Toquée de Rémy​,0,False
2026-07-01,08:22,Disney Adventure World,Toon Studio,Ratatouille: The Adventure Single Rider,0,False
2026-07-01,08:22,Disney Adventure World,Toon Studio,RC Racer,0,False
2026-07-01,08:22,Disney Adventure World,Toon Studio,RC Racer Single Rider,0,False
2026-07-01,08:22,Disney Adventure World,Toon Studio,Slinky® Dog Zigzag Spin,0,False
2026-07-01,08:22,Disney Adventure World,Toon Studio,Toy Soldiers Parachute Drop,0,False
2026-07-01,08:22,Disney Adventure World,Toon Studio,Toy Soldiers Parachute Drop Single Rider,0,False
2026-07-01,08:22,Disney Adventure World,World of Frozen,Entry to World of Frozen,0,False
2026-07-01,08:22,Disney Adventure World,World of Frozen,Frozen Ever After,0,False
2026-07-01,08:22,Disney Adventure World,World of Frozen,Raiponce Tangled Spin,0,False
2026-07-01,08:27,Disneyland Park,Adventureland,Adventure Isle,0,False
2026-07-01,08:27,Disneyland Park,Adventureland,Indiana Jones and the Temple of Peril Single Rider,0,False
2026-07-01,08:27,Disneyland Park,Adventureland,Indiana Jones™ and the Temple of Peril,0,False
2026-07-01,08:27,Disneyland Park,Adventureland,La Cabane des Robinson,0,False
2026-07-01,08:27,Disneyland Park,Adventureland,Le Passage Enchanté d'Aladdin,0,False
2026-07-01,08:27,Disneyland Park,Adventureland,Pirate Galleon,0,False
2026-07-01,08:27,Disneyland Park,Adventureland,Pirates of the Caribbean,0,False
2026-07-01,08:27,Disneyland Park,Adventureland,Pirates' Beach,0,False
2026-07-01,08:27,Disneyland Park,Discoveryland,"Autopia, presented by Avis",0,False
2026-07-01,08:27,Disneyland Park,Discoveryland,Buzz Lightyear Laser Blast,0,False
2026-07-01,08:27,Disneyland Park,Discoveryland,Disneyland Railroad Discoveryland Station,0,False
2026-07-01,08:27,Disneyland Park,Discoveryland,Les Mystères du Nautilus,0,False
2026-07-01,08:27,Disneyland Park,Discoveryland,Mickey’s PhilharMagic,0,False
2026-07-01,08:27,Disneyland Park,Discoveryland,Orbitron®,0,False
2026-07-01,08:27,Disneyland Park,Discoveryland,Star Tours: The Adventures Continue*,0,False
2026-07-01,08:27,Disneyland Park,Discoveryland,Star Wars Hyperspace Mountain,0,False
2026-07-01,08:27,Disneyland Park,Discoveryland,Star Wars Hyperspace Mountain Single Rider,0,False
2026-07-01,08:27,Disneyland Park,Discoveryland,Welcome to Starport: A Star Wars Encounter,0,False
2026-07-01,08:27,Disneyland Park,Fantasyland,"""it's a small world""",0,False
2026-07-01,08:27,Disneyland Park,Fantasyland,Alice's Curious Labyrinth,0,False
2026-07-01,08:27,Disneyland Park,Fantasyland,Blanche-Neige et les Sept Nains®,0,False
2026-07-01,08:27,Disneyland Park,Fantasyland,Casey Jr. – le Petit Train du Cirque,0,False
2026-07-01,08:27,Disneyland Park,Fantasyland,Disneyland Railroad Fantasyland Station,0,False
2026-07-01,08:27,Disneyland Park,Fantasyland,Disneyland Railroad Main Street Station,0,False
2026-07-01,08:27,Disneyland Park,Fantasyland,Dumbo the Flying Elephant,5,True
2026-07-01,08:27,Disneyland Park,Fantasyland,La Tanière du Dragon,0,False
2026-07-01,08:27,Disneyland Park,Fantasyland,Le Carrousel de Lancelot,0,False
2026-07-01,08:27,Disneyland Park,Fantasyland,"Le Pays des Contes de Fées, presented by Vittel",0,False
2026-07-01,08:27,Disneyland Park,Fantasyland,Les Voyages de Pinocchio,0,False
2026-07-01,08:27,Disneyland Park,Fantasyland,Mad Hatter's Tea Cups,0,False
2026-07-01,08:27,Disneyland Park,Fantasyland,Meet Mickey Mouse,0,False
2026-07-01,08:27,Disneyland Park,Fantasyland,Peter Pan's Flight,0,False
2026-07-01,08:27,Disneyland Park,Fantasyland,Princess Pavilion,0,False
2026-07-01,08:27,Disneyland Park,Frontierland,Big Thunder Mountain,0,False
2026-07-01,08:27,Disneyland Park,Frontierland,Disneyland Railroad Frontierland Depot,0,False
2026-07-01,08:27,Disneyland Park,Frontierland,Frontierland Playground,0,False
2026-07-01,08:27,Disneyland Park,Frontierland,Phantom Manor,0,False
2026-07-01,08:27,Disneyland Park,Frontierland,River Rogue Keelboats,0,False
2026-07-01,08:27,Disneyland Park,Frontierland,Rustler Roundup Shootin' Gallery,0,False
2026-07-01,08:27,Disneyland Park,Frontierland,Thunder Mesa Riverboat Landing,0,False
2026-07-01,08:27,Disneyland Park,Main Street U.S.A,Disneyland Railroad Main Street Station,0,False
2026-07-01,08:27,Disneyland Park,Main Street U.S.A,Main Street Vehicles,5,True
2026-07-01,08:27,Disney Adventure World,Marvel Avengers Campus,Avengers Assemble: Flight Force,0,False
2026-07-01,08:27,Disney Adventure World,Marvel Avengers Campus,Avengers Assemble: Flight Force Single Rider,0,False
2026-07-01,08:27,Disney Adventure World,Marvel Avengers Campus,Spider-Man W.E.B. Adventure,5,True
2026-07-01,08:27,Disney Adventure World,Marvel Avengers Campus,Spider-Man W.E.B. Adventure Single Rider,5,True
2026-07-01,08:27,Disney Adventure World,Production Courtyard,The Twilight Zone Tower of Terror,0,False
2026-07-01,08:27,Disney Adventure World,Toon Studio,Cars Quatre Roues Rallye,0,False
2026-07-01,08:27,Disney Adventure World,Toon Studio,Cars ROAD TRIP,0,False
2026-07-01,08:27,Disney Adventure World,Toon Studio,Crush's Coaster,10,True
2026-07-01,08:27,Disney Adventure World,Toon Studio,Crush's Coaster Single Rider,5,True
2026-07-01,08:27,Disney Adventure World,Toon Studio,Les Tapis Volants - Flying Carpets Over Agrabah®,0,False
2026-07-01,08:27,Disney Adventure World,Toon Studio,Ratatouille : L’Aventure Totalement Toquée de Rémy​,0,False
2026-07-01,08:27,Disney Adventure World,Toon Studio,Ratatouille: The Adventure Single Rider,0,False
2026-07-01,08:27,Disney Adventure World,Toon Studio,RC Racer,0,False
2026-07-01,08:27,Disney Adventure World,Toon Studio,RC Racer Single Rider,0,False
2026-07-01,08:27,Disney Adventure World,Toon Studio,Slinky® Dog Zigzag Spin,0,False
2026-07-01,08:27,Disney Adventure World,Toon Studio,Toy Soldiers Parachute Drop,0,False
2026-07-01,08:27,Disney Adventure World,Toon Studio,Toy Soldiers Parachute Drop Single Rider,0,False
2026-07-01,08:27,Disney Adventure World,World of Frozen,Entry to World of Frozen,0,False
2026-07-01,08:27,Disney Adventure World,World of Frozen,Frozen Ever After,0,False
2026-07-01,08:27,Disney Adventure World,World of Frozen,Raiponce Tangled Spin,5,True
2026-07-01,08:32,Disneyland Park,Adventureland,Adventure Isle,0,False
2026-07-01,08:32,Disneyland Park,Adventureland,Indiana Jones and the Temple of Peril Single Rider,0,False
2026-07-01,08:32,Disneyland Park,Adventureland,Indiana Jones™ and the Temple of Peril,0,False
2026-07-01,08:32,Disneyland Park,Adventureland,La Cabane des Robinson,0,False
2026-07-01,08:32,Disneyland Park,Adventureland,Le Passage Enchanté d'Aladdin,0,False
2026-07-01,08:32,Disneyland Park,Adventureland,Pirate Galleon,0,False
2026-07-01,08:32,Disneyland Park,Adventureland,Pirates of the Caribbean,0,False
2026-07-01,08:32,Disneyland Park,Adventureland,Pirates' Beach,0,False
2026-07-01,08:32,Disneyland Park,Discoveryland,"Autopia, presented by Avis",0,False
2026-07-01,08:32,Disneyland Park,Discoveryland,Buzz Lightyear Laser Blast,0,False
2026-07-01,08:32,Disneyland Park,Discoveryland,Disneyland Railroad Discoveryland Station,0,False
2026-07-01,08:32,Disneyland Park,Discoveryland,Les Mystères du Nautilus,0,False
2026-07-01,08:32,Disneyland Park,Discoveryland,Mickey’s PhilharMagic,0,False
2026-07-01,08:32,Disneyland Park,Discoveryland,Orbitron®,0,False
2026-07-01,08:32,Disneyland Park,Discoveryland,Star Tours: The Adventures Continue*,0,False
2026-07-01,08:32,Disneyland Park,Discoveryland,Star Wars Hyperspace Mountain,5,True
2026-07-01,08:32,Disneyland Park,Discoveryland,Star Wars Hyperspace Mountain Single Rider,0,True
2026-07-01,08:32,Disneyland Park,Discoveryland,Welcome to Starport: A Star Wars Encounter,0,False
2026-07-01,08:32,Disneyland Park,Fantasyland,"""it's a small world""",0,False
2026-07-01,08:32,Disneyland Park,Fantasyland,Alice's Curious Labyrinth,0,False
2026-07-01,08:32,Disneyland Park,Fantasyland,Blanche-Neige et les Sept Nains®,0,False
2026-07-01,08:32,Disneyland Park,Fantasyland,Casey Jr. – le Petit Train du Cirque,0,False
2026-07-01,08:32,Disneyland Park,Fantasyland,Disneyland Railroad Fantasyland Station,0,False
2026-07-01,08:32,Disneyland Park,Fantasyland,Disneyland Railroad Main Street Station,0,False
2026-07-01,08:32,Disneyland Park,Fantasyland,Dumbo the Flying Elephant,5,True
2026-07-01,08:32,Disneyland Park,Fantasyland,La Tanière du Dragon,0,False
2026-07-01,08:32,Disneyland Park,Fantasyland,Le Carrousel de Lancelot,0,False
2026-07-01,08:32,Disneyland Park,Fantasyland,"Le Pays des Contes de Fées, presented by Vittel",0,False
2026-07-01,08:32,Disneyland Park,Fantasyland,Les Voyages de Pinocchio,0,False
2026-07-01,08:32,Disneyland Park,Fantasyland,Mad Hatter's Tea Cups,0,False
2026-07-01,08:32,Disneyland Park,Fantasyland,Meet Mickey Mouse,0,False
2026-07-01,08:32,Disneyland Park,Fantasyland,Peter Pan's Flight,0,False
2026-07-01,08:32,Disneyland Park,Fantasyland,Princess Pavilion,0,False
2026-07-01,08:32,Disneyland Park,Frontierland,Big Thunder Mountain,5,True
2026-07-01,08:32,Disneyland Park,Frontierland,Disneyland Railroad Frontierland Depot,0,False
2026-07-01,08:32,Disneyland Park,Frontierland,Frontierland Playground,0,False
2026-07-01,08:32,Disneyland Park,Frontierland,Phantom Manor,0,False
2026-07-01,08:32,Disneyland Park,Frontierland,River Rogue Keelboats,0,False
2026-07-01,08:32,Disneyland Park,Frontierland,Rustler Roundup Shootin' Gallery,0,False
2026-07-01,08:32,Disneyland Park,Frontierland,Thunder Mesa Riverboat Landing,0,False
2026-07-01,08:32,Disneyland Park,Main Street U.S.A,Disneyland Railroad Main Street Station,0,False
2026-07-01,08:32,Disneyland Park,Main Street U.S.A,Main Street Vehicles,5,True
2026-07-01,08:32,Disney Adventure World,Marvel Avengers Campus,Avengers Assemble: Flight Force,0,False
2026-07-01,08:32,Disney Adventure World,Marvel Avengers Campus,Avengers Assemble: Flight Force Single Rider,0,False
2026-07-01,08:32,Disney Adventure World,Marvel Avengers Campus,Spider-Man W.E.B. Adventure,5,True
2026-07-01,08:32,Disney Adventure World,Marvel Avengers Campus,Spider-Man W.E.B. Adventure Single Rider,5,True
2026-07-01,08:32,Disney Adventure World,Production Courtyard,The Twilight Zone Tower of Terror,5,True
2026-07-01,08:32,Disney Adventure World,Toon Studio,Cars Quatre Roues Rallye,0,False
2026-07-01,08:32,Disney Adventure World,Toon Studio,Cars ROAD TRIP,0,False
2026-07-01,08:32,Disney Adventure World,Toon Studio,Crush's Coaster,60,True
2026-07-01,08:32,Disney Adventure World,Toon Studio,Crush's Coaster Single Rider,5,True
2026-07-01,08:32,Disney Adventure World,Toon Studio,Les Tapis Volants - Flying Carpets Over Agrabah®,0,False
2026-07-01,08:32,Disney Adventure World,Toon Studio,Ratatouille : L’Aventure Totalement Toquée de Rémy​,0,False
2026-07-01,08:32,Disney Adventure World,Toon Studio,Ratatouille: The Adventure Single Rider,0,False
2026-07-01,08:32,Disney Adventure World,Toon Studio,RC Racer,0,False
2026-07-01,08:32,Disney Adventure World,Toon Studio,RC Racer Single Rider,0,False
2026-07-01,08:32,Disney Adventure World,Toon Studio,Slinky® Dog Zigzag Spin,5,True
2026-07-01,08:32,Disney Adventure World,Toon Studio,Toy Soldiers Parachute Drop,0,False
2026-07-01,08:32,Disney Adventure World,Toon Studio,Toy Soldiers Parachute Drop Single Rider,0,False
2026-07-01,08:32,Disney Adventure World,World of Frozen,Entry to World of Frozen,0,False
2026-07-01,08:32,Disney Adventure World,World of Frozen,Frozen Ever After,0,False
2026-07-01,08:32,Disney Adventure World,World of Frozen,Raiponce Tangled Spin,5,True
2026-07-01,08:37,Disneyland Park,Adventureland,Adventure Isle,0,False
2026-07-01,08:37,Disneyland Park,Adventureland,Indiana Jones and the Temple of Peril Single Rider,0,False
2026-07-01,08:37,Disneyland Park,Adventureland,Indiana Jones™ and the Temple of Peril,0,False
2026-07-01,08:37,Disneyland Park,Adventureland,La Cabane des Robinson,0,False
2026-07-01,08:37,Disneyland Park,Adventureland,Le Passage Enchanté d'Aladdin,0,False
2026-07-01,08:37,Disneyland Park,Adventureland,Pirate Galleon,0,False
2026-07-01,08:37,Disneyland Park,Adventureland,Pirates of the Caribbean,0,False
2026-07-01,08:37,Disneyland Park,Adventureland,Pirates' Beach,0,False
2026-07-01,08:37,Disneyland Park,Discoveryland,"Autopia, presented by Avis",0,False
2026-07-01,08:37,Disneyland Park,Discoveryland,Buzz Lightyear Laser Blast,5,True
2026-07-01,08:37,Disneyland Park,Discoveryland,Disneyland Railroad Discoveryland Station,0,False
2026-07-01,08:37,Disneyland Park,Discoveryland,Les Mystères du Nautilus,0,False
2026-07-01,08:37,Disneyland Park,Discoveryland,Mickey’s PhilharMagic,0,False
2026-07-01,08:37,Disneyland Park,Discoveryland,Orbitron®,0,False
2026-07-01,08:37,Disneyland Park,Discoveryland,Star Tours: The Adventures Continue*,0,False
2026-07-01,08:37,Disneyland Park,Discoveryland,Star Wars Hyperspace Mountain,5,True
2026-07-01,08:37,Disneyland Park,Discoveryland,Star Wars Hyperspace Mountain Single Rider,0,True
2026-07-01,08:37,Disneyland Park,Discoveryland,Welcome to Starport: A Star Wars Encounter,0,False
2026-07-01,08:37,Disneyland Park,Fantasyland,"""it's a small world""",0,False
2026-07-01,08:37,Disneyland Park,Fantasyland,Alice's Curious Labyrinth,0,False
2026-07-01,08:37,Disneyland Park,Fantasyland,Blanche-Neige et les Sept Nains®,0,False
2026-07-01,08:37,Disneyland Park,Fantasyland,Casey Jr. – le Petit Train du Cirque,0,False
2026-07-01,08:37,Disneyland Park,Fantasyland,Disneyland Railroad Fantasyland Station,0,False
2026-07-01,08:37,Disneyland Park,Fantasyland,Disneyland Railroad Main Street Station,0,False
2026-07-01,08:37,Disneyland Park,Fantasyland,Dumbo the Flying Elephant,5,True
2026-07-01,08:37,Disneyland Park,Fantasyland,La Tanière du Dragon,0,True
2026-07-01,08:37,Disneyland Park,Fantasyland,Le Carrousel de Lancelot,0,False
2026-07-01,08:37,Disneyland Park,Fantasyland,"Le Pays des Contes de Fées, presented by Vittel",0,False
2026-07-01,08:37,Disneyland Park,Fantasyland,Les Voyages de Pinocchio,0,False
2026-07-01,08:37,Disneyland Park,Fantasyland,Mad Hatter's Tea Cups,0,False
2026-07-01,08:37,Disneyland Park,Fantasyland,Meet Mickey Mouse,0,False
2026-07-01,08:37,Disneyland Park,Fantasyland,Peter Pan's Flight,15,True
2026-07-01,08:37,Disneyland Park,Fantasyland,Princess Pavilion,0,False
2026-07-01,08:37,Disneyland Park,Frontierland,Big Thunder Mountain,5,True
2026-07-01,08:37,Disneyland Park,Frontierland,Disneyland Railroad Frontierland Depot,0,False
2026-07-01,08:37,Disneyland Park,Frontierland,Frontierland Playground,0,False
2026-07-01,08:37,Disneyland Park,Frontierland,Phantom Manor,0,False
2026-07-01,08:37,Disneyland Park,Frontierland,River Rogue Keelboats,0,False
2026-07-01,08:37,Disneyland Park,Frontierland,Rustler Roundup Shootin' Gallery,0,True
2026-07-01,08:37,Disneyland Park,Frontierland,Thunder Mesa Riverboat Landing,0,False
2026-07-01,08:37,Disneyland Park,Main Street U.S.A,Disneyland Railroad Main Street Station,0,False
2026-07-01,08:37,Disneyland Park,Main Street U.S.A,Main Street Vehicles,5,True
2026-07-01,08:37,Disney Adventure World,Marvel Avengers Campus,Avengers Assemble: Flight Force,5,True
2026-07-01,08:37,Disney Adventure World,Marvel Avengers Campus,Avengers Assemble: Flight Force Single Rider,5,True
2026-07-01,08:37,Disney Adventure World,Marvel Avengers Campus,Spider-Man W.E.B. Adventure,0,False
2026-07-01,08:37,Disney Adventure World,Marvel Avengers Campus,Spider-Man W.E.B. Adventure Single Rider,0,False
2026-07-01,08:37,Disney Adventure World,Production Courtyard,The Twilight Zone Tower of Terror,5,True
2026-07-01,08:37,Disney Adventure World,Toon Studio,Cars Quatre Roues Rallye,0,False
2026-07-01,08:37,Disney Adventure World,Toon Studio,Cars ROAD TRIP,0,False
2026-07-01,08:37,Disney Adventure World,Toon Studio,Crush's Coaster,90,True
2026-07-01,08:37,Disney Adventure World,Toon Studio,Crush's Coaster Single Rider,75,True
2026-07-01,08:37,Disney Adventure World,Toon Studio,Les Tapis Volants - Flying Carpets Over Agrabah®,0,False
2026-07-01,08:37,Disney Adventure World,Toon Studio,Ratatouille : L’Aventure Totalement Toquée de Rémy​,5,True
2026-07-01,08:37,Disney Adventure World,Toon Studio,Ratatouille: The Adventure Single Rider,5,True
2026-07-01,08:37,Disney Adventure World,Toon Studio,RC Racer,0,False
2026-07-01,08:37,Disney Adventure World,Toon Studio,RC Racer Single Rider,0,False
2026-07-01,08:37,Disney Adventure World,Toon Studio,Slinky® Dog Zigzag Spin,5,True
2026-07-01,08:37,Disney Adventure World,Toon Studio,Toy Soldiers Parachute Drop,0,False
2026-07-01,08:37,Disney Adventure World,Toon Studio,Toy Soldiers Parachute Drop Single Rider,0,False
2026-07-01,08:37,Disney Adventure World,World of Frozen,Entry to World of Frozen,0,True
2026-07-01,08:37,Disney Adventure World,World of Frozen,Frozen Ever After,0,False
2026-07-01,08:37,Disney Adventure World,World of Frozen,Raiponce Tangled Spin,5,True
2026-07-01,08:42,Disneyland Park,Adventureland,Adventure Isle,0,False
2026-07-01,08:42,Disneyland Park,Adventureland,Indiana Jones and the Temple of Peril Single Rider,0,False
2026-07-01,08:42,Disneyland Park,Adventureland,Indiana Jones™ and the Temple of Peril,0,False
2026-07-01,08:42,Disneyland Park,Adventureland,La Cabane des Robinson,0,False
2026-07-01,08:42,Disneyland Park,Adventureland,Le Passage Enchanté d'Aladdin,0,False
2026-07-01,08:42,Disneyland Park,Adventureland,Pirate Galleon,0,False
2026-07-01,08:42,Disneyland Park,Adventureland,Pirates of the Caribbean,0,False
2026-07-01,08:42,Disneyland Park,Adventureland,Pirates' Beach,0,False
2026-07-01,08:42,Disneyland Park,Discoveryland,"Autopia, presented by Avis",0,False
2026-07-01,08:42,Disneyland Park,Discoveryland,Buzz Lightyear Laser Blast,5,True
2026-07-01,08:42,Disneyland Park,Discoveryland,Disneyland Railroad Discoveryland Station,0,False
2026-07-01,08:42,Disneyland Park,Discoveryland,Les Mystères du Nautilus,0,False
2026-07-01,08:42,Disneyland Park,Discoveryland,Mickey’s PhilharMagic,0,False
2026-07-01,08:42,Disneyland Park,Discoveryland,Orbitron®,0,False
2026-07-01,08:42,Disneyland Park,Discoveryland,Star Tours: The Adventures Continue*,0,False
2026-07-01,08:42,Disneyland Park,Discoveryland,Star Wars Hyperspace Mountain,5,True
2026-07-01,08:42,Disneyland Park,Discoveryland,Star Wars Hyperspace Mountain Single Rider,0,True
2026-07-01,08:42,Disneyland Park,Discoveryland,Welcome to Starport: A Star Wars Encounter,0,False
2026-07-01,08:42,Disneyland Park,Fantasyland,"""it's a small world""",0,False
2026-07-01,08:42,Disneyland Park,Fantasyland,Alice's Curious Labyrinth,0,False
2026-07-01,08:42,Disneyland Park,Fantasyland,Blanche-Neige et les Sept Nains®,0,False
2026-07-01,08:42,Disneyland Park,Fantasyland,Casey Jr. – le Petit Train du Cirque,0,False
2026-07-01,08:42,Disneyland Park,Fantasyland,Disneyland Railroad Fantasyland Station,0,False
2026-07-01,08:42,Disneyland Park,Fantasyland,Disneyland Railroad Main Street Station,0,False
2026-07-01,08:42,Disneyland Park,Fantasyland,Dumbo the Flying Elephant,5,True
2026-07-01,08:42,Disneyland Park,Fantasyland,La Tanière du Dragon,0,True
2026-07-01,08:42,Disneyland Park,Fantasyland,Le Carrousel de Lancelot,0,False
2026-07-01,08:42,Disneyland Park,Fantasyland,"Le Pays des Contes de Fées, presented by Vittel",0,False
2026-07-01,08:42,Disneyland Park,Fantasyland,Les Voyages de Pinocchio,0,False
2026-07-01,08:42,Disneyland Park,Fantasyland,Mad Hatter's Tea Cups,0,False
2026-07-01,08:42,Disneyland Park,Fantasyland,Meet Mickey Mouse,0,False
2026-07-01,08:42,Disneyland Park,Fantasyland,Peter Pan's Flight,30,True
2026-07-01,08:42,Disneyland Park,Fantasyland,Princess Pavilion,0,False
2026-07-01,08:42,Disneyland Park,Frontierland,Big Thunder Mountain,10,True
2026-07-01,08:42,Disneyland Park,Frontierland,Disneyland Railroad Frontierland Depot,0,False
2026-07-01,08:42,Disneyland Park,Frontierland,Frontierland Playground,0,False
2026-07-01,08:42,Disneyland Park,Frontierland,Phantom Manor,0,False
2026-07-01,08:42,Disneyland Park,Frontierland,River Rogue Keelboats,0,False
2026-07-01,08:42,Disneyland Park,Frontierland,Rustler Roundup Shootin' Gallery,0,True
2026-07-01,08:42,Disneyland Park,Frontierland,Thunder Mesa Riverboat Landing,0,False
2026-07-01,08:42,Disneyland Park,Main Street U.S.A,Disneyland Railroad Main Street Station,0,False
2026-07-01,08:42,Disneyland Park,Main Street U.S.A,Main Street Vehicles,5,True
2026-07-01,08:42,Disney Adventure World,Marvel Avengers Campus,Avengers Assemble: Flight Force,5,True
2026-07-01,08:42,Disney Adventure World,Marvel Avengers Campus,Avengers Assemble: Flight Force Single Rider,0,True
2026-07-01,08:42,Disney Adventure World,Marvel Avengers Campus,Spider-Man W.E.B. Adventure,0,False
2026-07-01,08:42,Disney Adventure World,Marvel Avengers Campus,Spider-Man W.E.B. Adventure Single Rider,0,False
2026-07-01,08:42,Disney Adventure World,Production Courtyard,The Twilight Zone Tower of Terror,30,True
2026-07-01,08:42,Disney Adventure World,Toon Studio,Cars Quatre Roues Rallye,0,False
2026-07-01,08:42,Disney Adventure World,Toon Studio,Cars ROAD TRIP,0,False
2026-07-01,08:42,Disney Adventure World,Toon Studio,Crush's Coaster,90,True
2026-07-01,08:42,Disney Adventure World,Toon Studio,Crush's Coaster Single Rider,65,True
2026-07-01,08:42,Disney Adventure World,Toon Studio,Les Tapis Volants - Flying Carpets Over Agrabah®,0,False
2026-07-01,08:42,Disney Adventure World,Toon Studio,Ratatouille : L’Aventure Totalement Toquée de Rémy​,20,True
2026-07-01,08:42,Disney Adventure World,Toon Studio,Ratatouille: The Adventure Single Rider,5,True
2026-07-01,08:42,Disney Adventure World,Toon Studio,RC Racer,0,False
2026-07-01,08:42,Disney Adventure World,Toon Studio,RC Racer Single Rider,0,False
2026-07-01,08:42,Disney Adventure World,Toon Studio,Slinky® Dog Zigzag Spin,0,False
2026-07-01,08:42,Disney Adventure World,Toon Studio,Toy Soldiers Parachute Drop,0,False
2026-07-01,08:42,Disney Adventure World,Toon Studio,Toy Soldiers Parachute Drop Single Rider,0,False
2026-07-01,08:42,Disney Adventure World,World of Frozen,Entry to World of Frozen,0,True
2026-07-01,08:42,Disney Adventure World,World of Frozen,Frozen Ever After,0,False
2026-07-01,08:42,Disney Adventure World,World of Frozen,Raiponce Tangled Spin,5,True
2026-07-01,08:47,Disneyland Park,Adventureland,Adventure Isle,0,False
2026-07-01,08:47,Disneyland Park,Adventureland,Indiana Jones and the Temple of Peril Single Rider,0,False
2026-07-01,08:47,Disneyland Park,Adventureland,Indiana Jones™ and the Temple of Peril,0,False
2026-07-01,08:47,Disneyland Park,Adventureland,La Cabane des Robinson,0,False
2026-07-01,08:47,Disneyland Park,Adventureland,Le Passage Enchanté d'Aladdin,0,False
2026-07-01,08:47,Disneyland Park,Adventureland,Pirate Galleon,0,False
2026-07-01,08:47,Disneyland Park,Adventureland,Pirates of the Caribbean,0,False
2026-07-01,08:47,Disneyland Park,Adventureland,Pirates' Beach,0,False
2026-07-01,08:47,Disneyland Park,Discoveryland,"Autopia, presented by Avis",0,False
2026-07-01,08:47,Disneyland Park,Discoveryland,Buzz Lightyear Laser Blast,5,True
2026-07-01,08:47,Disneyland Park,Discoveryland,Disneyland Railroad Discoveryland Station,0,False
2026-07-01,08:47,Disneyland Park,Discoveryland,Les Mystères du Nautilus,0,False
2026-07-01,08:47,Disneyland Park,Discoveryland,Mickey’s PhilharMagic,0,False
2026-07-01,08:47,Disneyland Park,Discoveryland,Orbitron®,0,False
2026-07-01,08:47,Disneyland Park,Discoveryland,Star Tours: The Adventures Continue*,0,False
2026-07-01,08:47,Disneyland Park,Discoveryland,Star Wars Hyperspace Mountain,5,True
2026-07-01,08:47,Disneyland Park,Discoveryland,Star Wars Hyperspace Mountain Single Rider,0,True
2026-07-01,08:47,Disneyland Park,Discoveryland,Welcome to Starport: A Star Wars Encounter,0,False
2026-07-01,08:47,Disneyland Park,Fantasyland,"""it's a small world""",0,False
2026-07-01,08:47,Disneyland Park,Fantasyland,Alice's Curious Labyrinth,0,False
2026-07-01,08:47,Disneyland Park,Fantasyland,Blanche-Neige et les Sept Nains®,0,False
2026-07-01,08:47,Disneyland Park,Fantasyland,Casey Jr. – le Petit Train du Cirque,0,False
2026-07-01,08:47,Disneyland Park,Fantasyland,Disneyland Railroad Fantasyland Station,0,False
2026-07-01,08:47,Disneyland Park,Fantasyland,Disneyland Railroad Main Street Station,0,False
2026-07-01,08:47,Disneyland Park,Fantasyland,Dumbo the Flying Elephant,5,True
2026-07-01,08:47,Disneyland Park,Fantasyland,La Tanière du Dragon,0,True
2026-07-01,08:47,Disneyland Park,Fantasyland,Le Carrousel de Lancelot,0,False
2026-07-01,08:47,Disneyland Park,Fantasyland,"Le Pays des Contes de Fées, presented by Vittel",0,False
2026-07-01,08:47,Disneyland Park,Fantasyland,Les Voyages de Pinocchio,0,False
2026-07-01,08:47,Disneyland Park,Fantasyland,Mad Hatter's Tea Cups,0,False
2026-07-01,08:47,Disneyland Park,Fantasyland,Meet Mickey Mouse,0,False
2026-07-01,08:47,Disneyland Park,Fantasyland,Peter Pan's Flight,35,True
2026-07-01,08:47,Disneyland Park,Fantasyland,Princess Pavilion,0,False
2026-07-01,08:47,Disneyland Park,Frontierland,Big Thunder Mountain,10,True
2026-07-01,08:47,Disneyland Park,Frontierland,Disneyland Railroad Frontierland Depot,0,False
2026-07-01,08:47,Disneyland Park,Frontierland,Frontierland Playground,0,False
2026-07-01,08:47,Disneyland Park,Frontierland,Phantom Manor,0,False
2026-07-01,08:47,Disneyland Park,Frontierland,River Rogue Keelboats,0,False
2026-07-01,08:47,Disneyland Park,Frontierland,Rustler Roundup Shootin' Gallery,0,True
2026-07-01,08:47,Disneyland Park,Frontierland,Thunder Mesa Riverboat Landing,0,False
2026-07-01,08:47,Disneyland Park,Main Street U.S.A,Disneyland Railroad Main Street Station,0,False
2026-07-01,08:47,Disneyland Park,Main Street U.S.A,Main Street Vehicles,5,True
2026-07-01,08:47,Disney Adventure World,Marvel Avengers Campus,Avengers Assemble: Flight Force,5,True
2026-07-01,08:47,Disney Adventure World,Marvel Avengers Campus,Avengers Assemble: Flight Force Single Rider,5,True
2026-07-01,08:47,Disney Adventure World,Marvel Avengers Campus,Spider-Man W.E.B. Adventure,5,True
2026-07-01,08:47,Disney Adventure World,Marvel Avengers Campus,Spider-Man W.E.B. Adventure Single Rider,5,True
2026-07-01,08:47,Disney Adventure World,Production Courtyard,The Twilight Zone Tower of Terror,30,True
2026-07-01,08:47,Disney Adventure World,Toon Studio,Cars Quatre Roues Rallye,0,False
2026-07-01,08:47,Disney Adventure World,Toon Studio,Cars ROAD TRIP,0,False
2026-07-01,08:47,Disney Adventure World,Toon Studio,Crush's Coaster,80,True
2026-07-01,08:47,Disney Adventure World,Toon Studio,Crush's Coaster Single Rider,50,True
2026-07-01,08:47,Disney Adventure World,Toon Studio,Les Tapis Volants - Flying Carpets Over Agrabah®,0,False
2026-07-01,08:47,Disney Adventure World,Toon Studio,Ratatouille : L’Aventure Totalement Toquée de Rémy​,20,True
2026-07-01,08:47,Disney Adventure World,Toon Studio,Ratatouille: The Adventure Single Rider,5,True
2026-07-01,08:47,Disney Adventure World,Toon Studio,RC Racer,0,False
2026-07-01,08:47,Disney Adventure World,Toon Studio,RC Racer Single Rider,0,False
2026-07-01,08:47,Disney Adventure World,Toon Studio,Slinky® Dog Zigzag Spin,0,False
2026-07-01,08:47,Disney Adventure World,Toon Studio,Toy Soldiers Parachute Drop,0,False
2026-07-01,08:47,Disney Adventure World,Toon Studio,Toy Soldiers Parachute Drop Single Rider,0,False
2026-07-01,08:47,Disney Adventure World,World of Frozen,Entry to World of Frozen,0,True
2026-07-01,08:47,Disney Adventure World,World of Frozen,Frozen Ever After,0,False
2026-07-01,08:47,Disney Adventure World,World of Frozen,Raiponce Tangled Spin,5,True
2026-07-01,08:53,Disneyland Park,Adventureland,Adventure Isle,0,False
2026-07-01,08:53,Disneyland Park,Adventureland,Indiana Jones and the Temple of Peril Single Rider,0,False
2026-07-01,08:53,Disneyland Park,Adventureland,Indiana Jones™ and the Temple of Peril,0,False
2026-07-01,08:53,Disneyland Park,Adventureland,La Cabane des Robinson,0,False
2026-07-01,08:53,Disneyland Park,Adventureland,Le Passage Enchanté d'Aladdin,0,False
2026-07-01,08:53,Disneyland Park,Adventureland,Pirate Galleon,0,False
2026-07-01,08:53,Disneyland Park,Adventureland,Pirates of the Caribbean,0,False
2026-07-01,08:53,Disneyland Park,Adventureland,Pirates' Beach,0,False
2026-07-01,08:53,Disneyland Park,Discoveryland,"Autopia, presented by Avis",0,False
2026-07-01,08:53,Disneyland Park,Discoveryland,Buzz Lightyear Laser Blast,5,True
2026-07-01,08:53,Disneyland Park,Discoveryland,Disneyland Railroad Discoveryland Station,0,False
2026-07-01,08:53,Disneyland Park,Discoveryland,Les Mystères du Nautilus,0,False
2026-07-01,08:53,Disneyland Park,Discoveryland,Mickey’s PhilharMagic,0,False
2026-07-01,08:53,Disneyland Park,Discoveryland,Orbitron®,0,False
2026-07-01,08:53,Disneyland Park,Discoveryland,Star Tours: The Adventures Continue*,0,False
2026-07-01,08:53,Disneyland Park,Discoveryland,Star Wars Hyperspace Mountain,5,True
2026-07-01,08:53,Disneyland Park,Discoveryland,Star Wars Hyperspace Mountain Single Rider,0,True
2026-07-01,08:53,Disneyland Park,Discoveryland,Welcome to Starport: A Star Wars Encounter,0,False
2026-07-01,08:53,Disneyland Park,Fantasyland,"""it's a small world""",0,False
2026-07-01,08:53,Disneyland Park,Fantasyland,Alice's Curious Labyrinth,0,False
2026-07-01,08:53,Disneyland Park,Fantasyland,Blanche-Neige et les Sept Nains®,0,False
2026-07-01,08:53,Disneyland Park,Fantasyland,Casey Jr. – le Petit Train du Cirque,0,False
2026-07-01,08:53,Disneyland Park,Fantasyland,Disneyland Railroad Fantasyland Station,0,False
2026-07-01,08:53,Disneyland Park,Fantasyland,Disneyland Railroad Main Street Station,0,False
2026-07-01,08:53,Disneyland Park,Fantasyland,Dumbo the Flying Elephant,5,True
2026-07-01,08:53,Disneyland Park,Fantasyland,La Tanière du Dragon,0,True
2026-07-01,08:53,Disneyland Park,Fantasyland,Le Carrousel de Lancelot,0,False
2026-07-01,08:53,Disneyland Park,Fantasyland,"Le Pays des Contes de Fées, presented by Vittel",0,False
2026-07-01,08:53,Disneyland Park,Fantasyland,Les Voyages de Pinocchio,0,False
2026-07-01,08:53,Disneyland Park,Fantasyland,Mad Hatter's Tea Cups,0,False
2026-07-01,08:53,Disneyland Park,Fantasyland,Meet Mickey Mouse,0,False
2026-07-01,08:53,Disneyland Park,Fantasyland,Peter Pan's Flight,35,True
2026-07-01,08:53,Disneyland Park,Fantasyland,Princess Pavilion,0,False
2026-07-01,08:53,Disneyland Park,Frontierland,Big Thunder Mountain,10,True
2026-07-01,08:53,Disneyland Park,Frontierland,Disneyland Railroad Frontierland Depot,0,False
2026-07-01,08:53,Disneyland Park,Frontierland,Frontierland Playground,0,False
2026-07-01,08:53,Disneyland Park,Frontierland,Phantom Manor,0,False
2026-07-01,08:53,Disneyland Park,Frontierland,River Rogue Keelboats,0,False
2026-07-01,08:53,Disneyland Park,Frontierland,Rustler Roundup Shootin' Gallery,0,True
2026-07-01,08:53,Disneyland Park,Frontierland,Thunder Mesa Riverboat Landing,0,False
2026-07-01,08:53,Disneyland Park,Main Street U.S.A,Disneyland Railroad Main Street Station,0,False
2026-07-01,08:53,Disneyland Park,Main Street U.S.A,Main Street Vehicles,5,True
2026-07-01,08:53,Disney Adventure World,Marvel Avengers Campus,Avengers Assemble: Flight Force,5,True
2026-07-01,08:53,Disney Adventure World,Marvel Avengers Campus,Avengers Assemble: Flight Force Single Rider,5,True
2026-07-01,08:53,Disney Adventure World,Marvel Avengers Campus,Spider-Man W.E.B. Adventure,5,True
2026-07-01,08:53,Disney Adventure World,Marvel Avengers Campus,Spider-Man W.E.B. Adventure Single Rider,5,True
2026-07-01,08:53,Disney Adventure World,Production Courtyard,The Twilight Zone Tower of Terror,30,True
2026-07-01,08:53,Disney Adventure World,Toon Studio,Cars Quatre Roues Rallye,0,False
2026-07-01,08:53,Disney Adventure World,Toon Studio,Cars ROAD TRIP,0,False
2026-07-01,08:53,Disney Adventure World,Toon Studio,Crush's Coaster,70,True
2026-07-01,08:53,Disney Adventure World,Toon Studio,Crush's Coaster Single Rider,50,True
2026-07-01,08:53,Disney Adventure World,Toon Studio,Les Tapis Volants - Flying Carpets Over Agrabah®,0,False
2026-07-01,08:53,Disney Adventure World,Toon Studio,Ratatouille : L’Aventure Totalement Toquée de Rémy​,20,True
2026-07-01,08:53,Disney Adventure World,Toon Studio,Ratatouille: The Adventure Single Rider,5,True
2026-07-01,08:53,Disney Adventure World,Toon Studio,RC Racer,0,False
2026-07-01,08:53,Disney Adventure World,Toon Studio,RC Racer Single Rider,0,False
2026-07-01,08:53,Disney Adventure World,Toon Studio,Slinky® Dog Zigzag Spin,0,False
2026-07-01,08:53,Disney Adventure World,Toon Studio,Toy Soldiers Parachute Drop,0,False
2026-07-01,08:53,Disney Adventure World,Toon Studio,Toy Soldiers Parachute Drop Single Rider,0,False
2026-07-01,08:53,Disney Adventure World,World of Frozen,Entry to World of Frozen,0,True
2026-07-01,08:53,Disney Adventure World,World of Frozen,Frozen Ever After,0,False
2026-07-01,08:53,Disney Adventure World,World of Frozen,Raiponce Tangled Spin,5,True
2026-07-01,08:58,Disneyland Park,Adventureland,Adventure Isle,0,False
2026-07-01,08:58,Disneyland Park,Adventureland,Indiana Jones and the Temple of Peril Single Rider,0,False
2026-07-01,08:58,Disneyland Park,Adventureland,Indiana Jones™ and the Temple of Peril,0,False
2026-07-01,08:58,Disneyland Park,Adventureland,La Cabane des Robinson,0,False
2026-07-01,08:58,Disneyland Park,Adventureland,Le Passage Enchanté d'Aladdin,0,False
2026-07-01,08:58,Disneyland Park,Adventureland,Pirate Galleon,0,False
2026-07-01,08:58,Disneyland Park,Adventureland,Pirates of the Caribbean,0,False
2026-07-01,08:58,Disneyland Park,Adventureland,Pirates' Beach,0,False
2026-07-01,08:58,Disneyland Park,Discoveryland,"Autopia, presented by Avis",0,False
2026-07-01,08:58,Disneyland Park,Discoveryland,Buzz Lightyear Laser Blast,5,True
2026-07-01,08:58,Disneyland Park,Discoveryland,Disneyland Railroad Discoveryland Station,0,False
2026-07-01,08:58,Disneyland Park,Discoveryland,Les Mystères du Nautilus,0,False
2026-07-01,08:58,Disneyland Park,Discoveryland,Mickey’s PhilharMagic,0,False
2026-07-01,08:58,Disneyland Park,Discoveryland,Orbitron®,0,False
2026-07-01,08:58,Disneyland Park,Discoveryland,Star Tours: The Adventures Continue*,0,False
2026-07-01,08:58,Disneyland Park,Discoveryland,Star Wars Hyperspace Mountain,5,True
2026-07-01,08:58,Disneyland Park,Discoveryland,Star Wars Hyperspace Mountain Single Rider,0,True
2026-07-01,08:58,Disneyland Park,Discoveryland,Welcome to Starport: A Star Wars Encounter,0,False
2026-07-01,08:58,Disneyland Park,Fantasyland,"""it's a small world""",0,False
2026-07-01,08:58,Disneyland Park,Fantasyland,Alice's Curious Labyrinth,0,False
2026-07-01,08:58,Disneyland Park,Fantasyland,Blanche-Neige et les Sept Nains®,0,False
2026-07-01,08:58,Disneyland Park,Fantasyland,Casey Jr. – le Petit Train du Cirque,0,False
2026-07-01,08:58,Disneyland Park,Fantasyland,Disneyland Railroad Fantasyland Station,0,False
2026-07-01,08:58,Disneyland Park,Fantasyland,Disneyland Railroad Main Street Station,0,False
2026-07-01,08:58,Disneyland Park,Fantasyland,Dumbo the Flying Elephant,5,True
2026-07-01,08:58,Disneyland Park,Fantasyland,La Tanière du Dragon,0,True
2026-07-01,08:58,Disneyland Park,Fantasyland,Le Carrousel de Lancelot,0,False
2026-07-01,08:58,Disneyland Park,Fantasyland,"Le Pays des Contes de Fées, presented by Vittel",0,False
2026-07-01,08:58,Disneyland Park,Fantasyland,Les Voyages de Pinocchio,0,False
2026-07-01,08:58,Disneyland Park,Fantasyland,Mad Hatter's Tea Cups,0,False
2026-07-01,08:58,Disneyland Park,Fantasyland,Meet Mickey Mouse,0,False
2026-07-01,08:58,Disneyland Park,Fantasyland,Peter Pan's Flight,35,True
2026-07-01,08:58,Disneyland Park,Fantasyland,Princess Pavilion,0,False
2026-07-01,08:58,Disneyland Park,Frontierland,Big Thunder Mountain,10,True
2026-07-01,08:58,Disneyland Park,Frontierland,Disneyland Railroad Frontierland Depot,0,False
2026-07-01,08:58,Disneyland Park,Frontierland,Frontierland Playground,0,False
2026-07-01,08:58,Disneyland Park,Frontierland,Phantom Manor,0,False
2026-07-01,08:58,Disneyland Park,Frontierland,River Rogue Keelboats,0,False
2026-07-01,08:58,Disneyland Park,Frontierland,Rustler Roundup Shootin' Gallery,0,True
2026-07-01,08:58,Disneyland Park,Frontierland,Thunder Mesa Riverboat Landing,0,False
2026-07-01,08:58,Disneyland Park,Main Street U.S.A,Disneyland Railroad Main Street Station,0,False
2026-07-01,08:58,Disneyland Park,Main Street U.S.A,Main Street Vehicles,5,True
2026-07-01,08:58,Disney Adventure World,Marvel Avengers Campus,Avengers Assemble: Flight Force,5,True
2026-07-01,08:58,Disney Adventure World,Marvel Avengers Campus,Avengers Assemble: Flight Force Single Rider,5,True
2026-07-01,08:58,Disney Adventure World,Marvel Avengers Campus,Spider-Man W.E.B. Adventure,5,True
2026-07-01,08:58,Disney Adventure World,Marvel Avengers Campus,Spider-Man W.E.B. Adventure Single Rider,5,True
2026-07-01,08:58,Disney Adventure World,Production Courtyard,The Twilight Zone Tower of Terror,60,True
2026-07-01,08:58,Disney Adventure World,Toon Studio,Cars Quatre Roues Rallye,0,False
2026-07-01,08:58,Disney Adventure World,Toon Studio,Cars ROAD TRIP,0,False
2026-07-01,08:58,Disney Adventure World,Toon Studio,Crush's Coaster,70,True
2026-07-01,08:58,Disney Adventure World,Toon Studio,Crush's Coaster Single Rider,50,True
2026-07-01,08:58,Disney Adventure World,Toon Studio,Les Tapis Volants - Flying Carpets Over Agrabah®,0,False
2026-07-01,08:58,Disney Adventure World,Toon Studio,Ratatouille : L’Aventure Totalement Toquée de Rémy​,30,True
2026-07-01,08:58,Disney Adventure World,Toon Studio,Ratatouille: The Adventure Single Rider,5,True
2026-07-01,08:58,Disney Adventure World,Toon Studio,RC Racer,0,False
2026-07-01,08:58,Disney Adventure World,Toon Studio,RC Racer Single Rider,0,False
2026-07-01,08:58,Disney Adventure World,Toon Studio,Slinky® Dog Zigzag Spin,0,False
2026-07-01,08:58,Disney Adventure World,Toon Studio,Toy Soldiers Parachute Drop,0,False
2026-07-01,08:58,Disney Adventure World,Toon Studio,Toy Soldiers Parachute Drop Single Rider,0,False
2026-07-01,08:58,Disney Adventure World,World of Frozen,Entry to World of Frozen,0,True
2026-07-01,08:58,Disney Adventure World,World of Frozen,Frozen Ever After,0,False
2026-07-01,08:58,Disney Adventure World,World of Frozen,Raiponce Tangled Spin,5,True
2026-07-01,09:03,Disneyland Park,Adventureland,Adventure Isle,0,False
2026-07-01,09:03,Disneyland Park,Adventureland,Indiana Jones and the Temple of Peril Single Rider,0,False
2026-07-01,09:03,Disneyland Park,Adventureland,Indiana Jones™ and the Temple of Peril,0,False
2026-07-01,09:03,Disneyland Park,Adventureland,La Cabane des Robinson,0,False
2026-07-01,09:03,Disneyland Park,Adventureland,Le Passage Enchanté d'Aladdin,0,False
2026-07-01,09:03,Disneyland Park,Adventureland,Pirate Galleon,0,False
2026-07-01,09:03,Disneyland Park,Adventureland,Pirates of the Caribbean,0,False
2026-07-01,09:03,Disneyland Park,Adventureland,Pirates' Beach,0,False
2026-07-01,09:03,Disneyland Park,Discoveryland,"Autopia, presented by Avis",0,False
2026-07-01,09:03,Disneyland Park,Discoveryland,Buzz Lightyear Laser Blast,5,True
2026-07-01,09:03,Disneyland Park,Discoveryland,Disneyland Railroad Discoveryland Station,0,False
2026-07-01,09:03,Disneyland Park,Discoveryland,Les Mystères du Nautilus,0,False
2026-07-01,09:03,Disneyland Park,Discoveryland,Mickey’s PhilharMagic,0,False
2026-07-01,09:03,Disneyland Park,Discoveryland,Orbitron®,0,False
2026-07-01,09:03,Disneyland Park,Discoveryland,Star Tours: The Adventures Continue*,0,False
2026-07-01,09:03,Disneyland Park,Discoveryland,Star Wars Hyperspace Mountain,5,True
2026-07-01,09:03,Disneyland Park,Discoveryland,Star Wars Hyperspace Mountain Single Rider,0,True
2026-07-01,09:03,Disneyland Park,Discoveryland,Welcome to Starport: A Star Wars Encounter,0,False
2026-07-01,09:03,Disneyland Park,Fantasyland,"""it's a small world""",0,False
2026-07-01,09:03,Disneyland Park,Fantasyland,Alice's Curious Labyrinth,0,False
2026-07-01,09:03,Disneyland Park,Fantasyland,Blanche-Neige et les Sept Nains®,0,False
2026-07-01,09:03,Disneyland Park,Fantasyland,Casey Jr. – le Petit Train du Cirque,0,False
2026-07-01,09:03,Disneyland Park,Fantasyland,Disneyland Railroad Fantasyland Station,0,False
2026-07-01,09:03,Disneyland Park,Fantasyland,Disneyland Railroad Main Street Station,0,False
2026-07-01,09:03,Disneyland Park,Fantasyland,Dumbo the Flying Elephant,10,True
2026-07-01,09:03,Disneyland Park,Fantasyland,La Tanière du Dragon,0,True
2026-07-01,09:03,Disneyland Park,Fantasyland,Le Carrousel de Lancelot,0,False
2026-07-01,09:03,Disneyland Park,Fantasyland,"Le Pays des Contes de Fées, presented by Vittel",0,False
2026-07-01,09:03,Disneyland Park,Fantasyland,Les Voyages de Pinocchio,0,False
2026-07-01,09:03,Disneyland Park,Fantasyland,Mad Hatter's Tea Cups,0,False
2026-07-01,09:03,Disneyland Park,Fantasyland,Meet Mickey Mouse,0,False
2026-07-01,09:03,Disneyland Park,Fantasyland,Peter Pan's Flight,40,True
2026-07-01,09:03,Disneyland Park,Fantasyland,Princess Pavilion,0,False
2026-07-01,09:03,Disneyland Park,Frontierland,Big Thunder Mountain,10,True
2026-07-01,09:03,Disneyland Park,Frontierland,Disneyland Railroad Frontierland Depot,0,False
2026-07-01,09:03,Disneyland Park,Frontierland,Frontierland Playground,0,False
2026-07-01,09:03,Disneyland Park,Frontierland,Phantom Manor,0,False
2026-07-01,09:03,Disneyland Park,Frontierland,River Rogue Keelboats,0,False
2026-07-01,09:03,Disneyland Park,Frontierland,Rustler Roundup Shootin' Gallery,0,True
2026-07-01,09:03,Disneyland Park,Frontierland,Thunder Mesa Riverboat Landing,0,False
2026-07-01,09:03,Disneyland Park,Main Street U.S.A,Disneyland Railroad Main Street Station,0,False
2026-07-01,09:03,Disneyland Park,Main Street U.S.A,Main Street Vehicles,5,True
2026-07-01,09:03,Disney Adventure World,Marvel Avengers Campus,Avengers Assemble: Flight Force,5,True
2026-07-01,09:03,Disney Adventure World,Marvel Avengers Campus,Avengers Assemble: Flight Force Single Rider,5,True
2026-07-01,09:03,Disney Adventure World,Marvel Avengers Campus,Spider-Man W.E.B. Adventure,5,True
2026-07-01,09:03,Disney Adventure World,Marvel Avengers Campus,Spider-Man W.E.B. Adventure Single Rider,5,True
2026-07-01,09:03,Disney Adventure World,Production Courtyard,The Twilight Zone Tower of Terror,75,True
2026-07-01,09:03,Disney Adventure World,Toon Studio,Cars Quatre Roues Rallye,0,False
2026-07-01,09:03,Disney Adventure World,Toon Studio,Cars ROAD TRIP,0,False
2026-07-01,09:03,Disney Adventure World,Toon Studio,Crush's Coaster,60,True
2026-07-01,09:03,Disney Adventure World,Toon Studio,Crush's Coaster Single Rider,45,True
2026-07-01,09:03,Disney Adventure World,Toon Studio,Les Tapis Volants - Flying Carpets Over Agrabah®,0,False
2026-07-01,09:03,Disney Adventure World,Toon Studio,Ratatouille : L’Aventure Totalement Toquée de Rémy​,45,True
2026-07-01,09:03,Disney Adventure World,Toon Studio,Ratatouille: The Adventure Single Rider,5,True
2026-07-01,09:03,Disney Adventure World,Toon Studio,RC Racer,0,False
2026-07-01,09:03,Disney Adventure World,Toon Studio,RC Racer Single Rider,0,False
2026-07-01,09:03,Disney Adventure World,Toon Studio,Slinky® Dog Zigzag Spin,0,False
2026-07-01,09:03,Disney Adventure World,Toon Studio,Toy Soldiers Parachute Drop,0,False
2026-07-01,09:03,Disney Adventure World,Toon Studio,Toy Soldiers Parachute Drop Single Rider,0,False
2026-07-01,09:03,Disney Adventure World,World of Frozen,Entry to World of Frozen,0,True
2026-07-01,09:03,Disney Adventure World,World of Frozen,Frozen Ever After,0,False
2026-07-01,09:03,Disney Adventure World,World of Frozen,Raiponce Tangled Spin,5,True
2026-07-01,09:08,Disneyland Park,Adventureland,Adventure Isle,0,False
2026-07-01,09:08,Disneyland Park,Adventureland,Indiana Jones and the Temple of Peril Single Rider,0,False
2026-07-01,09:08,Disneyland Park,Adventureland,Indiana Jones™ and the Temple of Peril,0,False
2026-07-01,09:08,Disneyland Park,Adventureland,La Cabane des Robinson,0,True
2026-07-01,09:08,Disneyland Park,Adventureland,Le Passage Enchanté d'Aladdin,0,True
2026-07-01,09:08,Disneyland Park,Adventureland,Pirate Galleon,0,False
2026-07-01,09:08,Disneyland Park,Adventureland,Pirates of the Caribbean,0,False
2026-07-01,09:08,Disneyland Park,Adventureland,Pirates' Beach,0,True
2026-07-01,09:08,Disneyland Park,Discoveryland,"Autopia, presented by Avis",0,False
2026-07-01,09:08,Disneyland Park,Discoveryland,Buzz Lightyear Laser Blast,5,True
2026-07-01,09:08,Disneyland Park,Discoveryland,Disneyland Railroad Discoveryland Station,0,False
2026-07-01,09:08,Disneyland Park,Discoveryland,Les Mystères du Nautilus,0,False
2026-07-01,09:08,Disneyland Park,Discoveryland,Mickey’s PhilharMagic,0,False
2026-07-01,09:08,Disneyland Park,Discoveryland,Orbitron®,0,False
2026-07-01,09:08,Disneyland Park,Discoveryland,Star Tours: The Adventures Continue*,0,False
2026-07-01,09:08,Disneyland Park,Discoveryland,Star Wars Hyperspace Mountain,5,True
2026-07-01,09:08,Disneyland Park,Discoveryland,Star Wars Hyperspace Mountain Single Rider,0,True
2026-07-01,09:08,Disneyland Park,Discoveryland,Welcome to Starport: A Star Wars Encounter,0,False
2026-07-01,09:08,Disneyland Park,Fantasyland,"""it's a small world""",0,False
2026-07-01,09:08,Disneyland Park,Fantasyland,Alice's Curious Labyrinth,0,False
2026-07-01,09:08,Disneyland Park,Fantasyland,Blanche-Neige et les Sept Nains®,0,False
2026-07-01,09:08,Disneyland Park,Fantasyland,Casey Jr. – le Petit Train du Cirque,0,False
2026-07-01,09:08,Disneyland Park,Fantasyland,Disneyland Railroad Fantasyland Station,0,False
2026-07-01,09:08,Disneyland Park,Fantasyland,Disneyland Railroad Main Street Station,0,False
2026-07-01,09:08,Disneyland Park,Fantasyland,Dumbo the Flying Elephant,10,True
2026-07-01,09:08,Disneyland Park,Fantasyland,La Tanière du Dragon,0,True
2026-07-01,09:08,Disneyland Park,Fantasyland,Le Carrousel de Lancelot,0,False
2026-07-01,09:08,Disneyland Park,Fantasyland,"Le Pays des Contes de Fées, presented by Vittel",0,False
2026-07-01,09:08,Disneyland Park,Fantasyland,Les Voyages de Pinocchio,0,False
2026-07-01,09:08,Disneyland Park,Fantasyland,Mad Hatter's Tea Cups,0,False
2026-07-01,09:08,Disneyland Park,Fantasyland,Meet Mickey Mouse,0,False
2026-07-01,09:08,Disneyland Park,Fantasyland,Peter Pan's Flight,40,True
2026-07-01,09:08,Disneyland Park,Fantasyland,Princess Pavilion,0,False
2026-07-01,09:08,Disneyland Park,Frontierland,Big Thunder Mountain,10,True
2026-07-01,09:08,Disneyland Park,Frontierland,Disneyland Railroad Frontierland Depot,0,False
2026-07-01,09:08,Disneyland Park,Frontierland,Frontierland Playground,0,False
2026-07-01,09:08,Disneyland Park,Frontierland,Phantom Manor,0,False
2026-07-01,09:08,Disneyland Park,Frontierland,River Rogue Keelboats,0,False
2026-07-01,09:08,Disneyland Park,Frontierland,Rustler Roundup Shootin' Gallery,0,True
2026-07-01,09:08,Disneyland Park,Frontierland,Thunder Mesa Riverboat Landing,0,False
2026-07-01,09:08,Disneyland Park,Main Street U.S.A,Disneyland Railroad Main Street Station,0,False
2026-07-01,09:08,Disneyland Park,Main Street U.S.A,Main Street Vehicles,5,True
2026-07-01,09:08,Disney Adventure World,Marvel Avengers Campus,Avengers Assemble: Flight Force,5,True
2026-07-01,09:08,Disney Adventure World,Marvel Avengers Campus,Avengers Assemble: Flight Force Single Rider,5,True
2026-07-01,09:08,Disney Adventure World,Marvel Avengers Campus,Spider-Man W.E.B. Adventure,15,True
2026-07-01,09:08,Disney Adventure World,Marvel Avengers Campus,Spider-Man W.E.B. Adventure Single Rider,5,True
2026-07-01,09:08,Disney Adventure World,Production Courtyard,The Twilight Zone Tower of Terror,65,True
2026-07-01,09:08,Disney Adventure World,Toon Studio,Cars Quatre Roues Rallye,0,False
2026-07-01,09:08,Disney Adventure World,Toon Studio,Cars ROAD TRIP,0,False
2026-07-01,09:08,Disney Adventure World,Toon Studio,Crush's Coaster,60,True
2026-07-01,09:08,Disney Adventure World,Toon Studio,Crush's Coaster Single Rider,45,True
2026-07-01,09:08,Disney Adventure World,Toon Studio,Les Tapis Volants - Flying Carpets Over Agrabah®,0,False
2026-07-01,09:08,Disney Adventure World,Toon Studio,Ratatouille : L’Aventure Totalement Toquée de Rémy​,45,True
2026-07-01,09:08,Disney Adventure World,Toon Studio,Ratatouille: The Adventure Single Rider,5,True
2026-07-01,09:08,Disney Adventure World,Toon Studio,RC Racer,0,False
2026-07-01,09:08,Disney Adventure World,Toon Studio,RC Racer Single Rider,0,False
2026-07-01,09:08,Disney Adventure World,Toon Studio,Slinky® Dog Zigzag Spin,0,False
2026-07-01,09:08,Disney Adventure World,Toon Studio,Toy Soldiers Parachute Drop,0,False
2026-07-01,09:08,Disney Adventure World,Toon Studio,Toy Soldiers Parachute Drop Single Rider,0,False
2026-07-01,09:08,Disney Adventure World,World of Frozen,Entry to World of Frozen,0,True
2026-07-01,09:08,Disney Adventure World,World of Frozen,Frozen Ever After,5,True
2026-07-01,09:08,Disney Adventure World,World of Frozen,Raiponce Tangled Spin,5,True
2026-07-01,09:13,Disneyland Park,Adventureland,Adventure Isle,0,False
2026-07-01,09:13,Disneyland Park,Adventureland,Indiana Jones and the Temple of Peril Single Rider,0,False
2026-07-01,09:13,Disneyland Park,Adventureland,Indiana Jones™ and the Temple of Peril,0,False
2026-07-01,09:13,Disneyland Park,Adventureland,La Cabane des Robinson,5,True
2026-07-01,09:13,Disneyland Park,Adventureland,Le Passage Enchanté d'Aladdin,0,True
2026-07-01,09:13,Disneyland Park,Adventureland,Pirate Galleon,0,False
2026-07-01,09:13,Disneyland Park,Adventureland,Pirates of the Caribbean,0,False
2026-07-01,09:13,Disneyland Park,Adventureland,Pirates' Beach,0,True
2026-07-01,09:13,Disneyland Park,Discoveryland,"Autopia, presented by Avis",0,False
2026-07-01,09:13,Disneyland Park,Discoveryland,Buzz Lightyear Laser Blast,5,True
2026-07-01,09:13,Disneyland Park,Discoveryland,Disneyland Railroad Discoveryland Station,0,False
2026-07-01,09:13,Disneyland Park,Discoveryland,Les Mystères du Nautilus,0,False
2026-07-01,09:13,Disneyland Park,Discoveryland,Mickey’s PhilharMagic,0,False
2026-07-01,09:13,Disneyland Park,Discoveryland,Orbitron®,0,False
2026-07-01,09:13,Disneyland Park,Discoveryland,Star Tours: The Adventures Continue*,0,False
2026-07-01,09:13,Disneyland Park,Discoveryland,Star Wars Hyperspace Mountain,5,True
2026-07-01,09:13,Disneyland Park,Discoveryland,Star Wars Hyperspace Mountain Single Rider,0,True
2026-07-01,09:13,Disneyland Park,Discoveryland,Welcome to Starport: A Star Wars Encounter,0,False
2026-07-01,09:13,Disneyland Park,Fantasyland,"""it's a small world""",0,False
2026-07-01,09:13,Disneyland Park,Fantasyland,Alice's Curious Labyrinth,0,False
2026-07-01,09:13,Disneyland Park,Fantasyland,Blanche-Neige et les Sept Nains®,0,False
2026-07-01,09:13,Disneyland Park,Fantasyland,Casey Jr. – le Petit Train du Cirque,0,False
2026-07-01,09:13,Disneyland Park,Fantasyland,Disneyland Railroad Fantasyland Station,0,False
2026-07-01,09:13,Disneyland Park,Fantasyland,Disneyland Railroad Main Street Station,0,False
2026-07-01,09:13,Disneyland Park,Fantasyland,Dumbo the Flying Elephant,10,True
2026-07-01,09:13,Disneyland Park,Fantasyland,La Tanière du Dragon,0,True
2026-07-01,09:13,Disneyland Park,Fantasyland,Le Carrousel de Lancelot,0,False
2026-07-01,09:13,Disneyland Park,Fantasyland,"Le Pays des Contes de Fées, presented by Vittel",0,False
2026-07-01,09:13,Disneyland Park,Fantasyland,Les Voyages de Pinocchio,0,False
2026-07-01,09:13,Disneyland Park,Fantasyland,Mad Hatter's Tea Cups,0,False
2026-07-01,09:13,Disneyland Park,Fantasyland,Meet Mickey Mouse,0,False
2026-07-01,09:13,Disneyland Park,Fantasyland,Peter Pan's Flight,50,True
2026-07-01,09:13,Disneyland Park,Fantasyland,Princess Pavilion,0,False
2026-07-01,09:13,Disneyland Park,Frontierland,Big Thunder Mountain,15,True
2026-07-01,09:13,Disneyland Park,Frontierland,Disneyland Railroad Frontierland Depot,0,False
2026-07-01,09:13,Disneyland Park,Frontierland,Frontierland Playground,0,False
2026-07-01,09:13,Disneyland Park,Frontierland,Phantom Manor,0,False
2026-07-01,09:13,Disneyland Park,Frontierland,River Rogue Keelboats,0,False
2026-07-01,09:13,Disneyland Park,Frontierland,Rustler Roundup Shootin' Gallery,0,True
2026-07-01,09:13,Disneyland Park,Frontierland,Thunder Mesa Riverboat Landing,0,False
2026-07-01,09:13,Disneyland Park,Main Street U.S.A,Disneyland Railroad Main Street Station,0,False
2026-07-01,09:13,Disneyland Park,Main Street U.S.A,Main Street Vehicles,5,True
2026-07-01,09:13,Disney Adventure World,Marvel Avengers Campus,Avengers Assemble: Flight Force,5,True
2026-07-01,09:13,Disney Adventure World,Marvel Avengers Campus,Avengers Assemble: Flight Force Single Rider,5,True
2026-07-01,09:13,Disney Adventure World,Marvel Avengers Campus,Spider-Man W.E.B. Adventure,20,True
2026-07-01,09:13,Disney Adventure World,Marvel Avengers Campus,Spider-Man W.E.B. Adventure Single Rider,5,True
2026-07-01,09:13,Disney Adventure World,Production Courtyard,The Twilight Zone Tower of Terror,50,True
2026-07-01,09:13,Disney Adventure World,Toon Studio,Cars Quatre Roues Rallye,0,False
2026-07-01,09:13,Disney Adventure World,Toon Studio,Cars ROAD TRIP,0,False
2026-07-01,09:13,Disney Adventure World,Toon Studio,Crush's Coaster,60,True
2026-07-01,09:13,Disney Adventure World,Toon Studio,Crush's Coaster Single Rider,45,True
2026-07-01,09:13,Disney Adventure World,Toon Studio,Les Tapis Volants - Flying Carpets Over Agrabah®,0,False
2026-07-01,09:13,Disney Adventure World,Toon Studio,Ratatouille : L’Aventure Totalement Toquée de Rémy​,45,True
2026-07-01,09:13,Disney Adventure World,Toon Studio,Ratatouille: The Adventure Single Rider,5,True
2026-07-01,09:13,Disney Adventure World,Toon Studio,RC Racer,5,True
2026-07-01,09:13,Disney Adventure World,Toon Studio,RC Racer Single Rider,5,True
2026-07-01,09:13,Disney Adventure World,Toon Studio,Slinky® Dog Zigzag Spin,5,True
2026-07-01,09:13,Disney Adventure World,Toon Studio,Toy Soldiers Parachute Drop,0,False
2026-07-01,09:13,Disney Adventure World,Toon Studio,Toy Soldiers Parachute Drop Single Rider,0,False
2026-07-01,09:13,Disney Adventure World,World of Frozen,Entry to World of Frozen,0,True
2026-07-01,09:13,Disney Adventure World,World of Frozen,Frozen Ever After,60,True
2026-07-01,09:13,Disney Adventure World,World of Frozen,Raiponce Tangled Spin,5,True
2026-07-01,09:18,Disneyland Park,Adventureland,Adventure Isle,0,False
2026-07-01,09:18,Disneyland Park,Adventureland,Indiana Jones and the Temple of Peril Single Rider,0,False
2026-07-01,09:18,Disneyland Park,Adventureland,Indiana Jones™ and the Temple of Peril,0,False
2026-07-01,09:18,Disneyland Park,Adventureland,La Cabane des Robinson,5,True
2026-07-01,09:18,Disneyland Park,Adventureland,Le Passage Enchanté d'Aladdin,0,True
2026-07-01,09:18,Disneyland Park,Adventureland,Pirate Galleon,0,False
2026-07-01,09:18,Disneyland Park,Adventureland,Pirates of the Caribbean,0,False
2026-07-01,09:18,Disneyland Park,Adventureland,Pirates' Beach,0,True
2026-07-01,09:18,Disneyland Park,Discoveryland,"Autopia, presented by Avis",5,True
2026-07-01,09:18,Disneyland Park,Discoveryland,Buzz Lightyear Laser Blast,5,True
2026-07-01,09:18,Disneyland Park,Discoveryland,Disneyland Railroad Discoveryland Station,0,False
2026-07-01,09:18,Disneyland Park,Discoveryland,Les Mystères du Nautilus,0,False
2026-07-01,09:18,Disneyland Park,Discoveryland,Mickey’s PhilharMagic,0,False
2026-07-01,09:18,Disneyland Park,Discoveryland,Orbitron®,0,False
2026-07-01,09:18,Disneyland Park,Discoveryland,Star Tours: The Adventures Continue*,0,False
2026-07-01,09:18,Disneyland Park,Discoveryland,Star Wars Hyperspace Mountain,10,True
2026-07-01,09:18,Disneyland Park,Discoveryland,Star Wars Hyperspace Mountain Single Rider,0,True
2026-07-01,09:18,Disneyland Park,Discoveryland,Welcome to Starport: A Star Wars Encounter,0,False
2026-07-01,09:18,Disneyland Park,Fantasyland,"""it's a small world""",0,False
2026-07-01,09:18,Disneyland Park,Fantasyland,Alice's Curious Labyrinth,0,False
2026-07-01,09:18,Disneyland Park,Fantasyland,Blanche-Neige et les Sept Nains®,0,False
2026-07-01,09:18,Disneyland Park,Fantasyland,Casey Jr. – le Petit Train du Cirque,0,False
2026-07-01,09:18,Disneyland Park,Fantasyland,Disneyland Railroad Fantasyland Station,0,False
2026-07-01,09:18,Disneyland Park,Fantasyland,Disneyland Railroad Main Street Station,0,False
2026-07-01,09:18,Disneyland Park,Fantasyland,Dumbo the Flying Elephant,10,True
2026-07-01,09:18,Disneyland Park,Fantasyland,La Tanière du Dragon,0,True
2026-07-01,09:18,Disneyland Park,Fantasyland,Le Carrousel de Lancelot,0,False
2026-07-01,09:18,Disneyland Park,Fantasyland,"Le Pays des Contes de Fées, presented by Vittel",0,False
2026-07-01,09:18,Disneyland Park,Fantasyland,Les Voyages de Pinocchio,0,False
2026-07-01,09:18,Disneyland Park,Fantasyland,Mad Hatter's Tea Cups,0,False
2026-07-01,09:18,Disneyland Park,Fantasyland,Meet Mickey Mouse,0,False
2026-07-01,09:18,Disneyland Park,Fantasyland,Peter Pan's Flight,50,True
2026-07-01,09:18,Disneyland Park,Fantasyland,Princess Pavilion,0,False
2026-07-01,09:18,Disneyland Park,Frontierland,Big Thunder Mountain,15,True
2026-07-01,09:18,Disneyland Park,Frontierland,Disneyland Railroad Frontierland Depot,0,False
2026-07-01,09:18,Disneyland Park,Frontierland,Frontierland Playground,0,False
2026-07-01,09:18,Disneyland Park,Frontierland,Phantom Manor,0,False
2026-07-01,09:18,Disneyland Park,Frontierland,River Rogue Keelboats,0,False
2026-07-01,09:18,Disneyland Park,Frontierland,Rustler Roundup Shootin' Gallery,0,True
2026-07-01,09:18,Disneyland Park,Frontierland,Thunder Mesa Riverboat Landing,0,False
2026-07-01,09:18,Disneyland Park,Main Street U.S.A,Disneyland Railroad Main Street Station,0,False
2026-07-01,09:18,Disneyland Park,Main Street U.S.A,Main Street Vehicles,5,True
2026-07-01,09:18,Disney Adventure World,Marvel Avengers Campus,Avengers Assemble: Flight Force,5,True
2026-07-01,09:18,Disney Adventure World,Marvel Avengers Campus,Avengers Assemble: Flight Force Single Rider,5,True
2026-07-01,09:18,Disney Adventure World,Marvel Avengers Campus,Spider-Man W.E.B. Adventure,20,True
2026-07-01,09:18,Disney Adventure World,Marvel Avengers Campus,Spider-Man W.E.B. Adventure Single Rider,5,True
2026-07-01,09:18,Disney Adventure World,Production Courtyard,The Twilight Zone Tower of Terror,40,True
2026-07-01,09:18,Disney Adventure World,Toon Studio,Cars Quatre Roues Rallye,5,True
2026-07-01,09:18,Disney Adventure World,Toon Studio,Cars ROAD TRIP,0,False
2026-07-01,09:18,Disney Adventure World,Toon Studio,Crush's Coaster,60,True
2026-07-01,09:18,Disney Adventure World,Toon Studio,Crush's Coaster Single Rider,45,True
2026-07-01,09:18,Disney Adventure World,Toon Studio,Les Tapis Volants - Flying Carpets Over Agrabah®,0,False
2026-07-01,09:18,Disney Adventure World,Toon Studio,Ratatouille : L’Aventure Totalement Toquée de Rémy​,45,True
2026-07-01,09:18,Disney Adventure World,Toon Studio,Ratatouille: The Adventure Single Rider,5,True
2026-07-01,09:18,Disney Adventure World,Toon Studio,RC Racer,5,True
2026-07-01,09:18,Disney Adventure World,Toon Studio,RC Racer Single Rider,5,True
2026-07-01,09:18,Disney Adventure World,Toon Studio,Slinky® Dog Zigzag Spin,5,True
2026-07-01,09:18,Disney Adventure World,Toon Studio,Toy Soldiers Parachute Drop,0,False
2026-07-01,09:18,Disney Adventure World,Toon Studio,Toy Soldiers Parachute Drop Single Rider,0,False
2026-07-01,09:18,Disney Adventure World,World of Frozen,Entry to World of Frozen,0,True
2026-07-01,09:18,Disney Adventure World,World of Frozen,Frozen Ever After,60,True
2026-07-01,09:18,Disney Adventure World,World of Frozen,Raiponce Tangled Spin,5,True
2026-07-01,09:23,Disneyland Park,Adventureland,Adventure Isle,0,False
2026-07-01,09:23,Disneyland Park,Adventureland,Indiana Jones and the Temple of Peril Single Rider,0,False
2026-07-01,09:23,Disneyland Park,Adventureland,Indiana Jones™ and the Temple of Peril,0,False
2026-07-01,09:23,Disneyland Park,Adventureland,La Cabane des Robinson,5,True
2026-07-01,09:23,Disneyland Park,Adventureland,Le Passage Enchanté d'Aladdin,0,True
2026-07-01,09:23,Disneyland Park,Adventureland,Pirate Galleon,0,False
2026-07-01,09:23,Disneyland Park,Adventureland,Pirates of the Caribbean,0,False
2026-07-01,09:23,Disneyland Park,Adventureland,Pirates' Beach,0,True
2026-07-01,09:23,Disneyland Park,Discoveryland,"Autopia, presented by Avis",5,True
2026-07-01,09:23,Disneyland Park,Discoveryland,Buzz Lightyear Laser Blast,5,True
2026-07-01,09:23,Disneyland Park,Discoveryland,Disneyland Railroad Discoveryland Station,0,False
2026-07-01,09:23,Disneyland Park,Discoveryland,Les Mystères du Nautilus,0,False
2026-07-01,09:23,Disneyland Park,Discoveryland,Mickey’s PhilharMagic,0,False
2026-07-01,09:23,Disneyland Park,Discoveryland,Orbitron®,0,False
2026-07-01,09:23,Disneyland Park,Discoveryland,Star Tours: The Adventures Continue*,0,False
2026-07-01,09:23,Disneyland Park,Discoveryland,Star Wars Hyperspace Mountain,10,True
2026-07-01,09:23,Disneyland Park,Discoveryland,Star Wars Hyperspace Mountain Single Rider,0,True
2026-07-01,09:23,Disneyland Park,Discoveryland,Welcome to Starport: A Star Wars Encounter,0,False
2026-07-01,09:23,Disneyland Park,Fantasyland,"""it's a small world""",0,False
2026-07-01,09:23,Disneyland Park,Fantasyland,Alice's Curious Labyrinth,0,False
2026-07-01,09:23,Disneyland Park,Fantasyland,Blanche-Neige et les Sept Nains®,0,False
2026-07-01,09:23,Disneyland Park,Fantasyland,Casey Jr. – le Petit Train du Cirque,5,True
2026-07-01,09:23,Disneyland Park,Fantasyland,Disneyland Railroad Fantasyland Station,0,False
2026-07-01,09:23,Disneyland Park,Fantasyland,Disneyland Railroad Main Street Station,0,False
2026-07-01,09:23,Disneyland Park,Fantasyland,Dumbo the Flying Elephant,10,True
2026-07-01,09:23,Disneyland Park,Fantasyland,La Tanière du Dragon,0,True
2026-07-01,09:23,Disneyland Park,Fantasyland,Le Carrousel de Lancelot,0,False
2026-07-01,09:23,Disneyland Park,Fantasyland,"Le Pays des Contes de Fées, presented by Vittel",0,False
2026-07-01,09:23,Disneyland Park,Fantasyland,Les Voyages de Pinocchio,5,True
2026-07-01,09:23,Disneyland Park,Fantasyland,Mad Hatter's Tea Cups,0,False
2026-07-01,09:23,Disneyland Park,Fantasyland,Meet Mickey Mouse,0,False
2026-07-01,09:23,Disneyland Park,Fantasyland,Peter Pan's Flight,45,True
2026-07-01,09:23,Disneyland Park,Fantasyland,Princess Pavilion,0,False
2026-07-01,09:23,Disneyland Park,Frontierland,Big Thunder Mountain,15,True
2026-07-01,09:23,Disneyland Park,Frontierland,Disneyland Railroad Frontierland Depot,0,False
2026-07-01,09:23,Disneyland Park,Frontierland,Frontierland Playground,0,False
2026-07-01,09:23,Disneyland Park,Frontierland,Phantom Manor,0,False
2026-07-01,09:23,Disneyland Park,Frontierland,River Rogue Keelboats,0,False
2026-07-01,09:23,Disneyland Park,Frontierland,Rustler Roundup Shootin' Gallery,0,True
2026-07-01,09:23,Disneyland Park,Frontierland,Thunder Mesa Riverboat Landing,0,False
2026-07-01,09:23,Disneyland Park,Main Street U.S.A,Disneyland Railroad Main Street Station,0,False
2026-07-01,09:23,Disneyland Park,Main Street U.S.A,Main Street Vehicles,5,True
2026-07-01,09:23,Disney Adventure World,Marvel Avengers Campus,Avengers Assemble: Flight Force,5,True
2026-07-01,09:23,Disney Adventure World,Marvel Avengers Campus,Avengers Assemble: Flight Force Single Rider,5,True
2026-07-01,09:23,Disney Adventure World,Marvel Avengers Campus,Spider-Man W.E.B. Adventure,25,True
2026-07-01,09:23,Disney Adventure World,Marvel Avengers Campus,Spider-Man W.E.B. Adventure Single Rider,5,True
2026-07-01,09:23,Disney Adventure World,Production Courtyard,The Twilight Zone Tower of Terror,40,True
2026-07-01,09:23,Disney Adventure World,Toon Studio,Cars Quatre Roues Rallye,5,True
2026-07-01,09:23,Disney Adventure World,Toon Studio,Cars ROAD TRIP,0,False
2026-07-01,09:23,Disney Adventure World,Toon Studio,Crush's Coaster,60,True
2026-07-01,09:23,Disney Adventure World,Toon Studio,Crush's Coaster Single Rider,35,True
2026-07-01,09:23,Disney Adventure World,Toon Studio,Les Tapis Volants - Flying Carpets Over Agrabah®,0,False
2026-07-01,09:23,Disney Adventure World,Toon Studio,Ratatouille : L’Aventure Totalement Toquée de Rémy​,45,True
2026-07-01,09:23,Disney Adventure World,Toon Studio,Ratatouille: The Adventure Single Rider,5,True
2026-07-01,09:23,Disney Adventure World,Toon Studio,RC Racer,5,True
2026-07-01,09:23,Disney Adventure World,Toon Studio,RC Racer Single Rider,5,True
2026-07-01,09:23,Disney Adventure World,Toon Studio,Slinky® Dog Zigzag Spin,5,True
2026-07-01,09:23,Disney Adventure World,Toon Studio,Toy Soldiers Parachute Drop,0,False
2026-07-01,09:23,Disney Adventure World,Toon Studio,Toy Soldiers Parachute Drop Single Rider,0,False
2026-07-01,09:23,Disney Adventure World,World of Frozen,Entry to World of Frozen,0,True
2026-07-01,09:23,Disney Adventure World,World of Frozen,Frozen Ever After,50,True
2026-07-01,09:23,Disney Adventure World,World of Frozen,Raiponce Tangled Spin,5,True
2026-07-01,09:28,Disneyland Park,Adventureland,Adventure Isle,0,False
2026-07-01,09:28,Disneyland Park,Adventureland,Indiana Jones and the Temple of Peril Single Rider,0,True
2026-07-01,09:28,Disneyland Park,Adventureland,Indiana Jones™ and the Temple of Peril,5,True
2026-07-01,09:28,Disneyland Park,Adventureland,La Cabane des Robinson,5,True
2026-07-01,09:28,Disneyland Park,Adventureland,Le Passage Enchanté d'Aladdin,0,True
2026-07-01,09:28,Disneyland Park,Adventureland,Pirate Galleon,0,False
2026-07-01,09:28,Disneyland Park,Adventureland,Pirates of the Caribbean,0,False
2026-07-01,09:28,Disneyland Park,Adventureland,Pirates' Beach,0,True
2026-07-01,09:28,Disneyland Park,Discoveryland,"Autopia, presented by Avis",40,True
2026-07-01,09:28,Disneyland Park,Discoveryland,Buzz Lightyear Laser Blast,5,True
2026-07-01,09:28,Disneyland Park,Discoveryland,Disneyland Railroad Discoveryland Station,0,False
2026-07-01,09:28,Disneyland Park,Discoveryland,Les Mystères du Nautilus,0,False
2026-07-01,09:28,Disneyland Park,Discoveryland,Mickey’s PhilharMagic,0,False
2026-07-01,09:28,Disneyland Park,Discoveryland,Orbitron®,5,True
2026-07-01,09:28,Disneyland Park,Discoveryland,Star Tours: The Adventures Continue*,0,False
2026-07-01,09:28,Disneyland Park,Discoveryland,Star Wars Hyperspace Mountain,10,True
2026-07-01,09:28,Disneyland Park,Discoveryland,Star Wars Hyperspace Mountain Single Rider,0,True
2026-07-01,09:28,Disneyland Park,Discoveryland,Welcome to Starport: A Star Wars Encounter,0,False
2026-07-01,09:28,Disneyland Park,Fantasyland,"""it's a small world""",0,False
2026-07-01,09:28,Disneyland Park,Fantasyland,Alice's Curious Labyrinth,0,False
2026-07-01,09:28,Disneyland Park,Fantasyland,Blanche-Neige et les Sept Nains®,0,False
2026-07-01,09:28,Disneyland Park,Fantasyland,Casey Jr. – le Petit Train du Cirque,5,True
2026-07-01,09:28,Disneyland Park,Fantasyland,Disneyland Railroad Fantasyland Station,0,False
2026-07-01,09:28,Disneyland Park,Fantasyland,Disneyland Railroad Main Street Station,0,False
2026-07-01,09:28,Disneyland Park,Fantasyland,Dumbo the Flying Elephant,10,True
2026-07-01,09:28,Disneyland Park,Fantasyland,La Tanière du Dragon,0,True
2026-07-01,09:28,Disneyland Park,Fantasyland,Le Carrousel de Lancelot,0,False
2026-07-01,09:28,Disneyland Park,Fantasyland,"Le Pays des Contes de Fées, presented by Vittel",5,True
2026-07-01,09:28,Disneyland Park,Fantasyland,Les Voyages de Pinocchio,5,True
2026-07-01,09:28,Disneyland Park,Fantasyland,Mad Hatter's Tea Cups,5,True
2026-07-01,09:28,Disneyland Park,Fantasyland,Meet Mickey Mouse,0,False
2026-07-01,09:28,Disneyland Park,Fantasyland,Peter Pan's Flight,60,True
2026-07-01,09:28,Disneyland Park,Fantasyland,Princess Pavilion,0,False
2026-07-01,09:28,Disneyland Park,Frontierland,Big Thunder Mountain,15,True
2026-07-01,09:28,Disneyland Park,Frontierland,Disneyland Railroad Frontierland Depot,0,False
2026-07-01,09:28,Disneyland Park,Frontierland,Frontierland Playground,0,False
2026-07-01,09:28,Disneyland Park,Frontierland,Phantom Manor,0,False
2026-07-01,09:28,Disneyland Park,Frontierland,River Rogue Keelboats,0,False
2026-07-01,09:28,Disneyland Park,Frontierland,Rustler Roundup Shootin' Gallery,0,True
2026-07-01,09:28,Disneyland Park,Frontierland,Thunder Mesa Riverboat Landing,0,False
2026-07-01,09:28,Disneyland Park,Main Street U.S.A,Disneyland Railroad Main Street Station,0,False
2026-07-01,09:28,Disneyland Park,Main Street U.S.A,Main Street Vehicles,5,True
2026-07-01,09:28,Disney Adventure World,Marvel Avengers Campus,Avengers Assemble: Flight Force,5,True
2026-07-01,09:28,Disney Adventure World,Marvel Avengers Campus,Avengers Assemble: Flight Force Single Rider,5,True
2026-07-01,09:28,Disney Adventure World,Marvel Avengers Campus,Spider-Man W.E.B. Adventure,25,True
2026-07-01,09:28,Disney Adventure World,Marvel Avengers Campus,Spider-Man W.E.B. Adventure Single Rider,5,True
2026-07-01,09:28,Disney Adventure World,Production Courtyard,The Twilight Zone Tower of Terror,40,True
2026-07-01,09:28,Disney Adventure World,Toon Studio,Cars Quatre Roues Rallye,5,True
2026-07-01,09:28,Disney Adventure World,Toon Studio,Cars ROAD TRIP,0,False
2026-07-01,09:28,Disney Adventure World,Toon Studio,Crush's Coaster,70,True
2026-07-01,09:28,Disney Adventure World,Toon Studio,Crush's Coaster Single Rider,55,True
2026-07-01,09:28,Disney Adventure World,Toon Studio,Les Tapis Volants - Flying Carpets Over Agrabah®,0,False
2026-07-01,09:28,Disney Adventure World,Toon Studio,Ratatouille : L’Aventure Totalement Toquée de Rémy​,30,True
2026-07-01,09:28,Disney Adventure World,Toon Studio,Ratatouille: The Adventure Single Rider,5,True
2026-07-01,09:28,Disney Adventure World,Toon Studio,RC Racer,5,True
2026-07-01,09:28,Disney Adventure World,Toon Studio,RC Racer Single Rider,5,True
2026-07-01,09:28,Disney Adventure World,Toon Studio,Slinky® Dog Zigzag Spin,5,True
2026-07-01,09:28,Disney Adventure World,Toon Studio,Toy Soldiers Parachute Drop,25,True
2026-07-01,09:28,Disney Adventure World,Toon Studio,Toy Soldiers Parachute Drop Single Rider,5,True
2026-07-01,09:28,Disney Adventure World,World of Frozen,Entry to World of Frozen,0,True
2026-07-01,09:28,Disney Adventure World,World of Frozen,Frozen Ever After,50,True
2026-07-01,09:28,Disney Adventure World,World of Frozen,Raiponce Tangled Spin,5,True
2026-07-01,09:33,Disneyland Park,Adventureland,Adventure Isle,0,False
2026-07-01,09:33,Disneyland Park,Adventureland,Indiana Jones and the Temple of Peril Single Rider,0,True
2026-07-01,09:33,Disneyland Park,Adventureland,Indiana Jones™ and the Temple of Peril,5,True
2026-07-01,09:33,Disneyland Park,Adventureland,La Cabane des Robinson,5,True
2026-07-01,09:33,Disneyland Park,Adventureland,Le Passage Enchanté d'Aladdin,0,True
2026-07-01,09:33,Disneyland Park,Adventureland,Pirate Galleon,0,False
2026-07-01,09:33,Disneyland Park,Adventureland,Pirates of the Caribbean,0,False
2026-07-01,09:33,Disneyland Park,Adventureland,Pirates' Beach,0,True
2026-07-01,09:33,Disneyland Park,Discoveryland,"Autopia, presented by Avis",40,True
2026-07-01,09:33,Disneyland Park,Discoveryland,Buzz Lightyear Laser Blast,5,True
2026-07-01,09:33,Disneyland Park,Discoveryland,Disneyland Railroad Discoveryland Station,0,False
2026-07-01,09:33,Disneyland Park,Discoveryland,Les Mystères du Nautilus,5,True
2026-07-01,09:33,Disneyland Park,Discoveryland,Mickey’s PhilharMagic,0,False
2026-07-01,09:33,Disneyland Park,Discoveryland,Orbitron®,10,True
2026-07-01,09:33,Disneyland Park,Discoveryland,Star Tours: The Adventures Continue*,0,True
2026-07-01,09:33,Disneyland Park,Discoveryland,Star Wars Hyperspace Mountain,10,True
2026-07-01,09:33,Disneyland Park,Discoveryland,Star Wars Hyperspace Mountain Single Rider,0,True
2026-07-01,09:33,Disneyland Park,Discoveryland,Welcome to Starport: A Star Wars Encounter,0,False
2026-07-01,09:33,Disneyland Park,Fantasyland,"""it's a small world""",0,False
2026-07-01,09:33,Disneyland Park,Fantasyland,Alice's Curious Labyrinth,0,False
2026-07-01,09:33,Disneyland Park,Fantasyland,Blanche-Neige et les Sept Nains®,0,False
2026-07-01,09:33,Disneyland Park,Fantasyland,Casey Jr. – le Petit Train du Cirque,5,True
2026-07-01,09:33,Disneyland Park,Fantasyland,Disneyland Railroad Fantasyland Station,0,False
2026-07-01,09:33,Disneyland Park,Fantasyland,Disneyland Railroad Main Street Station,0,False
2026-07-01,09:33,Disneyland Park,Fantasyland,Dumbo the Flying Elephant,10,True
2026-07-01,09:33,Disneyland Park,Fantasyland,La Tanière du Dragon,0,True
2026-07-01,09:33,Disneyland Park,Fantasyland,Le Carrousel de Lancelot,5,True
2026-07-01,09:33,Disneyland Park,Fantasyland,"Le Pays des Contes de Fées, presented by Vittel",5,True
2026-07-01,09:33,Disneyland Park,Fantasyland,Les Voyages de Pinocchio,5,True
2026-07-01,09:33,Disneyland Park,Fantasyland,Mad Hatter's Tea Cups,5,True
2026-07-01,09:33,Disneyland Park,Fantasyland,Meet Mickey Mouse,0,False
2026-07-01,09:33,Disneyland Park,Fantasyland,Peter Pan's Flight,60,True
2026-07-01,09:33,Disneyland Park,Fantasyland,Princess Pavilion,0,False
2026-07-01,09:33,Disneyland Park,Frontierland,Big Thunder Mountain,25,True
2026-07-01,09:33,Disneyland Park,Frontierland,Disneyland Railroad Frontierland Depot,0,False
2026-07-01,09:33,Disneyland Park,Frontierland,Frontierland Playground,0,False
2026-07-01,09:33,Disneyland Park,Frontierland,Phantom Manor,0,False
2026-07-01,09:33,Disneyland Park,Frontierland,River Rogue Keelboats,0,False
2026-07-01,09:33,Disneyland Park,Frontierland,Rustler Roundup Shootin' Gallery,0,True
2026-07-01,09:33,Disneyland Park,Frontierland,Thunder Mesa Riverboat Landing,0,False
2026-07-01,09:33,Disneyland Park,Main Street U.S.A,Disneyland Railroad Main Street Station,0,False
2026-07-01,09:33,Disneyland Park,Main Street U.S.A,Main Street Vehicles,5,True
2026-07-01,09:33,Disney Adventure World,Marvel Avengers Campus,Avengers Assemble: Flight Force,5,True
2026-07-01,09:33,Disney Adventure World,Marvel Avengers Campus,Avengers Assemble: Flight Force Single Rider,5,True
2026-07-01,09:33,Disney Adventure World,Marvel Avengers Campus,Spider-Man W.E.B. Adventure,30,True
2026-07-01,09:33,Disney Adventure World,Marvel Avengers Campus,Spider-Man W.E.B. Adventure Single Rider,5,True
2026-07-01,09:33,Disney Adventure World,Production Courtyard,The Twilight Zone Tower of Terror,25,True
2026-07-01,09:33,Disney Adventure World,Toon Studio,Cars Quatre Roues Rallye,5,True
2026-07-01,09:33,Disney Adventure World,Toon Studio,Cars ROAD TRIP,0,False
2026-07-01,09:33,Disney Adventure World,Toon Studio,Crush's Coaster,80,True
2026-07-01,09:33,Disney Adventure World,Toon Studio,Crush's Coaster Single Rider,55,True
2026-07-01,09:33,Disney Adventure World,Toon Studio,Les Tapis Volants - Flying Carpets Over Agrabah®,5,True
2026-07-01,09:33,Disney Adventure World,Toon Studio,Ratatouille : L’Aventure Totalement Toquée de Rémy​,30,True
2026-07-01,09:33,Disney Adventure World,Toon Studio,Ratatouille: The Adventure Single Rider,5,True
2026-07-01,09:33,Disney Adventure World,Toon Studio,RC Racer,5,True
2026-07-01,09:33,Disney Adventure World,Toon Studio,RC Racer Single Rider,5,True
2026-07-01,09:33,Disney Adventure World,Toon Studio,Slinky® Dog Zigzag Spin,10,True
2026-07-01,09:33,Disney Adventure World,Toon Studio,Toy Soldiers Parachute Drop,30,True
2026-07-01,09:33,Disney Adventure World,Toon Studio,Toy Soldiers Parachute Drop Single Rider,5,True
2026-07-01,09:33,Disney Adventure World,World of Frozen,Entry to World of Frozen,0,True
2026-07-01,09:33,Disney Adventure World,World of Frozen,Frozen Ever After,45,True
2026-07-01,09:33,Disney Adventure World,World of Frozen,Raiponce Tangled Spin,5,True
2026-07-01,09:38,Disneyland Park,Adventureland,Adventure Isle,0,True
2026-07-01,09:38,Disneyland Park,Adventureland,Indiana Jones and the Temple of Peril Single Rider,0,True
2026-07-01,09:38,Disneyland Park,Adventureland,Indiana Jones™ and the Temple of Peril,5,True
2026-07-01,09:38,Disneyland Park,Adventureland,La Cabane des Robinson,5,True
2026-07-01,09:38,Disneyland Park,Adventureland,Le Passage Enchanté d'Aladdin,0,True
2026-07-01,09:38,Disneyland Park,Adventureland,Pirate Galleon,0,False
2026-07-01,09:38,Disneyland Park,Adventureland,Pirates of the Caribbean,0,False
2026-07-01,09:38,Disneyland Park,Adventureland,Pirates' Beach,0,True
2026-07-01,09:38,Disneyland Park,Discoveryland,"Autopia, presented by Avis",40,True
2026-07-01,09:38,Disneyland Park,Discoveryland,Buzz Lightyear Laser Blast,5,True
2026-07-01,09:38,Disneyland Park,Discoveryland,Disneyland Railroad Discoveryland Station,0,False
2026-07-01,09:38,Disneyland Park,Discoveryland,Les Mystères du Nautilus,5,True
2026-07-01,09:38,Disneyland Park,Discoveryland,Mickey’s PhilharMagic,0,False
2026-07-01,09:38,Disneyland Park,Discoveryland,Orbitron®,30,True
2026-07-01,09:38,Disneyland Park,Discoveryland,Star Tours: The Adventures Continue*,5,True
2026-07-01,09:38,Disneyland Park,Discoveryland,Star Wars Hyperspace Mountain,20,True
2026-07-01,09:38,Disneyland Park,Discoveryland,Star Wars Hyperspace Mountain Single Rider,0,True
2026-07-01,09:38,Disneyland Park,Discoveryland,Welcome to Starport: A Star Wars Encounter,0,False
2026-07-01,09:38,Disneyland Park,Fantasyland,"""it's a small world""",5,True
2026-07-01,09:38,Disneyland Park,Fantasyland,Alice's Curious Labyrinth,0,False
2026-07-01,09:38,Disneyland Park,Fantasyland,Blanche-Neige et les Sept Nains®,0,False
2026-07-01,09:38,Disneyland Park,Fantasyland,Casey Jr. – le Petit Train du Cirque,5,True
2026-07-01,09:38,Disneyland Park,Fantasyland,Disneyland Railroad Fantasyland Station,0,False
2026-07-01,09:38,Disneyland Park,Fantasyland,Disneyland Railroad Main Street Station,0,False
2026-07-01,09:38,Disneyland Park,Fantasyland,Dumbo the Flying Elephant,10,True
2026-07-01,09:38,Disneyland Park,Fantasyland,La Tanière du Dragon,0,True
2026-07-01,09:38,Disneyland Park,Fantasyland,Le Carrousel de Lancelot,5,True
2026-07-01,09:38,Disneyland Park,Fantasyland,"Le Pays des Contes de Fées, presented by Vittel",5,True
2026-07-01,09:38,Disneyland Park,Fantasyland,Les Voyages de Pinocchio,5,True
2026-07-01,09:38,Disneyland Park,Fantasyland,Mad Hatter's Tea Cups,5,True
2026-07-01,09:38,Disneyland Park,Fantasyland,Meet Mickey Mouse,0,False
2026-07-01,09:38,Disneyland Park,Fantasyland,Peter Pan's Flight,60,True
2026-07-01,09:38,Disneyland Park,Fantasyland,Princess Pavilion,0,False
2026-07-01,09:38,Disneyland Park,Frontierland,Big Thunder Mountain,35,True
2026-07-01,09:38,Disneyland Park,Frontierland,Disneyland Railroad Frontierland Depot,0,False
2026-07-01,09:38,Disneyland Park,Frontierland,Frontierland Playground,0,True
2026-07-01,09:38,Disneyland Park,Frontierland,Phantom Manor,5,True
2026-07-01,09:38,Disneyland Park,Frontierland,River Rogue Keelboats,0,False
2026-07-01,09:38,Disneyland Park,Frontierland,Rustler Roundup Shootin' Gallery,0,True
2026-07-01,09:38,Disneyland Park,Frontierland,Thunder Mesa Riverboat Landing,0,False
2026-07-01,09:38,Disneyland Park,Main Street U.S.A,Disneyland Railroad Main Street Station,0,False
2026-07-01,09:38,Disneyland Park,Main Street U.S.A,Main Street Vehicles,5,True
2026-07-01,09:38,Disney Adventure World,Marvel Avengers Campus,Avengers Assemble: Flight Force,5,True
2026-07-01,09:38,Disney Adventure World,Marvel Avengers Campus,Avengers Assemble: Flight Force Single Rider,5,True
2026-07-01,09:38,Disney Adventure World,Marvel Avengers Campus,Spider-Man W.E.B. Adventure,30,True
2026-07-01,09:38,Disney Adventure World,Marvel Avengers Campus,Spider-Man W.E.B. Adventure Single Rider,5,True
2026-07-01,09:38,Disney Adventure World,Production Courtyard,The Twilight Zone Tower of Terror,30,True
2026-07-01,09:38,Disney Adventure World,Toon Studio,Cars Quatre Roues Rallye,5,True
2026-07-01,09:38,Disney Adventure World,Toon Studio,Cars ROAD TRIP,5,True
2026-07-01,09:38,Disney Adventure World,Toon Studio,Crush's Coaster,85,True
2026-07-01,09:38,Disney Adventure World,Toon Studio,Crush's Coaster Single Rider,40,True
2026-07-01,09:38,Disney Adventure World,Toon Studio,Les Tapis Volants - Flying Carpets Over Agrabah®,5,True
2026-07-01,09:38,Disney Adventure World,Toon Studio,Ratatouille : L’Aventure Totalement Toquée de Rémy​,30,True
2026-07-01,09:38,Disney Adventure World,Toon Studio,Ratatouille: The Adventure Single Rider,5,True
2026-07-01,09:38,Disney Adventure World,Toon Studio,RC Racer,15,True
2026-07-01,09:38,Disney Adventure World,Toon Studio,RC Racer Single Rider,5,True
2026-07-01,09:38,Disney Adventure World,Toon Studio,Slinky® Dog Zigzag Spin,10,True
2026-07-01,09:38,Disney Adventure World,Toon Studio,Toy Soldiers Parachute Drop,30,True
2026-07-01,09:38,Disney Adventure World,Toon Studio,Toy Soldiers Parachute Drop Single Rider,5,True
2026-07-01,09:38,Disney Adventure World,World of Frozen,Entry to World of Frozen,0,True
2026-07-01,09:38,Disney Adventure World,World of Frozen,Frozen Ever After,45,True
2026-07-01,09:38,Disney Adventure World,World of Frozen,Raiponce Tangled Spin,5,True
2026-07-01,09:43,Disneyland Park,Adventureland,Adventure Isle,0,True
2026-07-01,09:43,Disneyland Park,Adventureland,Indiana Jones and the Temple of Peril Single Rider,0,True
2026-07-01,09:43,Disneyland Park,Adventureland,Indiana Jones™ and the Temple of Peril,5,True
2026-07-01,09:43,Disneyland Park,Adventureland,La Cabane des Robinson,5,True
2026-07-01,09:43,Disneyland Park,Adventureland,Le Passage Enchanté d'Aladdin,0,True
2026-07-01,09:43,Disneyland Park,Adventureland,Pirate Galleon,0,False
2026-07-01,09:43,Disneyland Park,Adventureland,Pirates of the Caribbean,0,False
2026-07-01,09:43,Disneyland Park,Adventureland,Pirates' Beach,0,True
2026-07-01,09:43,Disneyland Park,Discoveryland,"Autopia, presented by Avis",40,True
2026-07-01,09:43,Disneyland Park,Discoveryland,Buzz Lightyear Laser Blast,5,True
2026-07-01,09:43,Disneyland Park,Discoveryland,Disneyland Railroad Discoveryland Station,0,False
2026-07-01,09:43,Disneyland Park,Discoveryland,Les Mystères du Nautilus,5,True
2026-07-01,09:43,Disneyland Park,Discoveryland,Mickey’s PhilharMagic,0,False
2026-07-01,09:43,Disneyland Park,Discoveryland,Orbitron®,40,True
2026-07-01,09:43,Disneyland Park,Discoveryland,Star Tours: The Adventures Continue*,5,True
2026-07-01,09:43,Disneyland Park,Discoveryland,Star Wars Hyperspace Mountain,25,True
2026-07-01,09:43,Disneyland Park,Discoveryland,Star Wars Hyperspace Mountain Single Rider,0,True
2026-07-01,09:43,Disneyland Park,Discoveryland,Welcome to Starport: A Star Wars Encounter,0,False
2026-07-01,09:43,Disneyland Park,Fantasyland,"""it's a small world""",5,True
2026-07-01,09:43,Disneyland Park,Fantasyland,Alice's Curious Labyrinth,0,False
2026-07-01,09:43,Disneyland Park,Fantasyland,Blanche-Neige et les Sept Nains®,0,False
2026-07-01,09:43,Disneyland Park,Fantasyland,Casey Jr. – le Petit Train du Cirque,5,True
2026-07-01,09:43,Disneyland Park,Fantasyland,Disneyland Railroad Fantasyland Station,0,False
2026-07-01,09:43,Disneyland Park,Fantasyland,Disneyland Railroad Main Street Station,0,False
2026-07-01,09:43,Disneyland Park,Fantasyland,Dumbo the Flying Elephant,10,True
2026-07-01,09:43,Disneyland Park,Fantasyland,La Tanière du Dragon,0,True
2026-07-01,09:43,Disneyland Park,Fantasyland,Le Carrousel de Lancelot,5,True
2026-07-01,09:43,Disneyland Park,Fantasyland,"Le Pays des Contes de Fées, presented by Vittel",5,True
2026-07-01,09:43,Disneyland Park,Fantasyland,Les Voyages de Pinocchio,5,True
2026-07-01,09:43,Disneyland Park,Fantasyland,Mad Hatter's Tea Cups,5,True
2026-07-01,09:43,Disneyland Park,Fantasyland,Meet Mickey Mouse,0,False
2026-07-01,09:43,Disneyland Park,Fantasyland,Peter Pan's Flight,60,True
2026-07-01,09:43,Disneyland Park,Fantasyland,Princess Pavilion,0,False
2026-07-01,09:43,Disneyland Park,Frontierland,Big Thunder Mountain,40,True
2026-07-01,09:43,Disneyland Park,Frontierland,Disneyland Railroad Frontierland Depot,0,False
2026-07-01,09:43,Disneyland Park,Frontierland,Frontierland Playground,0,True
2026-07-01,09:43,Disneyland Park,Frontierland,Phantom Manor,5,True
2026-07-01,09:43,Disneyland Park,Frontierland,River Rogue Keelboats,0,False
2026-07-01,09:43,Disneyland Park,Frontierland,Rustler Roundup Shootin' Gallery,0,True
2026-07-01,09:43,Disneyland Park,Frontierland,Thunder Mesa Riverboat Landing,0,False
2026-07-01,09:43,Disneyland Park,Main Street U.S.A,Disneyland Railroad Main Street Station,0,False
2026-07-01,09:43,Disneyland Park,Main Street U.S.A,Main Street Vehicles,5,True
2026-07-01,09:43,Disney Adventure World,Marvel Avengers Campus,Avengers Assemble: Flight Force,5,True
2026-07-01,09:43,Disney Adventure World,Marvel Avengers Campus,Avengers Assemble: Flight Force Single Rider,5,True
2026-07-01,09:43,Disney Adventure World,Marvel Avengers Campus,Spider-Man W.E.B. Adventure,30,True
2026-07-01,09:43,Disney Adventure World,Marvel Avengers Campus,Spider-Man W.E.B. Adventure Single Rider,5,True
2026-07-01,09:43,Disney Adventure World,Production Courtyard,The Twilight Zone Tower of Terror,35,True
2026-07-01,09:43,Disney Adventure World,Toon Studio,Cars Quatre Roues Rallye,5,True
2026-07-01,09:43,Disney Adventure World,Toon Studio,Cars ROAD TRIP,5,True
2026-07-01,09:43,Disney Adventure World,Toon Studio,Crush's Coaster,90,True
2026-07-01,09:43,Disney Adventure World,Toon Studio,Crush's Coaster Single Rider,35,True
2026-07-01,09:43,Disney Adventure World,Toon Studio,Les Tapis Volants - Flying Carpets Over Agrabah®,5,True
2026-07-01,09:43,Disney Adventure World,Toon Studio,Ratatouille : L’Aventure Totalement Toquée de Rémy​,45,True
2026-07-01,09:43,Disney Adventure World,Toon Studio,Ratatouille: The Adventure Single Rider,5,True
2026-07-01,09:43,Disney Adventure World,Toon Studio,RC Racer,15,True
2026-07-01,09:43,Disney Adventure World,Toon Studio,RC Racer Single Rider,5,True
2026-07-01,09:43,Disney Adventure World,Toon Studio,Slinky® Dog Zigzag Spin,10,True
2026-07-01,09:43,Disney Adventure World,Toon Studio,Toy Soldiers Parachute Drop,30,True
2026-07-01,09:43,Disney Adventure World,Toon Studio,Toy Soldiers Parachute Drop Single Rider,5,True
2026-07-01,09:43,Disney Adventure World,World of Frozen,Entry to World of Frozen,0,True
2026-07-01,09:43,Disney Adventure World,World of Frozen,Frozen Ever After,55,True
2026-07-01,09:43,Disney Adventure World,World of Frozen,Raiponce Tangled Spin,5,True
2026-07-01,09:48,Disneyland Park,Adventureland,Adventure Isle,0,True
2026-07-01,09:48,Disneyland Park,Adventureland,Indiana Jones and the Temple of Peril Single Rider,0,True
2026-07-01,09:48,Disneyland Park,Adventureland,Indiana Jones™ and the Temple of Peril,5,True
2026-07-01,09:48,Disneyland Park,Adventureland,La Cabane des Robinson,5,True
2026-07-01,09:48,Disneyland Park,Adventureland,Le Passage Enchanté d'Aladdin,0,True
2026-07-01,09:48,Disneyland Park,Adventureland,Pirate Galleon,0,False
2026-07-01,09:48,Disneyland Park,Adventureland,Pirates of the Caribbean,0,False
2026-07-01,09:48,Disneyland Park,Adventureland,Pirates' Beach,0,True
2026-07-01,09:48,Disneyland Park,Discoveryland,"Autopia, presented by Avis",40,True
2026-07-01,09:48,Disneyland Park,Discoveryland,Buzz Lightyear Laser Blast,5,True
2026-07-01,09:48,Disneyland Park,Discoveryland,Disneyland Railroad Discoveryland Station,0,False
2026-07-01,09:48,Disneyland Park,Discoveryland,Les Mystères du Nautilus,5,True
2026-07-01,09:48,Disneyland Park,Discoveryland,Mickey’s PhilharMagic,0,False
2026-07-01,09:48,Disneyland Park,Discoveryland,Orbitron®,35,True
2026-07-01,09:48,Disneyland Park,Discoveryland,Star Tours: The Adventures Continue*,5,True
2026-07-01,09:48,Disneyland Park,Discoveryland,Star Wars Hyperspace Mountain,40,True
2026-07-01,09:48,Disneyland Park,Discoveryland,Star Wars Hyperspace Mountain Single Rider,0,True
2026-07-01,09:48,Disneyland Park,Discoveryland,Welcome to Starport: A Star Wars Encounter,0,False
2026-07-01,09:48,Disneyland Park,Fantasyland,"""it's a small world""",5,True
2026-07-01,09:48,Disneyland Park,Fantasyland,Alice's Curious Labyrinth,0,False
2026-07-01,09:48,Disneyland Park,Fantasyland,Blanche-Neige et les Sept Nains®,0,False
2026-07-01,09:48,Disneyland Park,Fantasyland,Casey Jr. – le Petit Train du Cirque,5,True
2026-07-01,09:48,Disneyland Park,Fantasyland,Disneyland Railroad Fantasyland Station,0,False
2026-07-01,09:48,Disneyland Park,Fantasyland,Disneyland Railroad Main Street Station,0,False
2026-07-01,09:48,Disneyland Park,Fantasyland,Dumbo the Flying Elephant,25,True
2026-07-01,09:48,Disneyland Park,Fantasyland,La Tanière du Dragon,0,True
2026-07-01,09:48,Disneyland Park,Fantasyland,Le Carrousel de Lancelot,5,True
2026-07-01,09:48,Disneyland Park,Fantasyland,"Le Pays des Contes de Fées, presented by Vittel",5,True
2026-07-01,09:48,Disneyland Park,Fantasyland,Les Voyages de Pinocchio,5,True
2026-07-01,09:48,Disneyland Park,Fantasyland,Mad Hatter's Tea Cups,5,True
2026-07-01,09:48,Disneyland Park,Fantasyland,Meet Mickey Mouse,0,False
2026-07-01,09:48,Disneyland Park,Fantasyland,Peter Pan's Flight,60,True
2026-07-01,09:48,Disneyland Park,Fantasyland,Princess Pavilion,0,False
2026-07-01,09:48,Disneyland Park,Frontierland,Big Thunder Mountain,40,True
2026-07-01,09:48,Disneyland Park,Frontierland,Disneyland Railroad Frontierland Depot,0,False
2026-07-01,09:48,Disneyland Park,Frontierland,Frontierland Playground,0,True
2026-07-01,09:48,Disneyland Park,Frontierland,Phantom Manor,5,True
2026-07-01,09:48,Disneyland Park,Frontierland,River Rogue Keelboats,0,False
2026-07-01,09:48,Disneyland Park,Frontierland,Rustler Roundup Shootin' Gallery,0,True
2026-07-01,09:48,Disneyland Park,Frontierland,Thunder Mesa Riverboat Landing,0,False
2026-07-01,09:48,Disneyland Park,Main Street U.S.A,Disneyland Railroad Main Street Station,0,False
2026-07-01,09:48,Disneyland Park,Main Street U.S.A,Main Street Vehicles,5,True
2026-07-01,09:48,Disney Adventure World,Marvel Avengers Campus,Avengers Assemble: Flight Force,15,True
2026-07-01,09:48,Disney Adventure World,Marvel Avengers Campus,Avengers Assemble: Flight Force Single Rider,5,True
2026-07-01,09:48,Disney Adventure World,Marvel Avengers Campus,Spider-Man W.E.B. Adventure,30,True
2026-07-01,09:48,Disney Adventure World,Marvel Avengers Campus,Spider-Man W.E.B. Adventure Single Rider,5,True
2026-07-01,09:48,Disney Adventure World,Production Courtyard,The Twilight Zone Tower of Terror,60,True
2026-07-01,09:48,Disney Adventure World,Toon Studio,Cars Quatre Roues Rallye,5,True
2026-07-01,09:48,Disney Adventure World,Toon Studio,Cars ROAD TRIP,5,True
2026-07-01,09:48,Disney Adventure World,Toon Studio,Crush's Coaster,95,True
2026-07-01,09:48,Disney Adventure World,Toon Studio,Crush's Coaster Single Rider,45,True
2026-07-01,09:48,Disney Adventure World,Toon Studio,Les Tapis Volants - Flying Carpets Over Agrabah®,5,True
2026-07-01,09:48,Disney Adventure World,Toon Studio,Ratatouille : L’Aventure Totalement Toquée de Rémy​,45,True
2026-07-01,09:48,Disney Adventure World,Toon Studio,Ratatouille: The Adventure Single Rider,5,True
2026-07-01,09:48,Disney Adventure World,Toon Studio,RC Racer,30,True
2026-07-01,09:48,Disney Adventure World,Toon Studio,RC Racer Single Rider,20,True
2026-07-01,09:48,Disney Adventure World,Toon Studio,Slinky® Dog Zigzag Spin,5,True
2026-07-01,09:48,Disney Adventure World,Toon Studio,Toy Soldiers Parachute Drop,30,True
2026-07-01,09:48,Disney Adventure World,Toon Studio,Toy Soldiers Parachute Drop Single Rider,5,True
2026-07-01,09:48,Disney Adventure World,World of Frozen,Entry to World of Frozen,0,True
2026-07-01,09:48,Disney Adventure World,World of Frozen,Frozen Ever After,55,True
2026-07-01,09:48,Disney Adventure World,World of Frozen,Raiponce Tangled Spin,5,True
2026-07-01,09:53,Disneyland Park,Adventureland,Adventure Isle,0,True
2026-07-01,09:53,Disneyland Park,Adventureland,Indiana Jones and the Temple of Peril Single Rider,0,True
2026-07-01,09:53,Disneyland Park,Adventureland,Indiana Jones™ and the Temple of Peril,5,True
2026-07-01,09:53,Disneyland Park,Adventureland,La Cabane des Robinson,5,True
2026-07-01,09:53,Disneyland Park,Adventureland,Le Passage Enchanté d'Aladdin,0,True
2026-07-01,09:53,Disneyland Park,Adventureland,Pirate Galleon,0,False
2026-07-01,09:53,Disneyland Park,Adventureland,Pirates of the Caribbean,0,False
2026-07-01,09:53,Disneyland Park,Adventureland,Pirates' Beach,0,True
2026-07-01,09:53,Disneyland Park,Discoveryland,"Autopia, presented by Avis",40,True
2026-07-01,09:53,Disneyland Park,Discoveryland,Buzz Lightyear Laser Blast,20,True
2026-07-01,09:53,Disneyland Park,Discoveryland,Disneyland Railroad Discoveryland Station,0,False
2026-07-01,09:53,Disneyland Park,Discoveryland,Les Mystères du Nautilus,5,True
2026-07-01,09:53,Disneyland Park,Discoveryland,Mickey’s PhilharMagic,0,False
2026-07-01,09:53,Disneyland Park,Discoveryland,Orbitron®,40,True
2026-07-01,09:53,Disneyland Park,Discoveryland,Star Tours: The Adventures Continue*,5,True
2026-07-01,09:53,Disneyland Park,Discoveryland,Star Wars Hyperspace Mountain,30,True
2026-07-01,09:53,Disneyland Park,Discoveryland,Star Wars Hyperspace Mountain Single Rider,15,True
2026-07-01,09:53,Disneyland Park,Discoveryland,Welcome to Starport: A Star Wars Encounter,0,False
2026-07-01,09:53,Disneyland Park,Fantasyland,"""it's a small world""",5,True
2026-07-01,09:53,Disneyland Park,Fantasyland,Alice's Curious Labyrinth,0,False
2026-07-01,09:53,Disneyland Park,Fantasyland,Blanche-Neige et les Sept Nains®,0,False
2026-07-01,09:53,Disneyland Park,Fantasyland,Casey Jr. – le Petit Train du Cirque,5,True
2026-07-01,09:53,Disneyland Park,Fantasyland,Disneyland Railroad Fantasyland Station,0,False
2026-07-01,09:53,Disneyland Park,Fantasyland,Disneyland Railroad Main Street Station,0,False
2026-07-01,09:53,Disneyland Park,Fantasyland,Dumbo the Flying Elephant,20,True
2026-07-01,09:53,Disneyland Park,Fantasyland,La Tanière du Dragon,0,True
2026-07-01,09:53,Disneyland Park,Fantasyland,Le Carrousel de Lancelot,5,True
2026-07-01,09:53,Disneyland Park,Fantasyland,"Le Pays des Contes de Fées, presented by Vittel",5,True
2026-07-01,09:53,Disneyland Park,Fantasyland,Les Voyages de Pinocchio,5,True
2026-07-01,09:53,Disneyland Park,Fantasyland,Mad Hatter's Tea Cups,5,True
2026-07-01,09:53,Disneyland Park,Fantasyland,Meet Mickey Mouse,0,False
2026-07-01,09:53,Disneyland Park,Fantasyland,Peter Pan's Flight,60,True
2026-07-01,09:53,Disneyland Park,Fantasyland,Princess Pavilion,0,False
2026-07-01,09:53,Disneyland Park,Frontierland,Big Thunder Mountain,40,True
2026-07-01,09:53,Disneyland Park,Frontierland,Disneyland Railroad Frontierland Depot,0,False
2026-07-01,09:53,Disneyland Park,Frontierland,Frontierland Playground,0,True
2026-07-01,09:53,Disneyland Park,Frontierland,Phantom Manor,5,True
2026-07-01,09:53,Disneyland Park,Frontierland,River Rogue Keelboats,0,False
2026-07-01,09:53,Disneyland Park,Frontierland,Rustler Roundup Shootin' Gallery,0,True
2026-07-01,09:53,Disneyland Park,Frontierland,Thunder Mesa Riverboat Landing,0,False
2026-07-01,09:53,Disneyland Park,Main Street U.S.A,Disneyland Railroad Main Street Station,0,False
2026-07-01,09:53,Disneyland Park,Main Street U.S.A,Main Street Vehicles,5,True
2026-07-01,09:53,Disney Adventure World,Marvel Avengers Campus,Avengers Assemble: Flight Force,10,True
2026-07-01,09:53,Disney Adventure World,Marvel Avengers Campus,Avengers Assemble: Flight Force Single Rider,5,True
2026-07-01,09:53,Disney Adventure World,Marvel Avengers Campus,Spider-Man W.E.B. Adventure,30,True
2026-07-01,09:53,Disney Adventure World,Marvel Avengers Campus,Spider-Man W.E.B. Adventure Single Rider,5,True
2026-07-01,09:53,Disney Adventure World,Production Courtyard,The Twilight Zone Tower of Terror,75,True
2026-07-01,09:53,Disney Adventure World,Toon Studio,Cars Quatre Roues Rallye,5,True
2026-07-01,09:53,Disney Adventure World,Toon Studio,Cars ROAD TRIP,10,True
2026-07-01,09:53,Disney Adventure World,Toon Studio,Crush's Coaster,90,True
2026-07-01,09:53,Disney Adventure World,Toon Studio,Crush's Coaster Single Rider,45,True
2026-07-01,09:53,Disney Adventure World,Toon Studio,Les Tapis Volants - Flying Carpets Over Agrabah®,5,True
2026-07-01,09:53,Disney Adventure World,Toon Studio,Ratatouille : L’Aventure Totalement Toquée de Rémy​,35,True
2026-07-01,09:53,Disney Adventure World,Toon Studio,Ratatouille: The Adventure Single Rider,5,True
2026-07-01,09:53,Disney Adventure World,Toon Studio,RC Racer,30,True
2026-07-01,09:53,Disney Adventure World,Toon Studio,RC Racer Single Rider,25,True
2026-07-01,09:53,Disney Adventure World,Toon Studio,Slinky® Dog Zigzag Spin,5,True
2026-07-01,09:53,Disney Adventure World,Toon Studio,Toy Soldiers Parachute Drop,45,True
2026-07-01,09:53,Disney Adventure World,Toon Studio,Toy Soldiers Parachute Drop Single Rider,5,True
2026-07-01,09:53,Disney Adventure World,World of Frozen,Entry to World of Frozen,0,True
2026-07-01,09:53,Disney Adventure World,World of Frozen,Frozen Ever After,75,True
2026-07-01,09:53,Disney Adventure World,World of Frozen,Raiponce Tangled Spin,5,True
2026-07-01,09:59,Disneyland Park,Adventureland,Adventure Isle,0,True
2026-07-01,09:59,Disneyland Park,Adventureland,Indiana Jones and the Temple of Peril Single Rider,0,True
2026-07-01,09:59,Disneyland Park,Adventureland,Indiana Jones™ and the Temple of Peril,5,True
2026-07-01,09:59,Disneyland Park,Adventureland,La Cabane des Robinson,5,True
2026-07-01,09:59,Disneyland Park,Adventureland,Le Passage Enchanté d'Aladdin,0,True
2026-07-01,09:59,Disneyland Park,Adventureland,Pirate Galleon,0,False
2026-07-01,09:59,Disneyland Park,Adventureland,Pirates of the Caribbean,0,False
2026-07-01,09:59,Disneyland Park,Adventureland,Pirates' Beach,0,True
2026-07-01,09:59,Disneyland Park,Discoveryland,"Autopia, presented by Avis",40,True
2026-07-01,09:59,Disneyland Park,Discoveryland,Buzz Lightyear Laser Blast,20,True
2026-07-01,09:59,Disneyland Park,Discoveryland,Disneyland Railroad Discoveryland Station,0,False
2026-07-01,09:59,Disneyland Park,Discoveryland,Les Mystères du Nautilus,5,True
2026-07-01,09:59,Disneyland Park,Discoveryland,Mickey’s PhilharMagic,0,False
2026-07-01,09:59,Disneyland Park,Discoveryland,Orbitron®,40,True
2026-07-01,09:59,Disneyland Park,Discoveryland,Star Tours: The Adventures Continue*,5,True
2026-07-01,09:59,Disneyland Park,Discoveryland,Star Wars Hyperspace Mountain,30,True
2026-07-01,09:59,Disneyland Park,Discoveryland,Star Wars Hyperspace Mountain Single Rider,5,True
2026-07-01,09:59,Disneyland Park,Discoveryland,Welcome to Starport: A Star Wars Encounter,0,False
2026-07-01,09:59,Disneyland Park,Fantasyland,"""it's a small world""",5,True
2026-07-01,09:59,Disneyland Park,Fantasyland,Alice's Curious Labyrinth,0,False
2026-07-01,09:59,Disneyland Park,Fantasyland,Blanche-Neige et les Sept Nains®,0,False
2026-07-01,09:59,Disneyland Park,Fantasyland,Casey Jr. – le Petit Train du Cirque,5,True
2026-07-01,09:59,Disneyland Park,Fantasyland,Disneyland Railroad Fantasyland Station,0,False
2026-07-01,09:59,Disneyland Park,Fantasyland,Disneyland Railroad Main Street Station,0,False
2026-07-01,09:59,Disneyland Park,Fantasyland,Dumbo the Flying Elephant,20,True
2026-07-01,09:59,Disneyland Park,Fantasyland,La Tanière du Dragon,0,True
2026-07-01,09:59,Disneyland Park,Fantasyland,Le Carrousel de Lancelot,5,True
2026-07-01,09:59,Disneyland Park,Fantasyland,"Le Pays des Contes de Fées, presented by Vittel",5,True
2026-07-01,09:59,Disneyland Park,Fantasyland,Les Voyages de Pinocchio,5,True
2026-07-01,09:59,Disneyland Park,Fantasyland,Mad Hatter's Tea Cups,5,True
2026-07-01,09:59,Disneyland Park,Fantasyland,Meet Mickey Mouse,0,False
2026-07-01,09:59,Disneyland Park,Fantasyland,Peter Pan's Flight,60,True
2026-07-01,09:59,Disneyland Park,Fantasyland,Princess Pavilion,0,False
2026-07-01,09:59,Disneyland Park,Frontierland,Big Thunder Mountain,40,True
2026-07-01,09:59,Disneyland Park,Frontierland,Disneyland Railroad Frontierland Depot,0,False
2026-07-01,09:59,Disneyland Park,Frontierland,Frontierland Playground,0,True
2026-07-01,09:59,Disneyland Park,Frontierland,Phantom Manor,5,True
2026-07-01,09:59,Disneyland Park,Frontierland,River Rogue Keelboats,0,False
2026-07-01,09:59,Disneyland Park,Frontierland,Rustler Roundup Shootin' Gallery,0,True
2026-07-01,09:59,Disneyland Park,Frontierland,Thunder Mesa Riverboat Landing,0,False
2026-07-01,09:59,Disneyland Park,Main Street U.S.A,Disneyland Railroad Main Street Station,0,False
2026-07-01,09:59,Disneyland Park,Main Street U.S.A,Main Street Vehicles,5,True
2026-07-01,09:59,Disney Adventure World,Marvel Avengers Campus,Avengers Assemble: Flight Force,10,True
2026-07-01,09:59,Disney Adventure World,Marvel Avengers Campus,Avengers Assemble: Flight Force Single Rider,5,True
2026-07-01,09:59,Disney Adventure World,Marvel Avengers Campus,Spider-Man W.E.B. Adventure,30,True
2026-07-01,09:59,Disney Adventure World,Marvel Avengers Campus,Spider-Man W.E.B. Adventure Single Rider,5,True
2026-07-01,09:59,Disney Adventure World,Production Courtyard,The Twilight Zone Tower of Terror,80,True
2026-07-01,09:59,Disney Adventure World,Toon Studio,Cars Quatre Roues Rallye,5,True
2026-07-01,09:59,Disney Adventure World,Toon Studio,Cars ROAD TRIP,10,True
2026-07-01,09:59,Disney Adventure World,Toon Studio,Crush's Coaster,85,True
2026-07-01,09:59,Disney Adventure World,Toon Studio,Crush's Coaster Single Rider,60,True
2026-07-01,09:59,Disney Adventure World,Toon Studio,Les Tapis Volants - Flying Carpets Over Agrabah®,5,True
2026-07-01,09:59,Disney Adventure World,Toon Studio,Ratatouille : L’Aventure Totalement Toquée de Rémy​,35,True
2026-07-01,09:59,Disney Adventure World,Toon Studio,Ratatouille: The Adventure Single Rider,5,True
2026-07-01,09:59,Disney Adventure World,Toon Studio,RC Racer,30,True
2026-07-01,09:59,Disney Adventure World,Toon Studio,RC Racer Single Rider,25,True
2026-07-01,09:59,Disney Adventure World,Toon Studio,Slinky® Dog Zigzag Spin,5,True
2026-07-01,09:59,Disney Adventure World,Toon Studio,Toy Soldiers Parachute Drop,45,True
2026-07-01,09:59,Disney Adventure World,Toon Studio,Toy Soldiers Parachute Drop Single Rider,5,True
2026-07-01,09:59,Disney Adventure World,World of Frozen,Entry to World of Frozen,0,True
2026-07-01,09:59,Disney Adventure World,World of Frozen,Frozen Ever After,95,True
2026-07-01,09:59,Disney Adventure World,World of Frozen,Raiponce Tangled Spin,5,True
2026-07-01,10:04,Disneyland Park,Adventureland,Adventure Isle,0,True
2026-07-01,10:04,Disneyland Park,Adventureland,Indiana Jones and the Temple of Peril Single Rider,0,True
2026-07-01,10:04,Disneyland Park,Adventureland,Indiana Jones™ and the Temple of Peril,10,True
2026-07-01,10:04,Disneyland Park,Adventureland,La Cabane des Robinson,5,True
2026-07-01,10:04,Disneyland Park,Adventureland,Le Passage Enchanté d'Aladdin,0,True
2026-07-01,10:04,Disneyland Park,Adventureland,Pirate Galleon,0,False
2026-07-01,10:04,Disneyland Park,Adventureland,Pirates of the Caribbean,0,False
2026-07-01,10:04,Disneyland Park,Adventureland,Pirates' Beach,0,True
2026-07-01,10:04,Disneyland Park,Discoveryland,"Autopia, presented by Avis",40,True
2026-07-01,10:04,Disneyland Park,Discoveryland,Buzz Lightyear Laser Blast,25,True
2026-07-01,10:04,Disneyland Park,Discoveryland,Disneyland Railroad Discoveryland Station,0,False
2026-07-01,10:04,Disneyland Park,Discoveryland,Les Mystères du Nautilus,5,True
2026-07-01,10:04,Disneyland Park,Discoveryland,Mickey’s PhilharMagic,0,False
2026-07-01,10:04,Disneyland Park,Discoveryland,Orbitron®,40,True
2026-07-01,10:04,Disneyland Park,Discoveryland,Star Tours: The Adventures Continue*,5,True
2026-07-01,10:04,Disneyland Park,Discoveryland,Star Wars Hyperspace Mountain,25,True
2026-07-01,10:04,Disneyland Park,Discoveryland,Star Wars Hyperspace Mountain Single Rider,10,True
2026-07-01,10:04,Disneyland Park,Discoveryland,Welcome to Starport: A Star Wars Encounter,0,False
2026-07-01,10:04,Disneyland Park,Fantasyland,"""it's a small world""",5,True
2026-07-01,10:04,Disneyland Park,Fantasyland,Alice's Curious Labyrinth,0,False
2026-07-01,10:04,Disneyland Park,Fantasyland,Blanche-Neige et les Sept Nains®,0,False
2026-07-01,10:04,Disneyland Park,Fantasyland,Casey Jr. – le Petit Train du Cirque,5,True
2026-07-01,10:04,Disneyland Park,Fantasyland,Disneyland Railroad Fantasyland Station,0,False
2026-07-01,10:04,Disneyland Park,Fantasyland,Disneyland Railroad Main Street Station,0,False
2026-07-01,10:04,Disneyland Park,Fantasyland,Dumbo the Flying Elephant,20,True
2026-07-01,10:04,Disneyland Park,Fantasyland,La Tanière du Dragon,0,True
2026-07-01,10:04,Disneyland Park,Fantasyland,Le Carrousel de Lancelot,5,True
2026-07-01,10:04,Disneyland Park,Fantasyland,"Le Pays des Contes de Fées, presented by Vittel",5,True
2026-07-01,10:04,Disneyland Park,Fantasyland,Les Voyages de Pinocchio,5,True
2026-07-01,10:04,Disneyland Park,Fantasyland,Mad Hatter's Tea Cups,5,True
2026-07-01,10:04,Disneyland Park,Fantasyland,Meet Mickey Mouse,0,False
2026-07-01,10:04,Disneyland Park,Fantasyland,Peter Pan's Flight,60,True
2026-07-01,10:04,Disneyland Park,Fantasyland,Princess Pavilion,0,False
2026-07-01,10:04,Disneyland Park,Frontierland,Big Thunder Mountain,45,True
2026-07-01,10:04,Disneyland Park,Frontierland,Disneyland Railroad Frontierland Depot,0,False
2026-07-01,10:04,Disneyland Park,Frontierland,Frontierland Playground,0,True
2026-07-01,10:04,Disneyland Park,Frontierland,Phantom Manor,5,True
2026-07-01,10:04,Disneyland Park,Frontierland,River Rogue Keelboats,0,False
2026-07-01,10:04,Disneyland Park,Frontierland,Rustler Roundup Shootin' Gallery,0,True
2026-07-01,10:04,Disneyland Park,Frontierland,Thunder Mesa Riverboat Landing,0,False
2026-07-01,10:04,Disneyland Park,Main Street U.S.A,Disneyland Railroad Main Street Station,0,False
2026-07-01,10:04,Disneyland Park,Main Street U.S.A,Main Street Vehicles,5,True
2026-07-01,10:04,Disney Adventure World,Marvel Avengers Campus,Avengers Assemble: Flight Force,15,True
2026-07-01,10:04,Disney Adventure World,Marvel Avengers Campus,Avengers Assemble: Flight Force Single Rider,5,True
2026-07-01,10:04,Disney Adventure World,Marvel Avengers Campus,Spider-Man W.E.B. Adventure,30,True
2026-07-01,10:04,Disney Adventure World,Marvel Avengers Campus,Spider-Man W.E.B. Adventure Single Rider,5,True
2026-07-01,10:04,Disney Adventure World,Production Courtyard,The Twilight Zone Tower of Terror,90,True
2026-07-01,10:04,Disney Adventure World,Toon Studio,Cars Quatre Roues Rallye,10,True
2026-07-01,10:04,Disney Adventure World,Toon Studio,Cars ROAD TRIP,10,True
2026-07-01,10:04,Disney Adventure World,Toon Studio,Crush's Coaster,85,True
2026-07-01,10:04,Disney Adventure World,Toon Studio,Crush's Coaster Single Rider,65,True
2026-07-01,10:04,Disney Adventure World,Toon Studio,Les Tapis Volants - Flying Carpets Over Agrabah®,5,True
2026-07-01,10:04,Disney Adventure World,Toon Studio,Ratatouille : L’Aventure Totalement Toquée de Rémy​,35,True
2026-07-01,10:04,Disney Adventure World,Toon Studio,Ratatouille: The Adventure Single Rider,5,True
2026-07-01,10:04,Disney Adventure World,Toon Studio,RC Racer,30,True
2026-07-01,10:04,Disney Adventure World,Toon Studio,RC Racer Single Rider,25,True
2026-07-01,10:04,Disney Adventure World,Toon Studio,Slinky® Dog Zigzag Spin,10,True
2026-07-01,10:04,Disney Adventure World,Toon Studio,Toy Soldiers Parachute Drop,50,True
2026-07-01,10:04,Disney Adventure World,Toon Studio,Toy Soldiers Parachute Drop Single Rider,5,True
2026-07-01,10:04,Disney Adventure World,World of Frozen,Entry to World of Frozen,0,True
2026-07-01,10:04,Disney Adventure World,World of Frozen,Frozen Ever After,95,True
2026-07-01,10:04,Disney Adventure World,World of Frozen,Raiponce Tangled Spin,5,True
2026-07-01,10:09,Disneyland Park,Adventureland,Adventure Isle,0,True
2026-07-01,10:09,Disneyland Park,Adventureland,Indiana Jones and the Temple of Peril Single Rider,5,True
2026-07-01,10:09,Disneyland Park,Adventureland,Indiana Jones™ and the Temple of Peril,10,True
2026-07-01,10:09,Disneyland Park,Adventureland,La Cabane des Robinson,5,True
2026-07-01,10:09,Disneyland Park,Adventureland,Le Passage Enchanté d'Aladdin,0,True
2026-07-01,10:09,Disneyland Park,Adventureland,Pirate Galleon,0,False
2026-07-01,10:09,Disneyland Park,Adventureland,Pirates of the Caribbean,0,False
2026-07-01,10:09,Disneyland Park,Adventureland,Pirates' Beach,0,True
2026-07-01,10:09,Disneyland Park,Discoveryland,"Autopia, presented by Avis",40,True
2026-07-01,10:09,Disneyland Park,Discoveryland,Buzz Lightyear Laser Blast,30,True
2026-07-01,10:09,Disneyland Park,Discoveryland,Disneyland Railroad Discoveryland Station,0,False
2026-07-01,10:09,Disneyland Park,Discoveryland,Les Mystères du Nautilus,5,True
2026-07-01,10:09,Disneyland Park,Discoveryland,Mickey’s PhilharMagic,0,False
2026-07-01,10:09,Disneyland Park,Discoveryland,Orbitron®,40,True
2026-07-01,10:09,Disneyland Park,Discoveryland,Star Tours: The Adventures Continue*,5,True
2026-07-01,10:09,Disneyland Park,Discoveryland,Star Wars Hyperspace Mountain,25,True
2026-07-01,10:09,Disneyland Park,Discoveryland,Star Wars Hyperspace Mountain Single Rider,10,True
2026-07-01,10:09,Disneyland Park,Discoveryland,Welcome to Starport: A Star Wars Encounter,0,True
2026-07-01,10:09,Disneyland Park,Fantasyland,"""it's a small world""",5,True
2026-07-01,10:09,Disneyland Park,Fantasyland,Alice's Curious Labyrinth,0,False
2026-07-01,10:09,Disneyland Park,Fantasyland,Blanche-Neige et les Sept Nains®,0,False
2026-07-01,10:09,Disneyland Park,Fantasyland,Casey Jr. – le Petit Train du Cirque,5,True
2026-07-01,10:09,Disneyland Park,Fantasyland,Disneyland Railroad Fantasyland Station,0,False
2026-07-01,10:09,Disneyland Park,Fantasyland,Disneyland Railroad Main Street Station,0,False
2026-07-01,10:09,Disneyland Park,Fantasyland,Dumbo the Flying Elephant,20,True
2026-07-01,10:09,Disneyland Park,Fantasyland,La Tanière du Dragon,0,True
2026-07-01,10:09,Disneyland Park,Fantasyland,Le Carrousel de Lancelot,5,True
2026-07-01,10:09,Disneyland Park,Fantasyland,"Le Pays des Contes de Fées, presented by Vittel",5,True
2026-07-01,10:09,Disneyland Park,Fantasyland,Les Voyages de Pinocchio,5,True
2026-07-01,10:09,Disneyland Park,Fantasyland,Mad Hatter's Tea Cups,5,True
2026-07-01,10:09,Disneyland Park,Fantasyland,Meet Mickey Mouse,0,True
2026-07-01,10:09,Disneyland Park,Fantasyland,Peter Pan's Flight,60,True
2026-07-01,10:09,Disneyland Park,Fantasyland,Princess Pavilion,0,True
2026-07-01,10:09,Disneyland Park,Frontierland,Big Thunder Mountain,45,True
2026-07-01,10:09,Disneyland Park,Frontierland,Disneyland Railroad Frontierland Depot,0,False
2026-07-01,10:09,Disneyland Park,Frontierland,Frontierland Playground,0,True
2026-07-01,10:09,Disneyland Park,Frontierland,Phantom Manor,5,True
2026-07-01,10:09,Disneyland Park,Frontierland,River Rogue Keelboats,0,False
2026-07-01,10:09,Disneyland Park,Frontierland,Rustler Roundup Shootin' Gallery,0,True
2026-07-01,10:09,Disneyland Park,Frontierland,Thunder Mesa Riverboat Landing,0,False
2026-07-01,10:09,Disneyland Park,Main Street U.S.A,Disneyland Railroad Main Street Station,0,False
2026-07-01,10:09,Disneyland Park,Main Street U.S.A,Main Street Vehicles,5,True
2026-07-01,10:09,Disney Adventure World,Marvel Avengers Campus,Avengers Assemble: Flight Force,15,True
2026-07-01,10:09,Disney Adventure World,Marvel Avengers Campus,Avengers Assemble: Flight Force Single Rider,5,True
2026-07-01,10:09,Disney Adventure World,Marvel Avengers Campus,Spider-Man W.E.B. Adventure,30,True
2026-07-01,10:09,Disney Adventure World,Marvel Avengers Campus,Spider-Man W.E.B. Adventure Single Rider,5,True
2026-07-01,10:09,Disney Adventure World,Production Courtyard,The Twilight Zone Tower of Terror,85,True
2026-07-01,10:09,Disney Adventure World,Toon Studio,Cars Quatre Roues Rallye,10,True
2026-07-01,10:09,Disney Adventure World,Toon Studio,Cars ROAD TRIP,20,True
2026-07-01,10:09,Disney Adventure World,Toon Studio,Crush's Coaster,85,True
2026-07-01,10:09,Disney Adventure World,Toon Studio,Crush's Coaster Single Rider,65,True
2026-07-01,10:09,Disney Adventure World,Toon Studio,Les Tapis Volants - Flying Carpets Over Agrabah®,5,True
2026-07-01,10:09,Disney Adventure World,Toon Studio,Ratatouille : L’Aventure Totalement Toquée de Rémy​,35,True
2026-07-01,10:09,Disney Adventure World,Toon Studio,Ratatouille: The Adventure Single Rider,5,True
2026-07-01,10:09,Disney Adventure World,Toon Studio,RC Racer,30,True
2026-07-01,10:09,Disney Adventure World,Toon Studio,RC Racer Single Rider,25,True
2026-07-01,10:09,Disney Adventure World,Toon Studio,Slinky® Dog Zigzag Spin,10,True
2026-07-01,10:09,Disney Adventure World,Toon Studio,Toy Soldiers Parachute Drop,50,True
2026-07-01,10:09,Disney Adventure World,Toon Studio,Toy Soldiers Parachute Drop Single Rider,5,True
2026-07-01,10:09,Disney Adventure World,World of Frozen,Entry to World of Frozen,0,True
2026-07-01,10:09,Disney Adventure World,World of Frozen,Frozen Ever After,75,True
2026-07-01,10:09,Disney Adventure World,World of Frozen,Raiponce Tangled Spin,5,True
2026-07-01,10:14,Disneyland Park,Adventureland,Adventure Isle,0,True
2026-07-01,10:14,Disneyland Park,Adventureland,Indiana Jones and the Temple of Peril Single Rider,5,True
2026-07-01,10:14,Disneyland Park,Adventureland,Indiana Jones™ and the Temple of Peril,10,True
2026-07-01,10:14,Disneyland Park,Adventureland,La Cabane des Robinson,5,True
2026-07-01,10:14,Disneyland Park,Adventureland,Le Passage Enchanté d'Aladdin,0,True
2026-07-01,10:14,Disneyland Park,Adventureland,Pirate Galleon,0,False
2026-07-01,10:14,Disneyland Park,Adventureland,Pirates of the Caribbean,0,False
2026-07-01,10:14,Disneyland Park,Adventureland,Pirates' Beach,0,True
2026-07-01,10:14,Disneyland Park,Discoveryland,"Autopia, presented by Avis",40,True
2026-07-01,10:14,Disneyland Park,Discoveryland,Buzz Lightyear Laser Blast,30,True
2026-07-01,10:14,Disneyland Park,Discoveryland,Disneyland Railroad Discoveryland Station,0,False
2026-07-01,10:14,Disneyland Park,Discoveryland,Les Mystères du Nautilus,5,True
2026-07-01,10:14,Disneyland Park,Discoveryland,Mickey’s PhilharMagic,0,False
2026-07-01,10:14,Disneyland Park,Discoveryland,Orbitron®,40,True
2026-07-01,10:14,Disneyland Park,Discoveryland,Star Tours: The Adventures Continue*,5,True
2026-07-01,10:14,Disneyland Park,Discoveryland,Star Wars Hyperspace Mountain,25,True
2026-07-01,10:14,Disneyland Park,Discoveryland,Star Wars Hyperspace Mountain Single Rider,10,True
2026-07-01,10:14,Disneyland Park,Discoveryland,Welcome to Starport: A Star Wars Encounter,0,True
2026-07-01,10:14,Disneyland Park,Fantasyland,"""it's a small world""",5,True
2026-07-01,10:14,Disneyland Park,Fantasyland,Alice's Curious Labyrinth,0,False
2026-07-01,10:14,Disneyland Park,Fantasyland,Blanche-Neige et les Sept Nains®,0,False
2026-07-01,10:14,Disneyland Park,Fantasyland,Casey Jr. – le Petit Train du Cirque,5,True
2026-07-01,10:14,Disneyland Park,Fantasyland,Disneyland Railroad Fantasyland Station,0,False
2026-07-01,10:14,Disneyland Park,Fantasyland,Disneyland Railroad Main Street Station,0,False
2026-07-01,10:14,Disneyland Park,Fantasyland,Dumbo the Flying Elephant,20,True
2026-07-01,10:14,Disneyland Park,Fantasyland,La Tanière du Dragon,0,True
2026-07-01,10:14,Disneyland Park,Fantasyland,Le Carrousel de Lancelot,5,True
2026-07-01,10:14,Disneyland Park,Fantasyland,"Le Pays des Contes de Fées, presented by Vittel",5,True
2026-07-01,10:14,Disneyland Park,Fantasyland,Les Voyages de Pinocchio,5,True
2026-07-01,10:14,Disneyland Park,Fantasyland,Mad Hatter's Tea Cups,5,True
2026-07-01,10:14,Disneyland Park,Fantasyland,Meet Mickey Mouse,0,True
2026-07-01,10:14,Disneyland Park,Fantasyland,Peter Pan's Flight,60,True
2026-07-01,10:14,Disneyland Park,Fantasyland,Princess Pavilion,0,True
2026-07-01,10:14,Disneyland Park,Frontierland,Big Thunder Mountain,50,True
2026-07-01,10:14,Disneyland Park,Frontierland,Disneyland Railroad Frontierland Depot,0,False
2026-07-01,10:14,Disneyland Park,Frontierland,Frontierland Playground,0,True
2026-07-01,10:14,Disneyland Park,Frontierland,Phantom Manor,5,True
2026-07-01,10:14,Disneyland Park,Frontierland,River Rogue Keelboats,0,False
2026-07-01,10:14,Disneyland Park,Frontierland,Rustler Roundup Shootin' Gallery,0,True
2026-07-01,10:14,Disneyland Park,Frontierland,Thunder Mesa Riverboat Landing,20,True
2026-07-01,10:14,Disneyland Park,Main Street U.S.A,Disneyland Railroad Main Street Station,0,False
2026-07-01,10:14,Disneyland Park,Main Street U.S.A,Main Street Vehicles,5,True
2026-07-01,10:14,Disney Adventure World,Marvel Avengers Campus,Avengers Assemble: Flight Force,35,True
2026-07-01,10:14,Disney Adventure World,Marvel Avengers Campus,Avengers Assemble: Flight Force Single Rider,5,True
2026-07-01,10:14,Disney Adventure World,Marvel Avengers Campus,Spider-Man W.E.B. Adventure,30,True
2026-07-01,10:14,Disney Adventure World,Marvel Avengers Campus,Spider-Man W.E.B. Adventure Single Rider,5,True
2026-07-01,10:14,Disney Adventure World,Production Courtyard,The Twilight Zone Tower of Terror,90,True
2026-07-01,10:14,Disney Adventure World,Toon Studio,Cars Quatre Roues Rallye,10,True
2026-07-01,10:14,Disney Adventure World,Toon Studio,Cars ROAD TRIP,20,True
2026-07-01,10:14,Disney Adventure World,Toon Studio,Crush's Coaster,85,True
2026-07-01,10:14,Disney Adventure World,Toon Studio,Crush's Coaster Single Rider,50,True
2026-07-01,10:14,Disney Adventure World,Toon Studio,Les Tapis Volants - Flying Carpets Over Agrabah®,5,True
2026-07-01,10:14,Disney Adventure World,Toon Studio,Ratatouille : L’Aventure Totalement Toquée de Rémy​,60,True
2026-07-01,10:14,Disney Adventure World,Toon Studio,Ratatouille: The Adventure Single Rider,5,True
2026-07-01,10:14,Disney Adventure World,Toon Studio,RC Racer,30,True
2026-07-01,10:14,Disney Adventure World,Toon Studio,RC Racer Single Rider,25,True
2026-07-01,10:14,Disney Adventure World,Toon Studio,Slinky® Dog Zigzag Spin,10,True
2026-07-01,10:14,Disney Adventure World,Toon Studio,Toy Soldiers Parachute Drop,50,True
2026-07-01,10:14,Disney Adventure World,Toon Studio,Toy Soldiers Parachute Drop Single Rider,5,True
2026-07-01,10:14,Disney Adventure World,World of Frozen,Entry to World of Frozen,0,True
2026-07-01,10:14,Disney Adventure World,World of Frozen,Frozen Ever After,75,True
2026-07-01,10:14,Disney Adventure World,World of Frozen,Raiponce Tangled Spin,5,True
2026-07-01,10:19,Disneyland Park,Adventureland,Adventure Isle,0,True
2026-07-01,10:19,Disneyland Park,Adventureland,Indiana Jones and the Temple of Peril Single Rider,5,True
2026-07-01,10:19,Disneyland Park,Adventureland,Indiana Jones™ and the Temple of Peril,10,True
2026-07-01,10:19,Disneyland Park,Adventureland,La Cabane des Robinson,5,True
2026-07-01,10:19,Disneyland Park,Adventureland,Le Passage Enchanté d'Aladdin,0,True
2026-07-01,10:19,Disneyland Park,Adventureland,Pirate Galleon,0,False
2026-07-01,10:19,Disneyland Park,Adventureland,Pirates of the Caribbean,0,False
2026-07-01,10:19,Disneyland Park,Adventureland,Pirates' Beach,0,True
2026-07-01,10:19,Disneyland Park,Discoveryland,"Autopia, presented by Avis",30,True
2026-07-01,10:19,Disneyland Park,Discoveryland,Buzz Lightyear Laser Blast,40,True
2026-07-01,10:19,Disneyland Park,Discoveryland,Disneyland Railroad Discoveryland Station,0,False
2026-07-01,10:19,Disneyland Park,Discoveryland,Les Mystères du Nautilus,5,True
2026-07-01,10:19,Disneyland Park,Discoveryland,Mickey’s PhilharMagic,0,False
2026-07-01,10:19,Disneyland Park,Discoveryland,Orbitron®,40,True
2026-07-01,10:19,Disneyland Park,Discoveryland,Star Tours: The Adventures Continue*,5,True
2026-07-01,10:19,Disneyland Park,Discoveryland,Star Wars Hyperspace Mountain,25,True
2026-07-01,10:19,Disneyland Park,Discoveryland,Star Wars Hyperspace Mountain Single Rider,15,True
2026-07-01,10:19,Disneyland Park,Discoveryland,Welcome to Starport: A Star Wars Encounter,0,True
2026-07-01,10:19,Disneyland Park,Fantasyland,"""it's a small world""",5,True
2026-07-01,10:19,Disneyland Park,Fantasyland,Alice's Curious Labyrinth,0,False
2026-07-01,10:19,Disneyland Park,Fantasyland,Blanche-Neige et les Sept Nains®,0,False
2026-07-01,10:19,Disneyland Park,Fantasyland,Casey Jr. – le Petit Train du Cirque,5,True
2026-07-01,10:19,Disneyland Park,Fantasyland,Disneyland Railroad Fantasyland Station,0,False
2026-07-01,10:19,Disneyland Park,Fantasyland,Disneyland Railroad Main Street Station,0,False
2026-07-01,10:19,Disneyland Park,Fantasyland,Dumbo the Flying Elephant,20,True
2026-07-01,10:19,Disneyland Park,Fantasyland,La Tanière du Dragon,0,True
2026-07-01,10:19,Disneyland Park,Fantasyland,Le Carrousel de Lancelot,5,True
2026-07-01,10:19,Disneyland Park,Fantasyland,"Le Pays des Contes de Fées, presented by Vittel",5,True
2026-07-01,10:19,Disneyland Park,Fantasyland,Les Voyages de Pinocchio,5,True
2026-07-01,10:19,Disneyland Park,Fantasyland,Mad Hatter's Tea Cups,5,True
2026-07-01,10:19,Disneyland Park,Fantasyland,Meet Mickey Mouse,0,True
2026-07-01,10:19,Disneyland Park,Fantasyland,Peter Pan's Flight,60,True
2026-07-01,10:19,Disneyland Park,Fantasyland,Princess Pavilion,0,True
2026-07-01,10:19,Disneyland Park,Frontierland,Big Thunder Mountain,50,True
2026-07-01,10:19,Disneyland Park,Frontierland,Disneyland Railroad Frontierland Depot,0,False
2026-07-01,10:19,Disneyland Park,Frontierland,Frontierland Playground,0,True
2026-07-01,10:19,Disneyland Park,Frontierland,Phantom Manor,10,True
2026-07-01,10:19,Disneyland Park,Frontierland,River Rogue Keelboats,0,False
2026-07-01,10:19,Disneyland Park,Frontierland,Rustler Roundup Shootin' Gallery,0,True
2026-07-01,10:19,Disneyland Park,Frontierland,Thunder Mesa Riverboat Landing,20,True
2026-07-01,10:19,Disneyland Park,Main Street U.S.A,Disneyland Railroad Main Street Station,0,False
2026-07-01,10:19,Disneyland Park,Main Street U.S.A,Main Street Vehicles,5,True
2026-07-01,10:19,Disney Adventure World,Marvel Avengers Campus,Avengers Assemble: Flight Force,35,True
2026-07-01,10:19,Disney Adventure World,Marvel Avengers Campus,Avengers Assemble: Flight Force Single Rider,5,True
2026-07-01,10:19,Disney Adventure World,Marvel Avengers Campus,Spider-Man W.E.B. Adventure,30,True
2026-07-01,10:19,Disney Adventure World,Marvel Avengers Campus,Spider-Man W.E.B. Adventure Single Rider,5,True
2026-07-01,10:19,Disney Adventure World,Production Courtyard,The Twilight Zone Tower of Terror,45,True
2026-07-01,10:19,Disney Adventure World,Toon Studio,Cars Quatre Roues Rallye,10,True
2026-07-01,10:19,Disney Adventure World,Toon Studio,Cars ROAD TRIP,20,True
2026-07-01,10:19,Disney Adventure World,Toon Studio,Crush's Coaster,85,True
2026-07-01,10:19,Disney Adventure World,Toon Studio,Crush's Coaster Single Rider,60,True
2026-07-01,10:19,Disney Adventure World,Toon Studio,Les Tapis Volants - Flying Carpets Over Agrabah®,5,True
2026-07-01,10:19,Disney Adventure World,Toon Studio,Ratatouille : L’Aventure Totalement Toquée de Rémy​,60,True
2026-07-01,10:19,Disney Adventure World,Toon Studio,Ratatouille: The Adventure Single Rider,15,True
2026-07-01,10:19,Disney Adventure World,Toon Studio,RC Racer,35,True
2026-07-01,10:19,Disney Adventure World,Toon Studio,RC Racer Single Rider,10,True
2026-07-01,10:19,Disney Adventure World,Toon Studio,Slinky® Dog Zigzag Spin,10,True
2026-07-01,10:19,Disney Adventure World,Toon Studio,Toy Soldiers Parachute Drop,50,True
2026-07-01,10:19,Disney Adventure World,Toon Studio,Toy Soldiers Parachute Drop Single Rider,5,True
2026-07-01,10:19,Disney Adventure World,World of Frozen,Entry to World of Frozen,0,True
2026-07-01,10:19,Disney Adventure World,World of Frozen,Frozen Ever After,75,True
2026-07-01,10:19,Disney Adventure World,World of Frozen,Raiponce Tangled Spin,5,True
2026-07-01,10:24,Disneyland Park,Adventureland,Adventure Isle,0,True
2026-07-01,10:24,Disneyland Park,Adventureland,Indiana Jones and the Temple of Peril Single Rider,5,True
2026-07-01,10:24,Disneyland Park,Adventureland,Indiana Jones™ and the Temple of Peril,15,True
2026-07-01,10:24,Disneyland Park,Adventureland,La Cabane des Robinson,5,True
2026-07-01,10:24,Disneyland Park,Adventureland,Le Passage Enchanté d'Aladdin,0,True
2026-07-01,10:24,Disneyland Park,Adventureland,Pirate Galleon,0,False
2026-07-01,10:24,Disneyland Park,Adventureland,Pirates of the Caribbean,0,False
2026-07-01,10:24,Disneyland Park,Adventureland,Pirates' Beach,0,True
2026-07-01,10:24,Disneyland Park,Discoveryland,"Autopia, presented by Avis",35,True
2026-07-01,10:24,Disneyland Park,Discoveryland,Buzz Lightyear Laser Blast,40,True
2026-07-01,10:24,Disneyland Park,Discoveryland,Disneyland Railroad Discoveryland Station,0,False
2026-07-01,10:24,Disneyland Park,Discoveryland,Les Mystères du Nautilus,5,True
2026-07-01,10:24,Disneyland Park,Discoveryland,Mickey’s PhilharMagic,0,False
2026-07-01,10:24,Disneyland Park,Discoveryland,Orbitron®,45,True
2026-07-01,10:24,Disneyland Park,Discoveryland,Star Tours: The Adventures Continue*,5,True
2026-07-01,10:24,Disneyland Park,Discoveryland,Star Wars Hyperspace Mountain,30,True
2026-07-01,10:24,Disneyland Park,Discoveryland,Star Wars Hyperspace Mountain Single Rider,20,True
2026-07-01,10:24,Disneyland Park,Discoveryland,Welcome to Starport: A Star Wars Encounter,0,True
2026-07-01,10:24,Disneyland Park,Fantasyland,"""it's a small world""",5,True
2026-07-01,10:24,Disneyland Park,Fantasyland,Alice's Curious Labyrinth,0,False
2026-07-01,10:24,Disneyland Park,Fantasyland,Blanche-Neige et les Sept Nains®,0,False
2026-07-01,10:24,Disneyland Park,Fantasyland,Casey Jr. – le Petit Train du Cirque,5,True
2026-07-01,10:24,Disneyland Park,Fantasyland,Disneyland Railroad Fantasyland Station,0,False
2026-07-01,10:24,Disneyland Park,Fantasyland,Disneyland Railroad Main Street Station,0,False
2026-07-01,10:24,Disneyland Park,Fantasyland,Dumbo the Flying Elephant,20,True
2026-07-01,10:24,Disneyland Park,Fantasyland,La Tanière du Dragon,0,True
2026-07-01,10:24,Disneyland Park,Fantasyland,Le Carrousel de Lancelot,5,True
2026-07-01,10:24,Disneyland Park,Fantasyland,"Le Pays des Contes de Fées, presented by Vittel",5,True
2026-07-01,10:24,Disneyland Park,Fantasyland,Les Voyages de Pinocchio,10,True
2026-07-01,10:24,Disneyland Park,Fantasyland,Mad Hatter's Tea Cups,5,True
2026-07-01,10:24,Disneyland Park,Fantasyland,Meet Mickey Mouse,0,True
2026-07-01,10:24,Disneyland Park,Fantasyland,Peter Pan's Flight,65,True
2026-07-01,10:24,Disneyland Park,Fantasyland,Princess Pavilion,0,True
2026-07-01,10:24,Disneyland Park,Frontierland,Big Thunder Mountain,50,True
2026-07-01,10:24,Disneyland Park,Frontierland,Disneyland Railroad Frontierland Depot,0,False
2026-07-01,10:24,Disneyland Park,Frontierland,Frontierland Playground,0,True
2026-07-01,10:24,Disneyland Park,Frontierland,Phantom Manor,5,True
2026-07-01,10:24,Disneyland Park,Frontierland,River Rogue Keelboats,0,False
2026-07-01,10:24,Disneyland Park,Frontierland,Rustler Roundup Shootin' Gallery,0,True
2026-07-01,10:24,Disneyland Park,Frontierland,Thunder Mesa Riverboat Landing,20,True
2026-07-01,10:24,Disneyland Park,Main Street U.S.A,Disneyland Railroad Main Street Station,0,False
2026-07-01,10:24,Disneyland Park,Main Street U.S.A,Main Street Vehicles,5,True
2026-07-01,10:24,Disney Adventure World,Marvel Avengers Campus,Avengers Assemble: Flight Force,35,True
2026-07-01,10:24,Disney Adventure World,Marvel Avengers Campus,Avengers Assemble: Flight Force Single Rider,10,True
2026-07-01,10:24,Disney Adventure World,Marvel Avengers Campus,Spider-Man W.E.B. Adventure,30,True
2026-07-01,10:24,Disney Adventure World,Marvel Avengers Campus,Spider-Man W.E.B. Adventure Single Rider,5,True
2026-07-01,10:24,Disney Adventure World,Production Courtyard,The Twilight Zone Tower of Terror,45,True
2026-07-01,10:24,Disney Adventure World,Toon Studio,Cars Quatre Roues Rallye,15,True
2026-07-01,10:24,Disney Adventure World,Toon Studio,Cars ROAD TRIP,20,True
2026-07-01,10:24,Disney Adventure World,Toon Studio,Crush's Coaster,85,True
2026-07-01,10:24,Disney Adventure World,Toon Studio,Crush's Coaster Single Rider,60,True
2026-07-01,10:24,Disney Adventure World,Toon Studio,Les Tapis Volants - Flying Carpets Over Agrabah®,5,True
2026-07-01,10:24,Disney Adventure World,Toon Studio,Ratatouille : L’Aventure Totalement Toquée de Rémy​,60,True
2026-07-01,10:24,Disney Adventure World,Toon Studio,Ratatouille: The Adventure Single Rider,15,True
2026-07-01,10:24,Disney Adventure World,Toon Studio,RC Racer,35,True
2026-07-01,10:24,Disney Adventure World,Toon Studio,RC Racer Single Rider,10,True
2026-07-01,10:24,Disney Adventure World,Toon Studio,Slinky® Dog Zigzag Spin,10,True
2026-07-01,10:24,Disney Adventure World,Toon Studio,Toy Soldiers Parachute Drop,45,True
2026-07-01,10:24,Disney Adventure World,Toon Studio,Toy Soldiers Parachute Drop Single Rider,10,True
2026-07-01,10:24,Disney Adventure World,World of Frozen,Entry to World of Frozen,0,True
2026-07-01,10:24,Disney Adventure World,World of Frozen,Frozen Ever After,75,True
2026-07-01,10:24,Disney Adventure World,World of Frozen,Raiponce Tangled Spin,5,True
2026-07-01,10:29,Disneyland Park,Adventureland,Adventure Isle,0,True
2026-07-01,10:29,Disneyland Park,Adventureland,Indiana Jones and the Temple of Peril Single Rider,5,True
2026-07-01,10:29,Disneyland Park,Adventureland,Indiana Jones™ and the Temple of Peril,15,True
2026-07-01,10:29,Disneyland Park,Adventureland,La Cabane des Robinson,5,True
2026-07-01,10:29,Disneyland Park,Adventureland,Le Passage Enchanté d'Aladdin,0,True
2026-07-01,10:29,Disneyland Park,Adventureland,Pirate Galleon,0,False
2026-07-01,10:29,Disneyland Park,Adventureland,Pirates of the Caribbean,0,False
2026-07-01,10:29,Disneyland Park,Adventureland,Pirates' Beach,0,True
2026-07-01,10:29,Disneyland Park,Discoveryland,"Autopia, presented by Avis",30,True
2026-07-01,10:29,Disneyland Park,Discoveryland,Buzz Lightyear Laser Blast,40,True
2026-07-01,10:29,Disneyland Park,Discoveryland,Disneyland Railroad Discoveryland Station,0,False
2026-07-01,10:29,Disneyland Park,Discoveryland,Les Mystères du Nautilus,5,True
2026-07-01,10:29,Disneyland Park,Discoveryland,Mickey’s PhilharMagic,0,False
2026-07-01,10:29,Disneyland Park,Discoveryland,Orbitron®,45,True
2026-07-01,10:29,Disneyland Park,Discoveryland,Star Tours: The Adventures Continue*,5,True
2026-07-01,10:29,Disneyland Park,Discoveryland,Star Wars Hyperspace Mountain,30,True
2026-07-01,10:29,Disneyland Park,Discoveryland,Star Wars Hyperspace Mountain Single Rider,20,True
2026-07-01,10:29,Disneyland Park,Discoveryland,Welcome to Starport: A Star Wars Encounter,0,True
2026-07-01,10:29,Disneyland Park,Fantasyland,"""it's a small world""",5,True
2026-07-01,10:29,Disneyland Park,Fantasyland,Alice's Curious Labyrinth,0,False
2026-07-01,10:29,Disneyland Park,Fantasyland,Blanche-Neige et les Sept Nains®,0,False
2026-07-01,10:29,Disneyland Park,Fantasyland,Casey Jr. – le Petit Train du Cirque,5,True
2026-07-01,10:29,Disneyland Park,Fantasyland,Disneyland Railroad Fantasyland Station,0,False
2026-07-01,10:29,Disneyland Park,Fantasyland,Disneyland Railroad Main Street Station,0,False
2026-07-01,10:29,Disneyland Park,Fantasyland,Dumbo the Flying Elephant,20,True
2026-07-01,10:29,Disneyland Park,Fantasyland,La Tanière du Dragon,0,True
2026-07-01,10:29,Disneyland Park,Fantasyland,Le Carrousel de Lancelot,5,True
2026-07-01,10:29,Disneyland Park,Fantasyland,"Le Pays des Contes de Fées, presented by Vittel",5,True
2026-07-01,10:29,Disneyland Park,Fantasyland,Les Voyages de Pinocchio,10,True
2026-07-01,10:29,Disneyland Park,Fantasyland,Mad Hatter's Tea Cups,5,True
2026-07-01,10:29,Disneyland Park,Fantasyland,Meet Mickey Mouse,0,True
2026-07-01,10:29,Disneyland Park,Fantasyland,Peter Pan's Flight,65,True
2026-07-01,10:29,Disneyland Park,Fantasyland,Princess Pavilion,0,True
2026-07-01,10:29,Disneyland Park,Frontierland,Big Thunder Mountain,50,True
2026-07-01,10:29,Disneyland Park,Frontierland,Disneyland Railroad Frontierland Depot,0,False
2026-07-01,10:29,Disneyland Park,Frontierland,Frontierland Playground,0,True
2026-07-01,10:29,Disneyland Park,Frontierland,Phantom Manor,5,True
2026-07-01,10:29,Disneyland Park,Frontierland,River Rogue Keelboats,0,False
2026-07-01,10:29,Disneyland Park,Frontierland,Rustler Roundup Shootin' Gallery,0,True
2026-07-01,10:29,Disneyland Park,Frontierland,Thunder Mesa Riverboat Landing,20,True
2026-07-01,10:29,Disneyland Park,Main Street U.S.A,Disneyland Railroad Main Street Station,0,False
2026-07-01,10:29,Disneyland Park,Main Street U.S.A,Main Street Vehicles,5,True
2026-07-01,10:29,Disney Adventure World,Marvel Avengers Campus,Avengers Assemble: Flight Force,25,True
2026-07-01,10:29,Disney Adventure World,Marvel Avengers Campus,Avengers Assemble: Flight Force Single Rider,20,True
2026-07-01,10:29,Disney Adventure World,Marvel Avengers Campus,Spider-Man W.E.B. Adventure,30,True
2026-07-01,10:29,Disney Adventure World,Marvel Avengers Campus,Spider-Man W.E.B. Adventure Single Rider,5,True
2026-07-01,10:29,Disney Adventure World,Production Courtyard,The Twilight Zone Tower of Terror,45,True
2026-07-01,10:29,Disney Adventure World,Toon Studio,Cars Quatre Roues Rallye,15,True
2026-07-01,10:29,Disney Adventure World,Toon Studio,Cars ROAD TRIP,20,True
2026-07-01,10:29,Disney Adventure World,Toon Studio,Crush's Coaster,80,True
2026-07-01,10:29,Disney Adventure World,Toon Studio,Crush's Coaster Single Rider,45,True
2026-07-01,10:29,Disney Adventure World,Toon Studio,Les Tapis Volants - Flying Carpets Over Agrabah®,5,True
2026-07-01,10:29,Disney Adventure World,Toon Studio,Ratatouille : L’Aventure Totalement Toquée de Rémy​,50,True
2026-07-01,10:29,Disney Adventure World,Toon Studio,Ratatouille: The Adventure Single Rider,15,True
2026-07-01,10:29,Disney Adventure World,Toon Studio,RC Racer,35,True
2026-07-01,10:29,Disney Adventure World,Toon Studio,RC Racer Single Rider,25,True
2026-07-01,10:29,Disney Adventure World,Toon Studio,Slinky® Dog Zigzag Spin,10,True
2026-07-01,10:29,Disney Adventure World,Toon Studio,Toy Soldiers Parachute Drop,50,True
2026-07-01,10:29,Disney Adventure World,Toon Studio,Toy Soldiers Parachute Drop Single Rider,10,True
2026-07-01,10:29,Disney Adventure World,World of Frozen,Entry to World of Frozen,0,True
2026-07-01,10:29,Disney Adventure World,World of Frozen,Frozen Ever After,60,True
2026-07-01,10:29,Disney Adventure World,World of Frozen,Raiponce Tangled Spin,5,True
2026-07-01,10:34,Disneyland Park,Adventureland,Adventure Isle,0,True
2026-07-01,10:34,Disneyland Park,Adventureland,Indiana Jones and the Temple of Peril Single Rider,5,True
2026-07-01,10:34,Disneyland Park,Adventureland,Indiana Jones™ and the Temple of Peril,25,True
2026-07-01,10:34,Disneyland Park,Adventureland,La Cabane des Robinson,5,True
2026-07-01,10:34,Disneyland Park,Adventureland,Le Passage Enchanté d'Aladdin,0,True
2026-07-01,10:34,Disneyland Park,Adventureland,Pirate Galleon,0,False
2026-07-01,10:34,Disneyland Park,Adventureland,Pirates of the Caribbean,0,False
2026-07-01,10:34,Disneyland Park,Adventureland,Pirates' Beach,0,True
2026-07-01,10:34,Disneyland Park,Discoveryland,"Autopia, presented by Avis",30,True
2026-07-01,10:34,Disneyland Park,Discoveryland,Buzz Lightyear Laser Blast,40,True
2026-07-01,10:34,Disneyland Park,Discoveryland,Disneyland Railroad Discoveryland Station,0,False
2026-07-01,10:34,Disneyland Park,Discoveryland,Les Mystères du Nautilus,5,True
2026-07-01,10:34,Disneyland Park,Discoveryland,Mickey’s PhilharMagic,0,False
2026-07-01,10:34,Disneyland Park,Discoveryland,Orbitron®,40,True
2026-07-01,10:34,Disneyland Park,Discoveryland,Star Tours: The Adventures Continue*,5,True
2026-07-01,10:34,Disneyland Park,Discoveryland,Star Wars Hyperspace Mountain,30,True
2026-07-01,10:34,Disneyland Park,Discoveryland,Star Wars Hyperspace Mountain Single Rider,20,True
2026-07-01,10:34,Disneyland Park,Discoveryland,Welcome to Starport: A Star Wars Encounter,0,True
2026-07-01,10:34,Disneyland Park,Fantasyland,"""it's a small world""",5,True
2026-07-01,10:34,Disneyland Park,Fantasyland,Alice's Curious Labyrinth,0,False
2026-07-01,10:34,Disneyland Park,Fantasyland,Blanche-Neige et les Sept Nains®,0,False
2026-07-01,10:34,Disneyland Park,Fantasyland,Casey Jr. – le Petit Train du Cirque,5,True
2026-07-01,10:34,Disneyland Park,Fantasyland,Disneyland Railroad Fantasyland Station,0,False
2026-07-01,10:34,Disneyland Park,Fantasyland,Disneyland Railroad Main Street Station,0,False
2026-07-01,10:34,Disneyland Park,Fantasyland,Dumbo the Flying Elephant,20,True
2026-07-01,10:34,Disneyland Park,Fantasyland,La Tanière du Dragon,0,True
2026-07-01,10:34,Disneyland Park,Fantasyland,Le Carrousel de Lancelot,5,True
2026-07-01,10:34,Disneyland Park,Fantasyland,"Le Pays des Contes de Fées, presented by Vittel",5,True
2026-07-01,10:34,Disneyland Park,Fantasyland,Les Voyages de Pinocchio,10,True
2026-07-01,10:34,Disneyland Park,Fantasyland,Mad Hatter's Tea Cups,5,True
2026-07-01,10:34,Disneyland Park,Fantasyland,Meet Mickey Mouse,0,True
2026-07-01,10:34,Disneyland Park,Fantasyland,Peter Pan's Flight,65,True
2026-07-01,10:34,Disneyland Park,Fantasyland,Princess Pavilion,0,True
2026-07-01,10:34,Disneyland Park,Frontierland,Big Thunder Mountain,50,True
2026-07-01,10:34,Disneyland Park,Frontierland,Disneyland Railroad Frontierland Depot,0,False
2026-07-01,10:34,Disneyland Park,Frontierland,Frontierland Playground,0,True
2026-07-01,10:34,Disneyland Park,Frontierland,Phantom Manor,5,True
2026-07-01,10:34,Disneyland Park,Frontierland,River Rogue Keelboats,0,False
2026-07-01,10:34,Disneyland Park,Frontierland,Rustler Roundup Shootin' Gallery,0,True
2026-07-01,10:34,Disneyland Park,Frontierland,Thunder Mesa Riverboat Landing,20,True
2026-07-01,10:34,Disneyland Park,Main Street U.S.A,Disneyland Railroad Main Street Station,0,False
2026-07-01,10:34,Disneyland Park,Main Street U.S.A,Main Street Vehicles,0,False
2026-07-01,10:34,Disney Adventure World,Marvel Avengers Campus,Avengers Assemble: Flight Force,20,True
2026-07-01,10:34,Disney Adventure World,Marvel Avengers Campus,Avengers Assemble: Flight Force Single Rider,20,True
2026-07-01,10:34,Disney Adventure World,Marvel Avengers Campus,Spider-Man W.E.B. Adventure,30,True
2026-07-01,10:34,Disney Adventure World,Marvel Avengers Campus,Spider-Man W.E.B. Adventure Single Rider,5,True
2026-07-01,10:34,Disney Adventure World,Production Courtyard,The Twilight Zone Tower of Terror,45,True
2026-07-01,10:34,Disney Adventure World,Toon Studio,Cars Quatre Roues Rallye,15,True
2026-07-01,10:34,Disney Adventure World,Toon Studio,Cars ROAD TRIP,30,True
2026-07-01,10:34,Disney Adventure World,Toon Studio,Crush's Coaster,85,True
2026-07-01,10:34,Disney Adventure World,Toon Studio,Crush's Coaster Single Rider,45,True
2026-07-01,10:34,Disney Adventure World,Toon Studio,Les Tapis Volants - Flying Carpets Over Agrabah®,5,True
2026-07-01,10:34,Disney Adventure World,Toon Studio,Ratatouille : L’Aventure Totalement Toquée de Rémy​,45,True
2026-07-01,10:34,Disney Adventure World,Toon Studio,Ratatouille: The Adventure Single Rider,15,True
2026-07-01,10:34,Disney Adventure World,Toon Studio,RC Racer,35,True
2026-07-01,10:34,Disney Adventure World,Toon Studio,RC Racer Single Rider,25,True
2026-07-01,10:34,Disney Adventure World,Toon Studio,Slinky® Dog Zigzag Spin,10,True
2026-07-01,10:34,Disney Adventure World,Toon Studio,Toy Soldiers Parachute Drop,50,True
2026-07-01,10:34,Disney Adventure World,Toon Studio,Toy Soldiers Parachute Drop Single Rider,5,True
2026-07-01,10:34,Disney Adventure World,World of Frozen,Entry to World of Frozen,0,True
2026-07-01,10:34,Disney Adventure World,World of Frozen,Frozen Ever After,60,True
2026-07-01,10:34,Disney Adventure World,World of Frozen,Raiponce Tangled Spin,5,True
2026-07-01,10:39,Disneyland Park,Adventureland,Adventure Isle,0,True
2026-07-01,10:39,Disneyland Park,Adventureland,Indiana Jones and the Temple of Peril Single Rider,5,True
2026-07-01,10:39,Disneyland Park,Adventureland,Indiana Jones™ and the Temple of Peril,20,True
2026-07-01,10:39,Disneyland Park,Adventureland,La Cabane des Robinson,5,True
2026-07-01,10:39,Disneyland Park,Adventureland,Le Passage Enchanté d'Aladdin,0,True
2026-07-01,10:39,Disneyland Park,Adventureland,Pirate Galleon,0,False
2026-07-01,10:39,Disneyland Park,Adventureland,Pirates of the Caribbean,0,False
2026-07-01,10:39,Disneyland Park,Adventureland,Pirates' Beach,0,True
2026-07-01,10:39,Disneyland Park,Discoveryland,"Autopia, presented by Avis",30,True
2026-07-01,10:39,Disneyland Park,Discoveryland,Buzz Lightyear Laser Blast,40,True
2026-07-01,10:39,Disneyland Park,Discoveryland,Disneyland Railroad Discoveryland Station,0,False
2026-07-01,10:39,Disneyland Park,Discoveryland,Les Mystères du Nautilus,5,True
2026-07-01,10:39,Disneyland Park,Discoveryland,Mickey’s PhilharMagic,0,False
2026-07-01,10:39,Disneyland Park,Discoveryland,Orbitron®,40,True
2026-07-01,10:39,Disneyland Park,Discoveryland,Star Tours: The Adventures Continue*,5,True
2026-07-01,10:39,Disneyland Park,Discoveryland,Star Wars Hyperspace Mountain,35,True
2026-07-01,10:39,Disneyland Park,Discoveryland,Star Wars Hyperspace Mountain Single Rider,30,True
2026-07-01,10:39,Disneyland Park,Discoveryland,Welcome to Starport: A Star Wars Encounter,0,True
2026-07-01,10:39,Disneyland Park,Fantasyland,"""it's a small world""",5,True
2026-07-01,10:39,Disneyland Park,Fantasyland,Alice's Curious Labyrinth,0,False
2026-07-01,10:39,Disneyland Park,Fantasyland,Blanche-Neige et les Sept Nains®,0,False
2026-07-01,10:39,Disneyland Park,Fantasyland,Casey Jr. – le Petit Train du Cirque,5,True
2026-07-01,10:39,Disneyland Park,Fantasyland,Disneyland Railroad Fantasyland Station,0,False
2026-07-01,10:39,Disneyland Park,Fantasyland,Disneyland Railroad Main Street Station,0,False
2026-07-01,10:39,Disneyland Park,Fantasyland,Dumbo the Flying Elephant,20,True
2026-07-01,10:39,Disneyland Park,Fantasyland,La Tanière du Dragon,0,True
2026-07-01,10:39,Disneyland Park,Fantasyland,Le Carrousel de Lancelot,10,True
2026-07-01,10:39,Disneyland Park,Fantasyland,"Le Pays des Contes de Fées, presented by Vittel",5,True
2026-07-01,10:39,Disneyland Park,Fantasyland,Les Voyages de Pinocchio,15,True
2026-07-01,10:39,Disneyland Park,Fantasyland,Mad Hatter's Tea Cups,5,True
2026-07-01,10:39,Disneyland Park,Fantasyland,Meet Mickey Mouse,0,True
2026-07-01,10:39,Disneyland Park,Fantasyland,Peter Pan's Flight,65,True
2026-07-01,10:39,Disneyland Park,Fantasyland,Princess Pavilion,0,True
2026-07-01,10:39,Disneyland Park,Frontierland,Big Thunder Mountain,50,True
2026-07-01,10:39,Disneyland Park,Frontierland,Disneyland Railroad Frontierland Depot,0,False
2026-07-01,10:39,Disneyland Park,Frontierland,Frontierland Playground,0,True
2026-07-01,10:39,Disneyland Park,Frontierland,Phantom Manor,5,True
2026-07-01,10:39,Disneyland Park,Frontierland,River Rogue Keelboats,0,False
2026-07-01,10:39,Disneyland Park,Frontierland,Rustler Roundup Shootin' Gallery,0,True
2026-07-01,10:39,Disneyland Park,Frontierland,Thunder Mesa Riverboat Landing,20,True
2026-07-01,10:39,Disneyland Park,Main Street U.S.A,Disneyland Railroad Main Street Station,0,False
2026-07-01,10:39,Disneyland Park,Main Street U.S.A,Main Street Vehicles,0,False
2026-07-01,10:39,Disney Adventure World,Marvel Avengers Campus,Avengers Assemble: Flight Force,25,True
2026-07-01,10:39,Disney Adventure World,Marvel Avengers Campus,Avengers Assemble: Flight Force Single Rider,20,True
2026-07-01,10:39,Disney Adventure World,Marvel Avengers Campus,Spider-Man W.E.B. Adventure,35,True
2026-07-01,10:39,Disney Adventure World,Marvel Avengers Campus,Spider-Man W.E.B. Adventure Single Rider,5,True
2026-07-01,10:39,Disney Adventure World,Production Courtyard,The Twilight Zone Tower of Terror,45,True
2026-07-01,10:39,Disney Adventure World,Toon Studio,Cars Quatre Roues Rallye,15,True
2026-07-01,10:39,Disney Adventure World,Toon Studio,Cars ROAD TRIP,40,True
2026-07-01,10:39,Disney Adventure World,Toon Studio,Crush's Coaster,90,True
2026-07-01,10:39,Disney Adventure World,Toon Studio,Crush's Coaster Single Rider,40,True
2026-07-01,10:39,Disney Adventure World,Toon Studio,Les Tapis Volants - Flying Carpets Over Agrabah®,10,True
2026-07-01,10:39,Disney Adventure World,Toon Studio,Ratatouille : L’Aventure Totalement Toquée de Rémy​,45,True
2026-07-01,10:39,Disney Adventure World,Toon Studio,Ratatouille: The Adventure Single Rider,15,True
2026-07-01,10:39,Disney Adventure World,Toon Studio,RC Racer,35,True
2026-07-01,10:39,Disney Adventure World,Toon Studio,RC Racer Single Rider,30,True
2026-07-01,10:39,Disney Adventure World,Toon Studio,Slinky® Dog Zigzag Spin,10,True
2026-07-01,10:39,Disney Adventure World,Toon Studio,Toy Soldiers Parachute Drop,50,True
2026-07-01,10:39,Disney Adventure World,Toon Studio,Toy Soldiers Parachute Drop Single Rider,5,True
2026-07-01,10:39,Disney Adventure World,World of Frozen,Entry to World of Frozen,0,True
2026-07-01,10:39,Disney Adventure World,World of Frozen,Frozen Ever After,60,True
2026-07-01,10:39,Disney Adventure World,World of Frozen,Raiponce Tangled Spin,5,True
2026-07-01,10:44,Disneyland Park,Adventureland,Adventure Isle,0,True
2026-07-01,10:44,Disneyland Park,Adventureland,Indiana Jones and the Temple of Peril Single Rider,5,True
2026-07-01,10:44,Disneyland Park,Adventureland,Indiana Jones™ and the Temple of Peril,25,True
2026-07-01,10:44,Disneyland Park,Adventureland,La Cabane des Robinson,5,True
2026-07-01,10:44,Disneyland Park,Adventureland,Le Passage Enchanté d'Aladdin,0,True
2026-07-01,10:44,Disneyland Park,Adventureland,Pirate Galleon,0,False
2026-07-01,10:44,Disneyland Park,Adventureland,Pirates of the Caribbean,0,False
2026-07-01,10:44,Disneyland Park,Adventureland,Pirates' Beach,0,True
2026-07-01,10:44,Disneyland Park,Discoveryland,"Autopia, presented by Avis",30,True
2026-07-01,10:44,Disneyland Park,Discoveryland,Buzz Lightyear Laser Blast,40,True
2026-07-01,10:44,Disneyland Park,Discoveryland,Disneyland Railroad Discoveryland Station,0,False
2026-07-01,10:44,Disneyland Park,Discoveryland,Les Mystères du Nautilus,5,True
2026-07-01,10:44,Disneyland Park,Discoveryland,Mickey’s PhilharMagic,0,False
2026-07-01,10:44,Disneyland Park,Discoveryland,Orbitron®,40,True
2026-07-01,10:44,Disneyland Park,Discoveryland,Star Tours: The Adventures Continue*,5,True
2026-07-01,10:44,Disneyland Park,Discoveryland,Star Wars Hyperspace Mountain,35,True
2026-07-01,10:44,Disneyland Park,Discoveryland,Star Wars Hyperspace Mountain Single Rider,30,True
2026-07-01,10:44,Disneyland Park,Discoveryland,Welcome to Starport: A Star Wars Encounter,0,True
2026-07-01,10:44,Disneyland Park,Fantasyland,"""it's a small world""",5,True
2026-07-01,10:44,Disneyland Park,Fantasyland,Alice's Curious Labyrinth,0,False
2026-07-01,10:44,Disneyland Park,Fantasyland,Blanche-Neige et les Sept Nains®,0,False
2026-07-01,10:44,Disneyland Park,Fantasyland,Casey Jr. – le Petit Train du Cirque,5,True
2026-07-01,10:44,Disneyland Park,Fantasyland,Disneyland Railroad Fantasyland Station,0,False
2026-07-01,10:44,Disneyland Park,Fantasyland,Disneyland Railroad Main Street Station,0,False
2026-07-01,10:44,Disneyland Park,Fantasyland,Dumbo the Flying Elephant,30,True
2026-07-01,10:44,Disneyland Park,Fantasyland,La Tanière du Dragon,0,True
2026-07-01,10:44,Disneyland Park,Fantasyland,Le Carrousel de Lancelot,10,True
2026-07-01,10:44,Disneyland Park,Fantasyland,"Le Pays des Contes de Fées, presented by Vittel",5,True
2026-07-01,10:44,Disneyland Park,Fantasyland,Les Voyages de Pinocchio,20,True
2026-07-01,10:44,Disneyland Park,Fantasyland,Mad Hatter's Tea Cups,5,True
2026-07-01,10:44,Disneyland Park,Fantasyland,Meet Mickey Mouse,0,True
2026-07-01,10:44,Disneyland Park,Fantasyland,Peter Pan's Flight,65,True
2026-07-01,10:44,Disneyland Park,Fantasyland,Princess Pavilion,0,True
2026-07-01,10:44,Disneyland Park,Frontierland,Big Thunder Mountain,40,True
2026-07-01,10:44,Disneyland Park,Frontierland,Disneyland Railroad Frontierland Depot,0,False
2026-07-01,10:44,Disneyland Park,Frontierland,Frontierland Playground,0,True
2026-07-01,10:44,Disneyland Park,Frontierland,Phantom Manor,5,True
2026-07-01,10:44,Disneyland Park,Frontierland,River Rogue Keelboats,0,False
2026-07-01,10:44,Disneyland Park,Frontierland,Rustler Roundup Shootin' Gallery,0,True
2026-07-01,10:44,Disneyland Park,Frontierland,Thunder Mesa Riverboat Landing,20,True
2026-07-01,10:44,Disneyland Park,Main Street U.S.A,Disneyland Railroad Main Street Station,0,False
2026-07-01,10:44,Disneyland Park,Main Street U.S.A,Main Street Vehicles,0,False
2026-07-01,10:44,Disney Adventure World,Marvel Avengers Campus,Avengers Assemble: Flight Force,25,True
2026-07-01,10:44,Disney Adventure World,Marvel Avengers Campus,Avengers Assemble: Flight Force Single Rider,20,True
2026-07-01,10:44,Disney Adventure World,Marvel Avengers Campus,Spider-Man W.E.B. Adventure,40,True
2026-07-01,10:44,Disney Adventure World,Marvel Avengers Campus,Spider-Man W.E.B. Adventure Single Rider,10,True
2026-07-01,10:44,Disney Adventure World,Production Courtyard,The Twilight Zone Tower of Terror,35,True
2026-07-01,10:44,Disney Adventure World,Toon Studio,Cars Quatre Roues Rallye,15,True
2026-07-01,10:44,Disney Adventure World,Toon Studio,Cars ROAD TRIP,40,True
2026-07-01,10:44,Disney Adventure World,Toon Studio,Crush's Coaster,90,True
2026-07-01,10:44,Disney Adventure World,Toon Studio,Crush's Coaster Single Rider,35,True
2026-07-01,10:44,Disney Adventure World,Toon Studio,Les Tapis Volants - Flying Carpets Over Agrabah®,10,True
2026-07-01,10:44,Disney Adventure World,Toon Studio,Ratatouille : L’Aventure Totalement Toquée de Rémy​,40,True
2026-07-01,10:44,Disney Adventure World,Toon Studio,Ratatouille: The Adventure Single Rider,15,True
2026-07-01,10:44,Disney Adventure World,Toon Studio,RC Racer,35,True
2026-07-01,10:44,Disney Adventure World,Toon Studio,RC Racer Single Rider,30,True
2026-07-01,10:44,Disney Adventure World,Toon Studio,Slinky® Dog Zigzag Spin,15,True
2026-07-01,10:44,Disney Adventure World,Toon Studio,Toy Soldiers Parachute Drop,50,True
2026-07-01,10:44,Disney Adventure World,Toon Studio,Toy Soldiers Parachute Drop Single Rider,5,True
2026-07-01,10:44,Disney Adventure World,World of Frozen,Entry to World of Frozen,0,True
2026-07-01,10:44,Disney Adventure World,World of Frozen,Frozen Ever After,60,True
2026-07-01,10:44,Disney Adventure World,World of Frozen,Raiponce Tangled Spin,5,True
2026-07-01,10:49,Disneyland Park,Adventureland,Adventure Isle,0,True
2026-07-01,10:49,Disneyland Park,Adventureland,Indiana Jones and the Temple of Peril Single Rider,10,True
2026-07-01,10:49,Disneyland Park,Adventureland,Indiana Jones™ and the Temple of Peril,25,True
2026-07-01,10:49,Disneyland Park,Adventureland,La Cabane des Robinson,5,True
2026-07-01,10:49,Disneyland Park,Adventureland,Le Passage Enchanté d'Aladdin,0,True
2026-07-01,10:49,Disneyland Park,Adventureland,Pirate Galleon,0,False
2026-07-01,10:49,Disneyland Park,Adventureland,Pirates of the Caribbean,0,False
2026-07-01,10:49,Disneyland Park,Adventureland,Pirates' Beach,0,True
2026-07-01,10:49,Disneyland Park,Discoveryland,"Autopia, presented by Avis",40,True
2026-07-01,10:49,Disneyland Park,Discoveryland,Buzz Lightyear Laser Blast,45,True
2026-07-01,10:49,Disneyland Park,Discoveryland,Disneyland Railroad Discoveryland Station,0,False
2026-07-01,10:49,Disneyland Park,Discoveryland,Les Mystères du Nautilus,5,True
2026-07-01,10:49,Disneyland Park,Discoveryland,Mickey’s PhilharMagic,0,False
2026-07-01,10:49,Disneyland Park,Discoveryland,Orbitron®,40,True
2026-07-01,10:49,Disneyland Park,Discoveryland,Star Tours: The Adventures Continue*,5,True
2026-07-01,10:49,Disneyland Park,Discoveryland,Star Wars Hyperspace Mountain,45,True
2026-07-01,10:49,Disneyland Park,Discoveryland,Star Wars Hyperspace Mountain Single Rider,35,True
2026-07-01,10:49,Disneyland Park,Discoveryland,Welcome to Starport: A Star Wars Encounter,0,True
2026-07-01,10:49,Disneyland Park,Fantasyland,"""it's a small world""",5,True
2026-07-01,10:49,Disneyland Park,Fantasyland,Alice's Curious Labyrinth,0,False
2026-07-01,10:49,Disneyland Park,Fantasyland,Blanche-Neige et les Sept Nains®,0,False
2026-07-01,10:49,Disneyland Park,Fantasyland,Casey Jr. – le Petit Train du Cirque,5,True
2026-07-01,10:49,Disneyland Park,Fantasyland,Disneyland Railroad Fantasyland Station,0,False
2026-07-01,10:49,Disneyland Park,Fantasyland,Disneyland Railroad Main Street Station,0,False
2026-07-01,10:49,Disneyland Park,Fantasyland,Dumbo the Flying Elephant,30,True
2026-07-01,10:49,Disneyland Park,Fantasyland,La Tanière du Dragon,0,True
2026-07-01,10:49,Disneyland Park,Fantasyland,Le Carrousel de Lancelot,10,True
2026-07-01,10:49,Disneyland Park,Fantasyland,"Le Pays des Contes de Fées, presented by Vittel",5,True
2026-07-01,10:49,Disneyland Park,Fantasyland,Les Voyages de Pinocchio,20,True
2026-07-01,10:49,Disneyland Park,Fantasyland,Mad Hatter's Tea Cups,5,True
2026-07-01,10:49,Disneyland Park,Fantasyland,Meet Mickey Mouse,0,True
2026-07-01,10:49,Disneyland Park,Fantasyland,Peter Pan's Flight,65,True
2026-07-01,10:49,Disneyland Park,Fantasyland,Princess Pavilion,0,True
2026-07-01,10:49,Disneyland Park,Frontierland,Big Thunder Mountain,40,True
2026-07-01,10:49,Disneyland Park,Frontierland,Disneyland Railroad Frontierland Depot,0,False
2026-07-01,10:49,Disneyland Park,Frontierland,Frontierland Playground,0,True
2026-07-01,10:49,Disneyland Park,Frontierland,Phantom Manor,5,True
2026-07-01,10:49,Disneyland Park,Frontierland,River Rogue Keelboats,0,False
2026-07-01,10:49,Disneyland Park,Frontierland,Rustler Roundup Shootin' Gallery,0,True
2026-07-01,10:49,Disneyland Park,Frontierland,Thunder Mesa Riverboat Landing,20,True
2026-07-01,10:49,Disneyland Park,Main Street U.S.A,Disneyland Railroad Main Street Station,0,False
2026-07-01,10:49,Disneyland Park,Main Street U.S.A,Main Street Vehicles,0,False
2026-07-01,10:49,Disney Adventure World,Marvel Avengers Campus,Avengers Assemble: Flight Force,25,True
2026-07-01,10:49,Disney Adventure World,Marvel Avengers Campus,Avengers Assemble: Flight Force Single Rider,20,True
2026-07-01,10:49,Disney Adventure World,Marvel Avengers Campus,Spider-Man W.E.B. Adventure,40,True
2026-07-01,10:49,Disney Adventure World,Marvel Avengers Campus,Spider-Man W.E.B. Adventure Single Rider,15,True
2026-07-01,10:49,Disney Adventure World,Production Courtyard,The Twilight Zone Tower of Terror,40,True
2026-07-01,10:49,Disney Adventure World,Toon Studio,Cars Quatre Roues Rallye,15,True
2026-07-01,10:49,Disney Adventure World,Toon Studio,Cars ROAD TRIP,40,True
2026-07-01,10:49,Disney Adventure World,Toon Studio,Crush's Coaster,75,True
2026-07-01,10:49,Disney Adventure World,Toon Studio,Crush's Coaster Single Rider,40,True
2026-07-01,10:49,Disney Adventure World,Toon Studio,Les Tapis Volants - Flying Carpets Over Agrabah®,10,True
2026-07-01,10:49,Disney Adventure World,Toon Studio,Ratatouille : L’Aventure Totalement Toquée de Rémy​,40,True
2026-07-01,10:49,Disney Adventure World,Toon Studio,Ratatouille: The Adventure Single Rider,15,True
2026-07-01,10:49,Disney Adventure World,Toon Studio,RC Racer,35,True
2026-07-01,10:49,Disney Adventure World,Toon Studio,RC Racer Single Rider,30,True
2026-07-01,10:49,Disney Adventure World,Toon Studio,Slinky® Dog Zigzag Spin,15,True
2026-07-01,10:49,Disney Adventure World,Toon Studio,Toy Soldiers Parachute Drop,40,True
2026-07-01,10:49,Disney Adventure World,Toon Studio,Toy Soldiers Parachute Drop Single Rider,5,True
2026-07-01,10:49,Disney Adventure World,World of Frozen,Entry to World of Frozen,0,True
2026-07-01,10:49,Disney Adventure World,World of Frozen,Frozen Ever After,60,True
2026-07-01,10:49,Disney Adventure World,World of Frozen,Raiponce Tangled Spin,5,True
2026-07-01,10:54,Disneyland Park,Adventureland,Adventure Isle,0,True
2026-07-01,10:54,Disneyland Park,Adventureland,Indiana Jones and the Temple of Peril Single Rider,10,True
2026-07-01,10:54,Disneyland Park,Adventureland,Indiana Jones™ and the Temple of Peril,25,True
2026-07-01,10:54,Disneyland Park,Adventureland,La Cabane des Robinson,5,True
2026-07-01,10:54,Disneyland Park,Adventureland,Le Passage Enchanté d'Aladdin,0,True
2026-07-01,10:54,Disneyland Park,Adventureland,Pirate Galleon,0,False
2026-07-01,10:54,Disneyland Park,Adventureland,Pirates of the Caribbean,0,False
2026-07-01,10:54,Disneyland Park,Adventureland,Pirates' Beach,0,True
2026-07-01,10:54,Disneyland Park,Discoveryland,"Autopia, presented by Avis",40,True
2026-07-01,10:54,Disneyland Park,Discoveryland,Buzz Lightyear Laser Blast,55,True
2026-07-01,10:54,Disneyland Park,Discoveryland,Disneyland Railroad Discoveryland Station,0,False
2026-07-01,10:54,Disneyland Park,Discoveryland,Les Mystères du Nautilus,5,True
2026-07-01,10:54,Disneyland Park,Discoveryland,Mickey’s PhilharMagic,0,False
2026-07-01,10:54,Disneyland Park,Discoveryland,Orbitron®,50,True
2026-07-01,10:54,Disneyland Park,Discoveryland,Star Tours: The Adventures Continue*,5,True
2026-07-01,10:54,Disneyland Park,Discoveryland,Star Wars Hyperspace Mountain,50,True
2026-07-01,10:54,Disneyland Park,Discoveryland,Star Wars Hyperspace Mountain Single Rider,40,True
2026-07-01,10:54,Disneyland Park,Discoveryland,Welcome to Starport: A Star Wars Encounter,0,True
2026-07-01,10:54,Disneyland Park,Fantasyland,"""it's a small world""",10,True
2026-07-01,10:54,Disneyland Park,Fantasyland,Alice's Curious Labyrinth,0,False
2026-07-01,10:54,Disneyland Park,Fantasyland,Blanche-Neige et les Sept Nains®,0,False
2026-07-01,10:54,Disneyland Park,Fantasyland,Casey Jr. – le Petit Train du Cirque,5,True
2026-07-01,10:54,Disneyland Park,Fantasyland,Disneyland Railroad Fantasyland Station,0,False
2026-07-01,10:54,Disneyland Park,Fantasyland,Disneyland Railroad Main Street Station,0,False
2026-07-01,10:54,Disneyland Park,Fantasyland,Dumbo the Flying Elephant,30,True
2026-07-01,10:54,Disneyland Park,Fantasyland,La Tanière du Dragon,0,True
2026-07-01,10:54,Disneyland Park,Fantasyland,Le Carrousel de Lancelot,10,True
2026-07-01,10:54,Disneyland Park,Fantasyland,"Le Pays des Contes de Fées, presented by Vittel",5,True
2026-07-01,10:54,Disneyland Park,Fantasyland,Les Voyages de Pinocchio,20,True
2026-07-01,10:54,Disneyland Park,Fantasyland,Mad Hatter's Tea Cups,5,True
2026-07-01,10:54,Disneyland Park,Fantasyland,Meet Mickey Mouse,0,True
2026-07-01,10:54,Disneyland Park,Fantasyland,Peter Pan's Flight,65,True
2026-07-01,10:54,Disneyland Park,Fantasyland,Princess Pavilion,0,True
2026-07-01,10:54,Disneyland Park,Frontierland,Big Thunder Mountain,40,True
2026-07-01,10:54,Disneyland Park,Frontierland,Disneyland Railroad Frontierland Depot,0,False
2026-07-01,10:54,Disneyland Park,Frontierland,Frontierland Playground,0,True
2026-07-01,10:54,Disneyland Park,Frontierland,Phantom Manor,5,True
2026-07-01,10:54,Disneyland Park,Frontierland,River Rogue Keelboats,0,False
2026-07-01,10:54,Disneyland Park,Frontierland,Rustler Roundup Shootin' Gallery,0,True
2026-07-01,10:54,Disneyland Park,Frontierland,Thunder Mesa Riverboat Landing,20,True
2026-07-01,10:54,Disneyland Park,Main Street U.S.A,Disneyland Railroad Main Street Station,0,False
2026-07-01,10:54,Disneyland Park,Main Street U.S.A,Main Street Vehicles,0,False
2026-07-01,10:54,Disney Adventure World,Marvel Avengers Campus,Avengers Assemble: Flight Force,25,True
2026-07-01,10:54,Disney Adventure World,Marvel Avengers Campus,Avengers Assemble: Flight Force Single Rider,20,True
2026-07-01,10:54,Disney Adventure World,Marvel Avengers Campus,Spider-Man W.E.B. Adventure,40,True
2026-07-01,10:54,Disney Adventure World,Marvel Avengers Campus,Spider-Man W.E.B. Adventure Single Rider,20,True
2026-07-01,10:54,Disney Adventure World,Production Courtyard,The Twilight Zone Tower of Terror,55,True
2026-07-01,10:54,Disney Adventure World,Toon Studio,Cars Quatre Roues Rallye,10,True
2026-07-01,10:54,Disney Adventure World,Toon Studio,Cars ROAD TRIP,40,True
2026-07-01,10:54,Disney Adventure World,Toon Studio,Crush's Coaster,75,True
2026-07-01,10:54,Disney Adventure World,Toon Studio,Crush's Coaster Single Rider,40,True
2026-07-01,10:54,Disney Adventure World,Toon Studio,Les Tapis Volants - Flying Carpets Over Agrabah®,10,True
2026-07-01,10:54,Disney Adventure World,Toon Studio,Ratatouille : L’Aventure Totalement Toquée de Rémy​,40,True
2026-07-01,10:54,Disney Adventure World,Toon Studio,Ratatouille: The Adventure Single Rider,15,True
2026-07-01,10:54,Disney Adventure World,Toon Studio,RC Racer,35,True
2026-07-01,10:54,Disney Adventure World,Toon Studio,RC Racer Single Rider,30,True
2026-07-01,10:54,Disney Adventure World,Toon Studio,Slinky® Dog Zigzag Spin,25,True
2026-07-01,10:54,Disney Adventure World,Toon Studio,Toy Soldiers Parachute Drop,45,True
2026-07-01,10:54,Disney Adventure World,Toon Studio,Toy Soldiers Parachute Drop Single Rider,5,True
2026-07-01,10:54,Disney Adventure World,World of Frozen,Entry to World of Frozen,0,True
2026-07-01,10:54,Disney Adventure World,World of Frozen,Frozen Ever After,45,True
2026-07-01,10:54,Disney Adventure World,World of Frozen,Raiponce Tangled Spin,5,True
2026-07-01,10:59,Disneyland Park,Adventureland,Adventure Isle,0,True
2026-07-01,10:59,Disneyland Park,Adventureland,Indiana Jones and the Temple of Peril Single Rider,10,True
2026-07-01,10:59,Disneyland Park,Adventureland,Indiana Jones™ and the Temple of Peril,25,True
2026-07-01,10:59,Disneyland Park,Adventureland,La Cabane des Robinson,5,True
2026-07-01,10:59,Disneyland Park,Adventureland,Le Passage Enchanté d'Aladdin,0,True
2026-07-01,10:59,Disneyland Park,Adventureland,Pirate Galleon,0,False
2026-07-01,10:59,Disneyland Park,Adventureland,Pirates of the Caribbean,0,False
2026-07-01,10:59,Disneyland Park,Adventureland,Pirates' Beach,0,True
2026-07-01,10:59,Disneyland Park,Discoveryland,"Autopia, presented by Avis",40,True
2026-07-01,10:59,Disneyland Park,Discoveryland,Buzz Lightyear Laser Blast,55,True
2026-07-01,10:59,Disneyland Park,Discoveryland,Disneyland Railroad Discoveryland Station,0,False
2026-07-01,10:59,Disneyland Park,Discoveryland,Les Mystères du Nautilus,5,True
2026-07-01,10:59,Disneyland Park,Discoveryland,Mickey’s PhilharMagic,0,False
2026-07-01,10:59,Disneyland Park,Discoveryland,Orbitron®,50,True
2026-07-01,10:59,Disneyland Park,Discoveryland,Star Tours: The Adventures Continue*,10,True
2026-07-01,10:59,Disneyland Park,Discoveryland,Star Wars Hyperspace Mountain,50,True
2026-07-01,10:59,Disneyland Park,Discoveryland,Star Wars Hyperspace Mountain Single Rider,30,True
2026-07-01,10:59,Disneyland Park,Discoveryland,Welcome to Starport: A Star Wars Encounter,0,True
2026-07-01,10:59,Disneyland Park,Fantasyland,"""it's a small world""",10,True
2026-07-01,10:59,Disneyland Park,Fantasyland,Alice's Curious Labyrinth,0,False
2026-07-01,10:59,Disneyland Park,Fantasyland,Blanche-Neige et les Sept Nains®,0,False
2026-07-01,10:59,Disneyland Park,Fantasyland,Casey Jr. – le Petit Train du Cirque,5,True
2026-07-01,10:59,Disneyland Park,Fantasyland,Disneyland Railroad Fantasyland Station,0,False
2026-07-01,10:59,Disneyland Park,Fantasyland,Disneyland Railroad Main Street Station,0,False
2026-07-01,10:59,Disneyland Park,Fantasyland,Dumbo the Flying Elephant,30,True
2026-07-01,10:59,Disneyland Park,Fantasyland,La Tanière du Dragon,0,True
2026-07-01,10:59,Disneyland Park,Fantasyland,Le Carrousel de Lancelot,10,True
2026-07-01,10:59,Disneyland Park,Fantasyland,"Le Pays des Contes de Fées, presented by Vittel",10,True
2026-07-01,10:59,Disneyland Park,Fantasyland,Les Voyages de Pinocchio,25,True
2026-07-01,10:59,Disneyland Park,Fantasyland,Mad Hatter's Tea Cups,5,True
2026-07-01,10:59,Disneyland Park,Fantasyland,Meet Mickey Mouse,0,True
2026-07-01,10:59,Disneyland Park,Fantasyland,Peter Pan's Flight,65,True
2026-07-01,10:59,Disneyland Park,Fantasyland,Princess Pavilion,0,True
2026-07-01,10:59,Disneyland Park,Frontierland,Big Thunder Mountain,0,False
2026-07-01,10:59,Disneyland Park,Frontierland,Disneyland Railroad Frontierland Depot,0,False
2026-07-01,10:59,Disneyland Park,Frontierland,Frontierland Playground,0,True
2026-07-01,10:59,Disneyland Park,Frontierland,Phantom Manor,5,True
2026-07-01,10:59,Disneyland Park,Frontierland,River Rogue Keelboats,0,False
2026-07-01,10:59,Disneyland Park,Frontierland,Rustler Roundup Shootin' Gallery,0,True
2026-07-01,10:59,Disneyland Park,Frontierland,Thunder Mesa Riverboat Landing,20,True
2026-07-01,10:59,Disneyland Park,Main Street U.S.A,Disneyland Railroad Main Street Station,0,False
2026-07-01,10:59,Disneyland Park,Main Street U.S.A,Main Street Vehicles,0,False
2026-07-01,10:59,Disney Adventure World,Marvel Avengers Campus,Avengers Assemble: Flight Force,25,True
2026-07-01,10:59,Disney Adventure World,Marvel Avengers Campus,Avengers Assemble: Flight Force Single Rider,10,True
2026-07-01,10:59,Disney Adventure World,Marvel Avengers Campus,Spider-Man W.E.B. Adventure,45,True
2026-07-01,10:59,Disney Adventure World,Marvel Avengers Campus,Spider-Man W.E.B. Adventure Single Rider,20,True
2026-07-01,10:59,Disney Adventure World,Production Courtyard,The Twilight Zone Tower of Terror,55,True
2026-07-01,10:59,Disney Adventure World,Toon Studio,Cars Quatre Roues Rallye,10,True
2026-07-01,10:59,Disney Adventure World,Toon Studio,Cars ROAD TRIP,50,True
2026-07-01,10:59,Disney Adventure World,Toon Studio,Crush's Coaster,75,True
2026-07-01,10:59,Disney Adventure World,Toon Studio,Crush's Coaster Single Rider,55,True
2026-07-01,10:59,Disney Adventure World,Toon Studio,Les Tapis Volants - Flying Carpets Over Agrabah®,10,True
2026-07-01,10:59,Disney Adventure World,Toon Studio,Ratatouille : L’Aventure Totalement Toquée de Rémy​,45,True
2026-07-01,10:59,Disney Adventure World,Toon Studio,Ratatouille: The Adventure Single Rider,15,True
2026-07-01,10:59,Disney Adventure World,Toon Studio,RC Racer,50,True
2026-07-01,10:59,Disney Adventure World,Toon Studio,RC Racer Single Rider,20,True
2026-07-01,10:59,Disney Adventure World,Toon Studio,Slinky® Dog Zigzag Spin,15,True
2026-07-01,10:59,Disney Adventure World,Toon Studio,Toy Soldiers Parachute Drop,45,True
2026-07-01,10:59,Disney Adventure World,Toon Studio,Toy Soldiers Parachute Drop Single Rider,15,True
2026-07-01,10:59,Disney Adventure World,World of Frozen,Entry to World of Frozen,0,True
2026-07-01,10:59,Disney Adventure World,World of Frozen,Frozen Ever After,45,True
2026-07-01,10:59,Disney Adventure World,World of Frozen,Raiponce Tangled Spin,5,True
2026-07-01,11:04,Disneyland Park,Adventureland,Adventure Isle,0,True
2026-07-01,11:04,Disneyland Park,Adventureland,Indiana Jones and the Temple of Peril Single Rider,5,True
2026-07-01,11:04,Disneyland Park,Adventureland,Indiana Jones™ and the Temple of Peril,25,True
2026-07-01,11:04,Disneyland Park,Adventureland,La Cabane des Robinson,5,True
2026-07-01,11:04,Disneyland Park,Adventureland,Le Passage Enchanté d'Aladdin,0,True
2026-07-01,11:04,Disneyland Park,Adventureland,Pirate Galleon,0,False
2026-07-01,11:04,Disneyland Park,Adventureland,Pirates of the Caribbean,0,False
2026-07-01,11:04,Disneyland Park,Adventureland,Pirates' Beach,0,True
2026-07-01,11:04,Disneyland Park,Discoveryland,"Autopia, presented by Avis",40,True
2026-07-01,11:04,Disneyland Park,Discoveryland,Buzz Lightyear Laser Blast,55,True
2026-07-01,11:04,Disneyland Park,Discoveryland,Disneyland Railroad Discoveryland Station,0,False
2026-07-01,11:04,Disneyland Park,Discoveryland,Les Mystères du Nautilus,5,True
2026-07-01,11:04,Disneyland Park,Discoveryland,Mickey’s PhilharMagic,0,False
2026-07-01,11:04,Disneyland Park,Discoveryland,Orbitron®,50,True
2026-07-01,11:04,Disneyland Park,Discoveryland,Star Tours: The Adventures Continue*,10,True
2026-07-01,11:04,Disneyland Park,Discoveryland,Star Wars Hyperspace Mountain,50,True
2026-07-01,11:04,Disneyland Park,Discoveryland,Star Wars Hyperspace Mountain Single Rider,35,True
2026-07-01,11:04,Disneyland Park,Discoveryland,Welcome to Starport: A Star Wars Encounter,0,True
2026-07-01,11:04,Disneyland Park,Fantasyland,"""it's a small world""",10,True
2026-07-01,11:04,Disneyland Park,Fantasyland,Alice's Curious Labyrinth,0,False
2026-07-01,11:04,Disneyland Park,Fantasyland,Blanche-Neige et les Sept Nains®,0,False
2026-07-01,11:04,Disneyland Park,Fantasyland,Casey Jr. – le Petit Train du Cirque,5,True
2026-07-01,11:04,Disneyland Park,Fantasyland,Disneyland Railroad Fantasyland Station,0,False
2026-07-01,11:04,Disneyland Park,Fantasyland,Disneyland Railroad Main Street Station,0,False
2026-07-01,11:04,Disneyland Park,Fantasyland,Dumbo the Flying Elephant,30,True
2026-07-01,11:04,Disneyland Park,Fantasyland,La Tanière du Dragon,0,True
2026-07-01,11:04,Disneyland Park,Fantasyland,Le Carrousel de Lancelot,10,True
2026-07-01,11:04,Disneyland Park,Fantasyland,"Le Pays des Contes de Fées, presented by Vittel",10,True
2026-07-01,11:04,Disneyland Park,Fantasyland,Les Voyages de Pinocchio,30,True
2026-07-01,11:04,Disneyland Park,Fantasyland,Mad Hatter's Tea Cups,5,True
2026-07-01,11:04,Disneyland Park,Fantasyland,Meet Mickey Mouse,0,True
2026-07-01,11:04,Disneyland Park,Fantasyland,Peter Pan's Flight,65,True
2026-07-01,11:04,Disneyland Park,Fantasyland,Princess Pavilion,0,True
2026-07-01,11:04,Disneyland Park,Frontierland,Big Thunder Mountain,0,False
2026-07-01,11:04,Disneyland Park,Frontierland,Disneyland Railroad Frontierland Depot,0,False
2026-07-01,11:04,Disneyland Park,Frontierland,Frontierland Playground,0,True
2026-07-01,11:04,Disneyland Park,Frontierland,Phantom Manor,10,True
2026-07-01,11:04,Disneyland Park,Frontierland,River Rogue Keelboats,0,False
2026-07-01,11:04,Disneyland Park,Frontierland,Rustler Roundup Shootin' Gallery,0,True
2026-07-01,11:04,Disneyland Park,Frontierland,Thunder Mesa Riverboat Landing,20,True
2026-07-01,11:04,Disneyland Park,Main Street U.S.A,Disneyland Railroad Main Street Station,0,False
2026-07-01,11:04,Disneyland Park,Main Street U.S.A,Main Street Vehicles,0,False
2026-07-01,11:04,Disney Adventure World,Marvel Avengers Campus,Avengers Assemble: Flight Force,30,True
2026-07-01,11:04,Disney Adventure World,Marvel Avengers Campus,Avengers Assemble: Flight Force Single Rider,25,True
2026-07-01,11:04,Disney Adventure World,Marvel Avengers Campus,Spider-Man W.E.B. Adventure,45,True
2026-07-01,11:04,Disney Adventure World,Marvel Avengers Campus,Spider-Man W.E.B. Adventure Single Rider,20,True
2026-07-01,11:04,Disney Adventure World,Production Courtyard,The Twilight Zone Tower of Terror,55,True
2026-07-01,11:04,Disney Adventure World,Toon Studio,Cars Quatre Roues Rallye,10,True
2026-07-01,11:04,Disney Adventure World,Toon Studio,Cars ROAD TRIP,50,True
2026-07-01,11:04,Disney Adventure World,Toon Studio,Crush's Coaster,75,True
2026-07-01,11:04,Disney Adventure World,Toon Studio,Crush's Coaster Single Rider,60,True
2026-07-01,11:04,Disney Adventure World,Toon Studio,Les Tapis Volants - Flying Carpets Over Agrabah®,10,True
2026-07-01,11:04,Disney Adventure World,Toon Studio,Ratatouille : L’Aventure Totalement Toquée de Rémy​,45,True
2026-07-01,11:04,Disney Adventure World,Toon Studio,Ratatouille: The Adventure Single Rider,10,True
2026-07-01,11:04,Disney Adventure World,Toon Studio,RC Racer,50,True
2026-07-01,11:04,Disney Adventure World,Toon Studio,RC Racer Single Rider,15,True
2026-07-01,11:04,Disney Adventure World,Toon Studio,Slinky® Dog Zigzag Spin,15,True
2026-07-01,11:04,Disney Adventure World,Toon Studio,Toy Soldiers Parachute Drop,50,True
2026-07-01,11:04,Disney Adventure World,Toon Studio,Toy Soldiers Parachute Drop Single Rider,15,True
2026-07-01,11:04,Disney Adventure World,World of Frozen,Entry to World of Frozen,0,True
2026-07-01,11:04,Disney Adventure World,World of Frozen,Frozen Ever After,60,True
2026-07-01,11:04,Disney Adventure World,World of Frozen,Raiponce Tangled Spin,5,True
2026-07-01,11:10,Disneyland Park,Adventureland,Adventure Isle,0,True
2026-07-01,11:10,Disneyland Park,Adventureland,Indiana Jones and the Temple of Peril Single Rider,5,True
2026-07-01,11:10,Disneyland Park,Adventureland,Indiana Jones™ and the Temple of Peril,25,True
2026-07-01,11:10,Disneyland Park,Adventureland,La Cabane des Robinson,5,True
2026-07-01,11:10,Disneyland Park,Adventureland,Le Passage Enchanté d'Aladdin,0,True
2026-07-01,11:10,Disneyland Park,Adventureland,Pirate Galleon,0,False
2026-07-01,11:10,Disneyland Park,Adventureland,Pirates of the Caribbean,0,False
2026-07-01,11:10,Disneyland Park,Adventureland,Pirates' Beach,0,True
2026-07-01,11:10,Disneyland Park,Discoveryland,"Autopia, presented by Avis",40,True
2026-07-01,11:10,Disneyland Park,Discoveryland,Buzz Lightyear Laser Blast,55,True
2026-07-01,11:10,Disneyland Park,Discoveryland,Disneyland Railroad Discoveryland Station,0,False
2026-07-01,11:10,Disneyland Park,Discoveryland,Les Mystères du Nautilus,5,True
2026-07-01,11:10,Disneyland Park,Discoveryland,Mickey’s PhilharMagic,0,False
2026-07-01,11:10,Disneyland Park,Discoveryland,Orbitron®,50,True
2026-07-01,11:10,Disneyland Park,Discoveryland,Star Tours: The Adventures Continue*,25,True
2026-07-01,11:10,Disneyland Park,Discoveryland,Star Wars Hyperspace Mountain,55,True
2026-07-01,11:10,Disneyland Park,Discoveryland,Star Wars Hyperspace Mountain Single Rider,30,True
2026-07-01,11:10,Disneyland Park,Discoveryland,Welcome to Starport: A Star Wars Encounter,0,True
2026-07-01,11:10,Disneyland Park,Fantasyland,"""it's a small world""",10,True
2026-07-01,11:10,Disneyland Park,Fantasyland,Alice's Curious Labyrinth,0,False
2026-07-01,11:10,Disneyland Park,Fantasyland,Blanche-Neige et les Sept Nains®,0,False
2026-07-01,11:10,Disneyland Park,Fantasyland,Casey Jr. – le Petit Train du Cirque,5,True
2026-07-01,11:10,Disneyland Park,Fantasyland,Disneyland Railroad Fantasyland Station,0,False
2026-07-01,11:10,Disneyland Park,Fantasyland,Disneyland Railroad Main Street Station,0,False
2026-07-01,11:10,Disneyland Park,Fantasyland,Dumbo the Flying Elephant,30,True
2026-07-01,11:10,Disneyland Park,Fantasyland,La Tanière du Dragon,0,True
2026-07-01,11:10,Disneyland Park,Fantasyland,Le Carrousel de Lancelot,10,True
2026-07-01,11:10,Disneyland Park,Fantasyland,"Le Pays des Contes de Fées, presented by Vittel",10,True
2026-07-01,11:10,Disneyland Park,Fantasyland,Les Voyages de Pinocchio,30,True
2026-07-01,11:10,Disneyland Park,Fantasyland,Mad Hatter's Tea Cups,5,True
2026-07-01,11:10,Disneyland Park,Fantasyland,Meet Mickey Mouse,0,True
2026-07-01,11:10,Disneyland Park,Fantasyland,Peter Pan's Flight,65,True
2026-07-01,11:10,Disneyland Park,Fantasyland,Princess Pavilion,0,True
2026-07-01,11:10,Disneyland Park,Frontierland,Big Thunder Mountain,0,False
2026-07-01,11:10,Disneyland Park,Frontierland,Disneyland Railroad Frontierland Depot,0,False
2026-07-01,11:10,Disneyland Park,Frontierland,Frontierland Playground,0,True
2026-07-01,11:10,Disneyland Park,Frontierland,Phantom Manor,10,True
2026-07-01,11:10,Disneyland Park,Frontierland,River Rogue Keelboats,0,False
2026-07-01,11:10,Disneyland Park,Frontierland,Rustler Roundup Shootin' Gallery,0,True
2026-07-01,11:10,Disneyland Park,Frontierland,Thunder Mesa Riverboat Landing,20,True
2026-07-01,11:10,Disneyland Park,Main Street U.S.A,Disneyland Railroad Main Street Station,0,False
2026-07-01,11:10,Disneyland Park,Main Street U.S.A,Main Street Vehicles,0,False
2026-07-01,11:10,Disney Adventure World,Marvel Avengers Campus,Avengers Assemble: Flight Force,30,True
2026-07-01,11:10,Disney Adventure World,Marvel Avengers Campus,Avengers Assemble: Flight Force Single Rider,25,True
2026-07-01,11:10,Disney Adventure World,Marvel Avengers Campus,Spider-Man W.E.B. Adventure,45,True
2026-07-01,11:10,Disney Adventure World,Marvel Avengers Campus,Spider-Man W.E.B. Adventure Single Rider,25,True
2026-07-01,11:10,Disney Adventure World,Production Courtyard,The Twilight Zone Tower of Terror,55,True
2026-07-01,11:10,Disney Adventure World,Toon Studio,Cars Quatre Roues Rallye,10,True
2026-07-01,11:10,Disney Adventure World,Toon Studio,Cars ROAD TRIP,50,True
2026-07-01,11:10,Disney Adventure World,Toon Studio,Crush's Coaster,75,True
2026-07-01,11:10,Disney Adventure World,Toon Studio,Crush's Coaster Single Rider,60,True
2026-07-01,11:10,Disney Adventure World,Toon Studio,Les Tapis Volants - Flying Carpets Over Agrabah®,25,True
2026-07-01,11:10,Disney Adventure World,Toon Studio,Ratatouille : L’Aventure Totalement Toquée de Rémy​,45,True
2026-07-01,11:10,Disney Adventure World,Toon Studio,Ratatouille: The Adventure Single Rider,10,True
2026-07-01,11:10,Disney Adventure World,Toon Studio,RC Racer,50,True
2026-07-01,11:10,Disney Adventure World,Toon Studio,RC Racer Single Rider,25,True
2026-07-01,11:10,Disney Adventure World,Toon Studio,Slinky® Dog Zigzag Spin,15,True
2026-07-01,11:10,Disney Adventure World,Toon Studio,Toy Soldiers Parachute Drop,35,True
2026-07-01,11:10,Disney Adventure World,Toon Studio,Toy Soldiers Parachute Drop Single Rider,15,True
2026-07-01,11:10,Disney Adventure World,World of Frozen,Entry to World of Frozen,0,True
2026-07-01,11:10,Disney Adventure World,World of Frozen,Frozen Ever After,60,True
2026-07-01,11:10,Disney Adventure World,World of Frozen,Raiponce Tangled Spin,5,True
2026-07-01,11:15,Disneyland Park,Adventureland,Adventure Isle,0,True
2026-07-01,11:15,Disneyland Park,Adventureland,Indiana Jones and the Temple of Peril Single Rider,5,True
2026-07-01,11:15,Disneyland Park,Adventureland,Indiana Jones™ and the Temple of Peril,30,True
2026-07-01,11:15,Disneyland Park,Adventureland,La Cabane des Robinson,5,True
2026-07-01,11:15,Disneyland Park,Adventureland,Le Passage Enchanté d'Aladdin,0,True
2026-07-01,11:15,Disneyland Park,Adventureland,Pirate Galleon,0,False
2026-07-01,11:15,Disneyland Park,Adventureland,Pirates of the Caribbean,0,False
2026-07-01,11:15,Disneyland Park,Adventureland,Pirates' Beach,0,True
2026-07-01,11:15,Disneyland Park,Discoveryland,"Autopia, presented by Avis",40,True
2026-07-01,11:15,Disneyland Park,Discoveryland,Buzz Lightyear Laser Blast,55,True
2026-07-01,11:15,Disneyland Park,Discoveryland,Disneyland Railroad Discoveryland Station,0,False
2026-07-01,11:15,Disneyland Park,Discoveryland,Les Mystères du Nautilus,5,True
2026-07-01,11:15,Disneyland Park,Discoveryland,Mickey’s PhilharMagic,0,False
2026-07-01,11:15,Disneyland Park,Discoveryland,Orbitron®,60,True
2026-07-01,11:15,Disneyland Park,Discoveryland,Star Tours: The Adventures Continue*,30,True
2026-07-01,11:15,Disneyland Park,Discoveryland,Star Wars Hyperspace Mountain,50,True
2026-07-01,11:15,Disneyland Park,Discoveryland,Star Wars Hyperspace Mountain Single Rider,40,True
2026-07-01,11:15,Disneyland Park,Discoveryland,Welcome to Starport: A Star Wars Encounter,0,True
2026-07-01,11:15,Disneyland Park,Fantasyland,"""it's a small world""",10,True
2026-07-01,11:15,Disneyland Park,Fantasyland,Alice's Curious Labyrinth,0,False
2026-07-01,11:15,Disneyland Park,Fantasyland,Blanche-Neige et les Sept Nains®,0,False
2026-07-01,11:15,Disneyland Park,Fantasyland,Casey Jr. – le Petit Train du Cirque,5,True
2026-07-01,11:15,Disneyland Park,Fantasyland,Disneyland Railroad Fantasyland Station,0,False
2026-07-01,11:15,Disneyland Park,Fantasyland,Disneyland Railroad Main Street Station,0,False
2026-07-01,11:15,Disneyland Park,Fantasyland,Dumbo the Flying Elephant,30,True
2026-07-01,11:15,Disneyland Park,Fantasyland,La Tanière du Dragon,0,True
2026-07-01,11:15,Disneyland Park,Fantasyland,Le Carrousel de Lancelot,10,True
2026-07-01,11:15,Disneyland Park,Fantasyland,"Le Pays des Contes de Fées, presented by Vittel",10,True
2026-07-01,11:15,Disneyland Park,Fantasyland,Les Voyages de Pinocchio,30,True
2026-07-01,11:15,Disneyland Park,Fantasyland,Mad Hatter's Tea Cups,5,True
2026-07-01,11:15,Disneyland Park,Fantasyland,Meet Mickey Mouse,0,True
2026-07-01,11:15,Disneyland Park,Fantasyland,Peter Pan's Flight,65,True
2026-07-01,11:15,Disneyland Park,Fantasyland,Princess Pavilion,0,True
2026-07-01,11:15,Disneyland Park,Frontierland,Big Thunder Mountain,0,False
2026-07-01,11:15,Disneyland Park,Frontierland,Disneyland Railroad Frontierland Depot,0,False
2026-07-01,11:15,Disneyland Park,Frontierland,Frontierland Playground,0,True
2026-07-01,11:15,Disneyland Park,Frontierland,Phantom Manor,20,True
2026-07-01,11:15,Disneyland Park,Frontierland,River Rogue Keelboats,0,False
2026-07-01,11:15,Disneyland Park,Frontierland,Rustler Roundup Shootin' Gallery,0,True
2026-07-01,11:15,Disneyland Park,Frontierland,Thunder Mesa Riverboat Landing,20,True
2026-07-01,11:15,Disneyland Park,Main Street U.S.A,Disneyland Railroad Main Street Station,0,False
2026-07-01,11:15,Disneyland Park,Main Street U.S.A,Main Street Vehicles,0,False
2026-07-01,11:15,Disney Adventure World,Marvel Avengers Campus,Avengers Assemble: Flight Force,30,True
2026-07-01,11:15,Disney Adventure World,Marvel Avengers Campus,Avengers Assemble: Flight Force Single Rider,15,True
2026-07-01,11:15,Disney Adventure World,Marvel Avengers Campus,Spider-Man W.E.B. Adventure,45,True
2026-07-01,11:15,Disney Adventure World,Marvel Avengers Campus,Spider-Man W.E.B. Adventure Single Rider,25,True
2026-07-01,11:15,Disney Adventure World,Production Courtyard,The Twilight Zone Tower of Terror,65,True
2026-07-01,11:15,Disney Adventure World,Toon Studio,Cars Quatre Roues Rallye,15,True
2026-07-01,11:15,Disney Adventure World,Toon Studio,Cars ROAD TRIP,60,True
2026-07-01,11:15,Disney Adventure World,Toon Studio,Crush's Coaster,80,True
2026-07-01,11:15,Disney Adventure World,Toon Studio,Crush's Coaster Single Rider,60,True
2026-07-01,11:15,Disney Adventure World,Toon Studio,Les Tapis Volants - Flying Carpets Over Agrabah®,25,True
2026-07-01,11:15,Disney Adventure World,Toon Studio,Ratatouille : L’Aventure Totalement Toquée de Rémy​,55,True
2026-07-01,11:15,Disney Adventure World,Toon Studio,Ratatouille: The Adventure Single Rider,20,True
2026-07-01,11:15,Disney Adventure World,Toon Studio,RC Racer,50,True
2026-07-01,11:15,Disney Adventure World,Toon Studio,RC Racer Single Rider,25,True
2026-07-01,11:15,Disney Adventure World,Toon Studio,Slinky® Dog Zigzag Spin,15,True
2026-07-01,11:15,Disney Adventure World,Toon Studio,Toy Soldiers Parachute Drop,45,True
2026-07-01,11:15,Disney Adventure World,Toon Studio,Toy Soldiers Parachute Drop Single Rider,15,True
2026-07-01,11:15,Disney Adventure World,World of Frozen,Entry to World of Frozen,0,True
2026-07-01,11:15,Disney Adventure World,World of Frozen,Frozen Ever After,60,True
2026-07-01,11:15,Disney Adventure World,World of Frozen,Raiponce Tangled Spin,5,True
2026-07-01,11:20,Disneyland Park,Adventureland,Adventure Isle,0,True
2026-07-01,11:20,Disneyland Park,Adventureland,Indiana Jones and the Temple of Peril Single Rider,15,True
2026-07-01,11:20,Disneyland Park,Adventureland,Indiana Jones™ and the Temple of Peril,45,True
2026-07-01,11:20,Disneyland Park,Adventureland,La Cabane des Robinson,5,True
2026-07-01,11:20,Disneyland Park,Adventureland,Le Passage Enchanté d'Aladdin,0,True
2026-07-01,11:20,Disneyland Park,Adventureland,Pirate Galleon,0,False
2026-07-01,11:20,Disneyland Park,Adventureland,Pirates of the Caribbean,0,False
2026-07-01,11:20,Disneyland Park,Adventureland,Pirates' Beach,0,True
2026-07-01,11:20,Disneyland Park,Discoveryland,"Autopia, presented by Avis",40,True
2026-07-01,11:20,Disneyland Park,Discoveryland,Buzz Lightyear Laser Blast,50,True
2026-07-01,11:20,Disneyland Park,Discoveryland,Disneyland Railroad Discoveryland Station,0,False
2026-07-01,11:20,Disneyland Park,Discoveryland,Les Mystères du Nautilus,5,True
2026-07-01,11:20,Disneyland Park,Discoveryland,Mickey’s PhilharMagic,0,False
2026-07-01,11:20,Disneyland Park,Discoveryland,Orbitron®,50,True
2026-07-01,11:20,Disneyland Park,Discoveryland,Star Tours: The Adventures Continue*,30,True
2026-07-01,11:20,Disneyland Park,Discoveryland,Star Wars Hyperspace Mountain,105,True
2026-07-01,11:20,Disneyland Park,Discoveryland,Star Wars Hyperspace Mountain Single Rider,40,True
2026-07-01,11:20,Disneyland Park,Discoveryland,Welcome to Starport: A Star Wars Encounter,0,True
2026-07-01,11:20,Disneyland Park,Fantasyland,"""it's a small world""",15,True
2026-07-01,11:20,Disneyland Park,Fantasyland,Alice's Curious Labyrinth,0,False
2026-07-01,11:20,Disneyland Park,Fantasyland,Blanche-Neige et les Sept Nains®,0,False
2026-07-01,11:20,Disneyland Park,Fantasyland,Casey Jr. – le Petit Train du Cirque,5,True
2026-07-01,11:20,Disneyland Park,Fantasyland,Disneyland Railroad Fantasyland Station,0,False
2026-07-01,11:20,Disneyland Park,Fantasyland,Disneyland Railroad Main Street Station,0,False
2026-07-01,11:20,Disneyland Park,Fantasyland,Dumbo the Flying Elephant,30,True
2026-07-01,11:20,Disneyland Park,Fantasyland,La Tanière du Dragon,0,True
2026-07-01,11:20,Disneyland Park,Fantasyland,Le Carrousel de Lancelot,10,True
2026-07-01,11:20,Disneyland Park,Fantasyland,"Le Pays des Contes de Fées, presented by Vittel",10,True
2026-07-01,11:20,Disneyland Park,Fantasyland,Les Voyages de Pinocchio,30,True
2026-07-01,11:20,Disneyland Park,Fantasyland,Mad Hatter's Tea Cups,5,True
2026-07-01,11:20,Disneyland Park,Fantasyland,Meet Mickey Mouse,0,True
2026-07-01,11:20,Disneyland Park,Fantasyland,Peter Pan's Flight,65,True
2026-07-01,11:20,Disneyland Park,Fantasyland,Princess Pavilion,0,True
2026-07-01,11:20,Disneyland Park,Frontierland,Big Thunder Mountain,0,False
2026-07-01,11:20,Disneyland Park,Frontierland,Disneyland Railroad Frontierland Depot,0,False
2026-07-01,11:20,Disneyland Park,Frontierland,Frontierland Playground,0,True
2026-07-01,11:20,Disneyland Park,Frontierland,Phantom Manor,20,True
2026-07-01,11:20,Disneyland Park,Frontierland,River Rogue Keelboats,0,False
2026-07-01,11:20,Disneyland Park,Frontierland,Rustler Roundup Shootin' Gallery,0,True
2026-07-01,11:20,Disneyland Park,Frontierland,Thunder Mesa Riverboat Landing,20,True
2026-07-01,11:20,Disneyland Park,Main Street U.S.A,Disneyland Railroad Main Street Station,0,False
2026-07-01,11:20,Disneyland Park,Main Street U.S.A,Main Street Vehicles,0,False
2026-07-01,11:20,Disney Adventure World,Marvel Avengers Campus,Avengers Assemble: Flight Force,30,True
2026-07-01,11:20,Disney Adventure World,Marvel Avengers Campus,Avengers Assemble: Flight Force Single Rider,15,True
2026-07-01,11:20,Disney Adventure World,Marvel Avengers Campus,Spider-Man W.E.B. Adventure,45,True
2026-07-01,11:20,Disney Adventure World,Marvel Avengers Campus,Spider-Man W.E.B. Adventure Single Rider,15,True
2026-07-01,11:20,Disney Adventure World,Production Courtyard,The Twilight Zone Tower of Terror,65,True
2026-07-01,11:20,Disney Adventure World,Toon Studio,Cars Quatre Roues Rallye,15,True
2026-07-01,11:20,Disney Adventure World,Toon Studio,Cars ROAD TRIP,60,True
2026-07-01,11:20,Disney Adventure World,Toon Studio,Crush's Coaster,85,True
2026-07-01,11:20,Disney Adventure World,Toon Studio,Crush's Coaster Single Rider,60,True
2026-07-01,11:20,Disney Adventure World,Toon Studio,Les Tapis Volants - Flying Carpets Over Agrabah®,25,True
2026-07-01,11:20,Disney Adventure World,Toon Studio,Ratatouille : L’Aventure Totalement Toquée de Rémy​,65,True
2026-07-01,11:20,Disney Adventure World,Toon Studio,Ratatouille: The Adventure Single Rider,30,True
2026-07-01,11:20,Disney Adventure World,Toon Studio,RC Racer,50,True
2026-07-01,11:20,Disney Adventure World,Toon Studio,RC Racer Single Rider,25,True
2026-07-01,11:20,Disney Adventure World,Toon Studio,Slinky® Dog Zigzag Spin,25,True
2026-07-01,11:20,Disney Adventure World,Toon Studio,Toy Soldiers Parachute Drop,45,True
2026-07-01,11:20,Disney Adventure World,Toon Studio,Toy Soldiers Parachute Drop Single Rider,15,True
2026-07-01,11:20,Disney Adventure World,World of Frozen,Entry to World of Frozen,0,True
2026-07-01,11:20,Disney Adventure World,World of Frozen,Frozen Ever After,60,True
2026-07-01,11:20,Disney Adventure World,World of Frozen,Raiponce Tangled Spin,15,True
2026-07-01,11:25,Disneyland Park,Adventureland,Adventure Isle,0,True
2026-07-01,11:25,Disneyland Park,Adventureland,Indiana Jones and the Temple of Peril Single Rider,25,True
2026-07-01,11:25,Disneyland Park,Adventureland,Indiana Jones™ and the Temple of Peril,50,True
2026-07-01,11:25,Disneyland Park,Adventureland,La Cabane des Robinson,5,True
2026-07-01,11:25,Disneyland Park,Adventureland,Le Passage Enchanté d'Aladdin,0,True
2026-07-01,11:25,Disneyland Park,Adventureland,Pirate Galleon,0,False
2026-07-01,11:25,Disneyland Park,Adventureland,Pirates of the Caribbean,0,False
2026-07-01,11:25,Disneyland Park,Adventureland,Pirates' Beach,0,True
2026-07-01,11:25,Disneyland Park,Discoveryland,"Autopia, presented by Avis",40,True
2026-07-01,11:25,Disneyland Park,Discoveryland,Buzz Lightyear Laser Blast,50,True
2026-07-01,11:25,Disneyland Park,Discoveryland,Disneyland Railroad Discoveryland Station,0,False
2026-07-01,11:25,Disneyland Park,Discoveryland,Les Mystères du Nautilus,5,True
2026-07-01,11:25,Disneyland Park,Discoveryland,Mickey’s PhilharMagic,0,False
2026-07-01,11:25,Disneyland Park,Discoveryland,Orbitron®,50,True
2026-07-01,11:25,Disneyland Park,Discoveryland,Star Tours: The Adventures Continue*,30,True
2026-07-01,11:25,Disneyland Park,Discoveryland,Star Wars Hyperspace Mountain,95,True
2026-07-01,11:25,Disneyland Park,Discoveryland,Star Wars Hyperspace Mountain Single Rider,60,True
2026-07-01,11:25,Disneyland Park,Discoveryland,Welcome to Starport: A Star Wars Encounter,0,True
2026-07-01,11:25,Disneyland Park,Fantasyland,"""it's a small world""",15,True
2026-07-01,11:25,Disneyland Park,Fantasyland,Alice's Curious Labyrinth,0,False
2026-07-01,11:25,Disneyland Park,Fantasyland,Blanche-Neige et les Sept Nains®,0,False
2026-07-01,11:25,Disneyland Park,Fantasyland,Casey Jr. – le Petit Train du Cirque,15,True
2026-07-01,11:25,Disneyland Park,Fantasyland,Disneyland Railroad Fantasyland Station,0,False
2026-07-01,11:25,Disneyland Park,Fantasyland,Disneyland Railroad Main Street Station,0,False
2026-07-01,11:25,Disneyland Park,Fantasyland,Dumbo the Flying Elephant,30,True
2026-07-01,11:25,Disneyland Park,Fantasyland,La Tanière du Dragon,0,True
2026-07-01,11:25,Disneyland Park,Fantasyland,Le Carrousel de Lancelot,10,True
2026-07-01,11:25,Disneyland Park,Fantasyland,"Le Pays des Contes de Fées, presented by Vittel",5,True
2026-07-01,11:25,Disneyland Park,Fantasyland,Les Voyages de Pinocchio,30,True
2026-07-01,11:25,Disneyland Park,Fantasyland,Mad Hatter's Tea Cups,5,True
2026-07-01,11:25,Disneyland Park,Fantasyland,Meet Mickey Mouse,0,True
2026-07-01,11:25,Disneyland Park,Fantasyland,Peter Pan's Flight,65,True
2026-07-01,11:25,Disneyland Park,Fantasyland,Princess Pavilion,0,True
2026-07-01,11:25,Disneyland Park,Frontierland,Big Thunder Mountain,0,False
2026-07-01,11:25,Disneyland Park,Frontierland,Disneyland Railroad Frontierland Depot,0,False
2026-07-01,11:25,Disneyland Park,Frontierland,Frontierland Playground,0,True
2026-07-01,11:25,Disneyland Park,Frontierland,Phantom Manor,25,True
2026-07-01,11:25,Disneyland Park,Frontierland,River Rogue Keelboats,0,False
2026-07-01,11:25,Disneyland Park,Frontierland,Rustler Roundup Shootin' Gallery,0,True
2026-07-01,11:25,Disneyland Park,Frontierland,Thunder Mesa Riverboat Landing,20,True
2026-07-01,11:25,Disneyland Park,Main Street U.S.A,Disneyland Railroad Main Street Station,0,False
2026-07-01,11:25,Disneyland Park,Main Street U.S.A,Main Street Vehicles,0,False
2026-07-01,11:25,Disney Adventure World,Marvel Avengers Campus,Avengers Assemble: Flight Force,30,True
2026-07-01,11:25,Disney Adventure World,Marvel Avengers Campus,Avengers Assemble: Flight Force Single Rider,15,True
2026-07-01,11:25,Disney Adventure World,Marvel Avengers Campus,Spider-Man W.E.B. Adventure,50,True
2026-07-01,11:25,Disney Adventure World,Marvel Avengers Campus,Spider-Man W.E.B. Adventure Single Rider,15,True
2026-07-01,11:25,Disney Adventure World,Production Courtyard,The Twilight Zone Tower of Terror,70,True
2026-07-01,11:25,Disney Adventure World,Toon Studio,Cars Quatre Roues Rallye,20,True
2026-07-01,11:25,Disney Adventure World,Toon Studio,Cars ROAD TRIP,60,True
2026-07-01,11:25,Disney Adventure World,Toon Studio,Crush's Coaster,85,True
2026-07-01,11:25,Disney Adventure World,Toon Studio,Crush's Coaster Single Rider,55,True
2026-07-01,11:25,Disney Adventure World,Toon Studio,Les Tapis Volants - Flying Carpets Over Agrabah®,25,True
2026-07-01,11:25,Disney Adventure World,Toon Studio,Ratatouille : L’Aventure Totalement Toquée de Rémy​,65,True
2026-07-01,11:25,Disney Adventure World,Toon Studio,Ratatouille: The Adventure Single Rider,35,True
2026-07-01,11:25,Disney Adventure World,Toon Studio,RC Racer,50,True
2026-07-01,11:25,Disney Adventure World,Toon Studio,RC Racer Single Rider,25,True
2026-07-01,11:25,Disney Adventure World,Toon Studio,Slinky® Dog Zigzag Spin,25,True
2026-07-01,11:25,Disney Adventure World,Toon Studio,Toy Soldiers Parachute Drop,55,True
2026-07-01,11:25,Disney Adventure World,Toon Studio,Toy Soldiers Parachute Drop Single Rider,15,True
2026-07-01,11:25,Disney Adventure World,World of Frozen,Entry to World of Frozen,0,True
2026-07-01,11:25,Disney Adventure World,World of Frozen,Frozen Ever After,60,True
2026-07-01,11:25,Disney Adventure World,World of Frozen,Raiponce Tangled Spin,30,True
2026-07-01,11:30,Disneyland Park,Adventureland,Adventure Isle,0,True
2026-07-01,11:30,Disneyland Park,Adventureland,Indiana Jones and the Temple of Peril Single Rider,25,True
2026-07-01,11:30,Disneyland Park,Adventureland,Indiana Jones™ and the Temple of Peril,50,True
2026-07-01,11:30,Disneyland Park,Adventureland,La Cabane des Robinson,5,True
2026-07-01,11:30,Disneyland Park,Adventureland,Le Passage Enchanté d'Aladdin,0,True
2026-07-01,11:30,Disneyland Park,Adventureland,Pirate Galleon,0,False
2026-07-01,11:30,Disneyland Park,Adventureland,Pirates of the Caribbean,0,False
2026-07-01,11:30,Disneyland Park,Adventureland,Pirates' Beach,0,True
2026-07-01,11:30,Disneyland Park,Discoveryland,"Autopia, presented by Avis",40,True
2026-07-01,11:30,Disneyland Park,Discoveryland,Buzz Lightyear Laser Blast,50,True
2026-07-01,11:30,Disneyland Park,Discoveryland,Disneyland Railroad Discoveryland Station,0,False
2026-07-01,11:30,Disneyland Park,Discoveryland,Les Mystères du Nautilus,5,True
2026-07-01,11:30,Disneyland Park,Discoveryland,Mickey’s PhilharMagic,0,False
2026-07-01,11:30,Disneyland Park,Discoveryland,Orbitron®,35,True
2026-07-01,11:30,Disneyland Park,Discoveryland,Star Tours: The Adventures Continue*,30,True
2026-07-01,11:30,Disneyland Park,Discoveryland,Star Wars Hyperspace Mountain,85,True
2026-07-01,11:30,Disneyland Park,Discoveryland,Star Wars Hyperspace Mountain Single Rider,80,True
2026-07-01,11:30,Disneyland Park,Discoveryland,Welcome to Starport: A Star Wars Encounter,0,True
2026-07-01,11:30,Disneyland Park,Fantasyland,"""it's a small world""",15,True
2026-07-01,11:30,Disneyland Park,Fantasyland,Alice's Curious Labyrinth,0,False
2026-07-01,11:30,Disneyland Park,Fantasyland,Blanche-Neige et les Sept Nains®,0,False
2026-07-01,11:30,Disneyland Park,Fantasyland,Casey Jr. – le Petit Train du Cirque,15,True
2026-07-01,11:30,Disneyland Park,Fantasyland,Disneyland Railroad Fantasyland Station,0,False
2026-07-01,11:30,Disneyland Park,Fantasyland,Disneyland Railroad Main Street Station,0,False
2026-07-01,11:30,Disneyland Park,Fantasyland,Dumbo the Flying Elephant,30,True
2026-07-01,11:30,Disneyland Park,Fantasyland,La Tanière du Dragon,0,True
2026-07-01,11:30,Disneyland Park,Fantasyland,Le Carrousel de Lancelot,10,True
2026-07-01,11:30,Disneyland Park,Fantasyland,"Le Pays des Contes de Fées, presented by Vittel",5,True
2026-07-01,11:30,Disneyland Park,Fantasyland,Les Voyages de Pinocchio,30,True
2026-07-01,11:30,Disneyland Park,Fantasyland,Mad Hatter's Tea Cups,5,True
2026-07-01,11:30,Disneyland Park,Fantasyland,Meet Mickey Mouse,0,True
2026-07-01,11:30,Disneyland Park,Fantasyland,Peter Pan's Flight,65,True
2026-07-01,11:30,Disneyland Park,Fantasyland,Princess Pavilion,0,True
2026-07-01,11:30,Disneyland Park,Frontierland,Big Thunder Mountain,0,False
2026-07-01,11:30,Disneyland Park,Frontierland,Disneyland Railroad Frontierland Depot,0,False
2026-07-01,11:30,Disneyland Park,Frontierland,Frontierland Playground,0,True
2026-07-01,11:30,Disneyland Park,Frontierland,Phantom Manor,25,True
2026-07-01,11:30,Disneyland Park,Frontierland,River Rogue Keelboats,0,False
2026-07-01,11:30,Disneyland Park,Frontierland,Rustler Roundup Shootin' Gallery,0,True
2026-07-01,11:30,Disneyland Park,Frontierland,Thunder Mesa Riverboat Landing,20,True
2026-07-01,11:30,Disneyland Park,Main Street U.S.A,Disneyland Railroad Main Street Station,0,False
2026-07-01,11:30,Disneyland Park,Main Street U.S.A,Main Street Vehicles,0,False
2026-07-01,11:30,Disney Adventure World,Marvel Avengers Campus,Avengers Assemble: Flight Force,30,True
2026-07-01,11:30,Disney Adventure World,Marvel Avengers Campus,Avengers Assemble: Flight Force Single Rider,15,True
2026-07-01,11:30,Disney Adventure World,Marvel Avengers Campus,Spider-Man W.E.B. Adventure,50,True
2026-07-01,11:30,Disney Adventure World,Marvel Avengers Campus,Spider-Man W.E.B. Adventure Single Rider,15,True
2026-07-01,11:30,Disney Adventure World,Production Courtyard,The Twilight Zone Tower of Terror,80,True
2026-07-01,11:30,Disney Adventure World,Toon Studio,Cars Quatre Roues Rallye,25,True
2026-07-01,11:30,Disney Adventure World,Toon Studio,Cars ROAD TRIP,60,True
2026-07-01,11:30,Disney Adventure World,Toon Studio,Crush's Coaster,85,True
2026-07-01,11:30,Disney Adventure World,Toon Studio,Crush's Coaster Single Rider,60,True
2026-07-01,11:30,Disney Adventure World,Toon Studio,Les Tapis Volants - Flying Carpets Over Agrabah®,25,True
2026-07-01,11:30,Disney Adventure World,Toon Studio,Ratatouille : L’Aventure Totalement Toquée de Rémy​,60,True
2026-07-01,11:30,Disney Adventure World,Toon Studio,Ratatouille: The Adventure Single Rider,35,True
2026-07-01,11:30,Disney Adventure World,Toon Studio,RC Racer,40,True
2026-07-01,11:30,Disney Adventure World,Toon Studio,RC Racer Single Rider,35,True
2026-07-01,11:30,Disney Adventure World,Toon Studio,Slinky® Dog Zigzag Spin,25,True
2026-07-01,11:30,Disney Adventure World,Toon Studio,Toy Soldiers Parachute Drop,65,True
2026-07-01,11:30,Disney Adventure World,Toon Studio,Toy Soldiers Parachute Drop Single Rider,15,True
2026-07-01,11:30,Disney Adventure World,World of Frozen,Entry to World of Frozen,0,True
2026-07-01,11:30,Disney Adventure World,World of Frozen,Frozen Ever After,60,True
2026-07-01,11:30,Disney Adventure World,World of Frozen,Raiponce Tangled Spin,30,True
2026-07-01,11:35,Disneyland Park,Adventureland,Adventure Isle,0,True
2026-07-01,11:35,Disneyland Park,Adventureland,Indiana Jones and the Temple of Peril Single Rider,25,True
2026-07-01,11:35,Disneyland Park,Adventureland,Indiana Jones™ and the Temple of Peril,50,True
2026-07-01,11:35,Disneyland Park,Adventureland,La Cabane des Robinson,5,True
2026-07-01,11:35,Disneyland Park,Adventureland,Le Passage Enchanté d'Aladdin,0,True
2026-07-01,11:35,Disneyland Park,Adventureland,Pirate Galleon,0,False
2026-07-01,11:35,Disneyland Park,Adventureland,Pirates of the Caribbean,0,False
2026-07-01,11:35,Disneyland Park,Adventureland,Pirates' Beach,0,True
2026-07-01,11:35,Disneyland Park,Discoveryland,"Autopia, presented by Avis",40,True
2026-07-01,11:35,Disneyland Park,Discoveryland,Buzz Lightyear Laser Blast,50,True
2026-07-01,11:35,Disneyland Park,Discoveryland,Disneyland Railroad Discoveryland Station,0,False
2026-07-01,11:35,Disneyland Park,Discoveryland,Les Mystères du Nautilus,5,True
2026-07-01,11:35,Disneyland Park,Discoveryland,Mickey’s PhilharMagic,0,False
2026-07-01,11:35,Disneyland Park,Discoveryland,Orbitron®,35,True
2026-07-01,11:35,Disneyland Park,Discoveryland,Star Tours: The Adventures Continue*,15,True
2026-07-01,11:35,Disneyland Park,Discoveryland,Star Wars Hyperspace Mountain,0,False
2026-07-01,11:35,Disneyland Park,Discoveryland,Star Wars Hyperspace Mountain Single Rider,0,False
2026-07-01,11:35,Disneyland Park,Discoveryland,Welcome to Starport: A Star Wars Encounter,0,True
2026-07-01,11:35,Disneyland Park,Fantasyland,"""it's a small world""",15,True
2026-07-01,11:35,Disneyland Park,Fantasyland,Alice's Curious Labyrinth,0,False
2026-07-01,11:35,Disneyland Park,Fantasyland,Blanche-Neige et les Sept Nains®,0,False
2026-07-01,11:35,Disneyland Park,Fantasyland,Casey Jr. – le Petit Train du Cirque,15,True
2026-07-01,11:35,Disneyland Park,Fantasyland,Disneyland Railroad Fantasyland Station,0,False
2026-07-01,11:35,Disneyland Park,Fantasyland,Disneyland Railroad Main Street Station,0,False
2026-07-01,11:35,Disneyland Park,Fantasyland,Dumbo the Flying Elephant,30,True
2026-07-01,11:35,Disneyland Park,Fantasyland,La Tanière du Dragon,0,True
2026-07-01,11:35,Disneyland Park,Fantasyland,Le Carrousel de Lancelot,10,True
2026-07-01,11:35,Disneyland Park,Fantasyland,"Le Pays des Contes de Fées, presented by Vittel",5,True
2026-07-01,11:35,Disneyland Park,Fantasyland,Les Voyages de Pinocchio,15,True
2026-07-01,11:35,Disneyland Park,Fantasyland,Mad Hatter's Tea Cups,5,True
2026-07-01,11:35,Disneyland Park,Fantasyland,Meet Mickey Mouse,0,True
2026-07-01,11:35,Disneyland Park,Fantasyland,Peter Pan's Flight,65,True
2026-07-01,11:35,Disneyland Park,Fantasyland,Princess Pavilion,0,True
2026-07-01,11:35,Disneyland Park,Frontierland,Big Thunder Mountain,0,False
2026-07-01,11:35,Disneyland Park,Frontierland,Disneyland Railroad Frontierland Depot,0,False
2026-07-01,11:35,Disneyland Park,Frontierland,Frontierland Playground,0,True
2026-07-01,11:35,Disneyland Park,Frontierland,Phantom Manor,25,True
2026-07-01,11:35,Disneyland Park,Frontierland,River Rogue Keelboats,0,False
2026-07-01,11:35,Disneyland Park,Frontierland,Rustler Roundup Shootin' Gallery,0,True
2026-07-01,11:35,Disneyland Park,Frontierland,Thunder Mesa Riverboat Landing,20,True
2026-07-01,11:35,Disneyland Park,Main Street U.S.A,Disneyland Railroad Main Street Station,0,False
2026-07-01,11:35,Disneyland Park,Main Street U.S.A,Main Street Vehicles,0,False
2026-07-01,11:35,Disney Adventure World,Marvel Avengers Campus,Avengers Assemble: Flight Force,30,True
2026-07-01,11:35,Disney Adventure World,Marvel Avengers Campus,Avengers Assemble: Flight Force Single Rider,15,True
2026-07-01,11:35,Disney Adventure World,Marvel Avengers Campus,Spider-Man W.E.B. Adventure,50,True
2026-07-01,11:35,Disney Adventure World,Marvel Avengers Campus,Spider-Man W.E.B. Adventure Single Rider,25,True
2026-07-01,11:35,Disney Adventure World,Production Courtyard,The Twilight Zone Tower of Terror,85,True
2026-07-01,11:35,Disney Adventure World,Toon Studio,Cars Quatre Roues Rallye,25,True
2026-07-01,11:35,Disney Adventure World,Toon Studio,Cars ROAD TRIP,60,True
2026-07-01,11:35,Disney Adventure World,Toon Studio,Crush's Coaster,95,True
2026-07-01,11:35,Disney Adventure World,Toon Studio,Crush's Coaster Single Rider,60,True
2026-07-01,11:35,Disney Adventure World,Toon Studio,Les Tapis Volants - Flying Carpets Over Agrabah®,25,True
2026-07-01,11:35,Disney Adventure World,Toon Studio,Ratatouille : L’Aventure Totalement Toquée de Rémy​,60,True
2026-07-01,11:35,Disney Adventure World,Toon Studio,Ratatouille: The Adventure Single Rider,35,True
2026-07-01,11:35,Disney Adventure World,Toon Studio,RC Racer,40,True
2026-07-01,11:35,Disney Adventure World,Toon Studio,RC Racer Single Rider,35,True
2026-07-01,11:35,Disney Adventure World,Toon Studio,Slinky® Dog Zigzag Spin,35,True
2026-07-01,11:35,Disney Adventure World,Toon Studio,Toy Soldiers Parachute Drop,65,True
2026-07-01,11:35,Disney Adventure World,Toon Studio,Toy Soldiers Parachute Drop Single Rider,15,True
2026-07-01,11:35,Disney Adventure World,World of Frozen,Entry to World of Frozen,0,True
2026-07-01,11:35,Disney Adventure World,World of Frozen,Frozen Ever After,65,True
2026-07-01,11:35,Disney Adventure World,World of Frozen,Raiponce Tangled Spin,15,True
2026-07-01,11:40,Disneyland Park,Adventureland,Adventure Isle,0,True
2026-07-01,11:40,Disneyland Park,Adventureland,Indiana Jones and the Temple of Peril Single Rider,30,True
2026-07-01,11:40,Disneyland Park,Adventureland,Indiana Jones™ and the Temple of Peril,45,True
2026-07-01,11:40,Disneyland Park,Adventureland,La Cabane des Robinson,5,True
2026-07-01,11:40,Disneyland Park,Adventureland,Le Passage Enchanté d'Aladdin,0,True
2026-07-01,11:40,Disneyland Park,Adventureland,Pirate Galleon,0,False
2026-07-01,11:40,Disneyland Park,Adventureland,Pirates of the Caribbean,0,False
2026-07-01,11:40,Disneyland Park,Adventureland,Pirates' Beach,0,True
2026-07-01,11:40,Disneyland Park,Discoveryland,"Autopia, presented by Avis",40,True
2026-07-01,11:40,Disneyland Park,Discoveryland,Buzz Lightyear Laser Blast,50,True
2026-07-01,11:40,Disneyland Park,Discoveryland,Disneyland Railroad Discoveryland Station,0,False
2026-07-01,11:40,Disneyland Park,Discoveryland,Les Mystères du Nautilus,5,True
2026-07-01,11:40,Disneyland Park,Discoveryland,Mickey’s PhilharMagic,0,False
2026-07-01,11:40,Disneyland Park,Discoveryland,Orbitron®,35,True
2026-07-01,11:40,Disneyland Park,Discoveryland,Star Tours: The Adventures Continue*,15,True
2026-07-01,11:40,Disneyland Park,Discoveryland,Star Wars Hyperspace Mountain,85,True
2026-07-01,11:40,Disneyland Park,Discoveryland,Star Wars Hyperspace Mountain Single Rider,80,True
2026-07-01,11:40,Disneyland Park,Discoveryland,Welcome to Starport: A Star Wars Encounter,0,True
2026-07-01,11:40,Disneyland Park,Fantasyland,"""it's a small world""",15,True
2026-07-01,11:40,Disneyland Park,Fantasyland,Alice's Curious Labyrinth,0,False
2026-07-01,11:40,Disneyland Park,Fantasyland,Blanche-Neige et les Sept Nains®,0,False
2026-07-01,11:40,Disneyland Park,Fantasyland,Casey Jr. – le Petit Train du Cirque,15,True
2026-07-01,11:40,Disneyland Park,Fantasyland,Disneyland Railroad Fantasyland Station,0,False
2026-07-01,11:40,Disneyland Park,Fantasyland,Disneyland Railroad Main Street Station,0,False
2026-07-01,11:40,Disneyland Park,Fantasyland,Dumbo the Flying Elephant,30,True
2026-07-01,11:40,Disneyland Park,Fantasyland,La Tanière du Dragon,0,True
2026-07-01,11:40,Disneyland Park,Fantasyland,Le Carrousel de Lancelot,10,True
2026-07-01,11:40,Disneyland Park,Fantasyland,"Le Pays des Contes de Fées, presented by Vittel",5,True
2026-07-01,11:40,Disneyland Park,Fantasyland,Les Voyages de Pinocchio,15,True
2026-07-01,11:40,Disneyland Park,Fantasyland,Mad Hatter's Tea Cups,5,True
2026-07-01,11:40,Disneyland Park,Fantasyland,Meet Mickey Mouse,0,True
2026-07-01,11:40,Disneyland Park,Fantasyland,Peter Pan's Flight,65,True
2026-07-01,11:40,Disneyland Park,Fantasyland,Princess Pavilion,0,True
2026-07-01,11:40,Disneyland Park,Frontierland,Big Thunder Mountain,0,False
2026-07-01,11:40,Disneyland Park,Frontierland,Disneyland Railroad Frontierland Depot,0,False
2026-07-01,11:40,Disneyland Park,Frontierland,Frontierland Playground,0,True
2026-07-01,11:40,Disneyland Park,Frontierland,Phantom Manor,25,True
2026-07-01,11:40,Disneyland Park,Frontierland,River Rogue Keelboats,0,False
2026-07-01,11:40,Disneyland Park,Frontierland,Rustler Roundup Shootin' Gallery,0,True
2026-07-01,11:40,Disneyland Park,Frontierland,Thunder Mesa Riverboat Landing,20,True
2026-07-01,11:40,Disneyland Park,Main Street U.S.A,Disneyland Railroad Main Street Station,0,False
2026-07-01,11:40,Disneyland Park,Main Street U.S.A,Main Street Vehicles,0,False
2026-07-01,11:40,Disney Adventure World,Marvel Avengers Campus,Avengers Assemble: Flight Force,30,True
2026-07-01,11:40,Disney Adventure World,Marvel Avengers Campus,Avengers Assemble: Flight Force Single Rider,25,True
2026-07-01,11:40,Disney Adventure World,Marvel Avengers Campus,Spider-Man W.E.B. Adventure,50,True
2026-07-01,11:40,Disney Adventure World,Marvel Avengers Campus,Spider-Man W.E.B. Adventure Single Rider,25,True
2026-07-01,11:40,Disney Adventure World,Production Courtyard,The Twilight Zone Tower of Terror,85,True
2026-07-01,11:40,Disney Adventure World,Toon Studio,Cars Quatre Roues Rallye,20,True
2026-07-01,11:40,Disney Adventure World,Toon Studio,Cars ROAD TRIP,50,True
2026-07-01,11:40,Disney Adventure World,Toon Studio,Crush's Coaster,95,True
2026-07-01,11:40,Disney Adventure World,Toon Studio,Crush's Coaster Single Rider,60,True
2026-07-01,11:40,Disney Adventure World,Toon Studio,Les Tapis Volants - Flying Carpets Over Agrabah®,25,True
2026-07-01,11:40,Disney Adventure World,Toon Studio,Ratatouille : L’Aventure Totalement Toquée de Rémy​,45,True
2026-07-01,11:40,Disney Adventure World,Toon Studio,Ratatouille: The Adventure Single Rider,20,True
2026-07-01,11:40,Disney Adventure World,Toon Studio,RC Racer,40,True
2026-07-01,11:40,Disney Adventure World,Toon Studio,RC Racer Single Rider,35,True
2026-07-01,11:40,Disney Adventure World,Toon Studio,Slinky® Dog Zigzag Spin,35,True
2026-07-01,11:40,Disney Adventure World,Toon Studio,Toy Soldiers Parachute Drop,70,True
2026-07-01,11:40,Disney Adventure World,Toon Studio,Toy Soldiers Parachute Drop Single Rider,15,True
2026-07-01,11:40,Disney Adventure World,World of Frozen,Entry to World of Frozen,0,True
2026-07-01,11:40,Disney Adventure World,World of Frozen,Frozen Ever After,65,True
2026-07-01,11:40,Disney Adventure World,World of Frozen,Raiponce Tangled Spin,15,True
2026-07-01,11:45,Disneyland Park,Adventureland,Adventure Isle,0,True
2026-07-01,11:45,Disneyland Park,Adventureland,Indiana Jones and the Temple of Peril Single Rider,30,True
2026-07-01,11:45,Disneyland Park,Adventureland,Indiana Jones™ and the Temple of Peril,45,True
2026-07-01,11:45,Disneyland Park,Adventureland,La Cabane des Robinson,5,True
2026-07-01,11:45,Disneyland Park,Adventureland,Le Passage Enchanté d'Aladdin,0,True
2026-07-01,11:45,Disneyland Park,Adventureland,Pirate Galleon,0,False
2026-07-01,11:45,Disneyland Park,Adventureland,Pirates of the Caribbean,0,False
2026-07-01,11:45,Disneyland Park,Adventureland,Pirates' Beach,0,True
2026-07-01,11:45,Disneyland Park,Discoveryland,"Autopia, presented by Avis",40,True
2026-07-01,11:45,Disneyland Park,Discoveryland,Buzz Lightyear Laser Blast,50,True
2026-07-01,11:45,Disneyland Park,Discoveryland,Disneyland Railroad Discoveryland Station,0,False
2026-07-01,11:45,Disneyland Park,Discoveryland,Les Mystères du Nautilus,5,True
2026-07-01,11:45,Disneyland Park,Discoveryland,Mickey’s PhilharMagic,0,False
2026-07-01,11:45,Disneyland Park,Discoveryland,Orbitron®,50,True
2026-07-01,11:45,Disneyland Park,Discoveryland,Star Tours: The Adventures Continue*,15,True
2026-07-01,11:45,Disneyland Park,Discoveryland,Star Wars Hyperspace Mountain,30,True
2026-07-01,11:45,Disneyland Park,Discoveryland,Star Wars Hyperspace Mountain Single Rider,25,True
2026-07-01,11:45,Disneyland Park,Discoveryland,Welcome to Starport: A Star Wars Encounter,0,True
2026-07-01,11:45,Disneyland Park,Fantasyland,"""it's a small world""",5,True
2026-07-01,11:45,Disneyland Park,Fantasyland,Alice's Curious Labyrinth,0,False
2026-07-01,11:45,Disneyland Park,Fantasyland,Blanche-Neige et les Sept Nains®,0,False
2026-07-01,11:45,Disneyland Park,Fantasyland,Casey Jr. – le Petit Train du Cirque,15,True
2026-07-01,11:45,Disneyland Park,Fantasyland,Disneyland Railroad Fantasyland Station,0,False
2026-07-01,11:45,Disneyland Park,Fantasyland,Disneyland Railroad Main Street Station,0,False
2026-07-01,11:45,Disneyland Park,Fantasyland,Dumbo the Flying Elephant,25,True
2026-07-01,11:45,Disneyland Park,Fantasyland,La Tanière du Dragon,0,True
2026-07-01,11:45,Disneyland Park,Fantasyland,Le Carrousel de Lancelot,10,True
2026-07-01,11:45,Disneyland Park,Fantasyland,"Le Pays des Contes de Fées, presented by Vittel",5,True
2026-07-01,11:45,Disneyland Park,Fantasyland,Les Voyages de Pinocchio,15,True
2026-07-01,11:45,Disneyland Park,Fantasyland,Mad Hatter's Tea Cups,5,True
2026-07-01,11:45,Disneyland Park,Fantasyland,Meet Mickey Mouse,0,True
2026-07-01,11:45,Disneyland Park,Fantasyland,Peter Pan's Flight,65,True
2026-07-01,11:45,Disneyland Park,Fantasyland,Princess Pavilion,0,True
2026-07-01,11:45,Disneyland Park,Frontierland,Big Thunder Mountain,0,False
2026-07-01,11:45,Disneyland Park,Frontierland,Disneyland Railroad Frontierland Depot,0,False
2026-07-01,11:45,Disneyland Park,Frontierland,Frontierland Playground,0,True
2026-07-01,11:45,Disneyland Park,Frontierland,Phantom Manor,25,True
2026-07-01,11:45,Disneyland Park,Frontierland,River Rogue Keelboats,0,False
2026-07-01,11:45,Disneyland Park,Frontierland,Rustler Roundup Shootin' Gallery,0,True
2026-07-01,11:45,Disneyland Park,Frontierland,Thunder Mesa Riverboat Landing,20,True
2026-07-01,11:45,Disneyland Park,Main Street U.S.A,Disneyland Railroad Main Street Station,0,False
2026-07-01,11:45,Disneyland Park,Main Street U.S.A,Main Street Vehicles,0,False
2026-07-01,11:45,Disney Adventure World,Marvel Avengers Campus,Avengers Assemble: Flight Force,30,True
2026-07-01,11:45,Disney Adventure World,Marvel Avengers Campus,Avengers Assemble: Flight Force Single Rider,25,True
2026-07-01,11:45,Disney Adventure World,Marvel Avengers Campus,Spider-Man W.E.B. Adventure,50,True
2026-07-01,11:45,Disney Adventure World,Marvel Avengers Campus,Spider-Man W.E.B. Adventure Single Rider,30,True
2026-07-01,11:45,Disney Adventure World,Production Courtyard,The Twilight Zone Tower of Terror,85,True
2026-07-01,11:45,Disney Adventure World,Toon Studio,Cars Quatre Roues Rallye,15,True
2026-07-01,11:45,Disney Adventure World,Toon Studio,Cars ROAD TRIP,50,True
2026-07-01,11:45,Disney Adventure World,Toon Studio,Crush's Coaster,95,True
2026-07-01,11:45,Disney Adventure World,Toon Studio,Crush's Coaster Single Rider,30,True
2026-07-01,11:45,Disney Adventure World,Toon Studio,Les Tapis Volants - Flying Carpets Over Agrabah®,25,True
2026-07-01,11:45,Disney Adventure World,Toon Studio,Ratatouille : L’Aventure Totalement Toquée de Rémy​,65,True
2026-07-01,11:45,Disney Adventure World,Toon Studio,Ratatouille: The Adventure Single Rider,20,True
2026-07-01,11:45,Disney Adventure World,Toon Studio,RC Racer,40,True
2026-07-01,11:45,Disney Adventure World,Toon Studio,RC Racer Single Rider,35,True
2026-07-01,11:45,Disney Adventure World,Toon Studio,Slinky® Dog Zigzag Spin,35,True
2026-07-01,11:45,Disney Adventure World,Toon Studio,Toy Soldiers Parachute Drop,65,True
2026-07-01,11:45,Disney Adventure World,Toon Studio,Toy Soldiers Parachute Drop Single Rider,25,True
2026-07-01,11:45,Disney Adventure World,World of Frozen,Entry to World of Frozen,0,True
2026-07-01,11:45,Disney Adventure World,World of Frozen,Frozen Ever After,65,True
2026-07-01,11:45,Disney Adventure World,World of Frozen,Raiponce Tangled Spin,15,True
2026-07-01,11:50,Disneyland Park,Adventureland,Adventure Isle,0,True
2026-07-01,11:50,Disneyland Park,Adventureland,Indiana Jones and the Temple of Peril Single Rider,15,True
2026-07-01,11:50,Disneyland Park,Adventureland,Indiana Jones™ and the Temple of Peril,45,True
2026-07-01,11:50,Disneyland Park,Adventureland,La Cabane des Robinson,5,True
2026-07-01,11:50,Disneyland Park,Adventureland,Le Passage Enchanté d'Aladdin,0,True
2026-07-01,11:50,Disneyland Park,Adventureland,Pirate Galleon,0,False
2026-07-01,11:50,Disneyland Park,Adventureland,Pirates of the Caribbean,0,False
2026-07-01,11:50,Disneyland Park,Adventureland,Pirates' Beach,0,True
2026-07-01,11:50,Disneyland Park,Discoveryland,"Autopia, presented by Avis",40,True
2026-07-01,11:50,Disneyland Park,Discoveryland,Buzz Lightyear Laser Blast,50,True
2026-07-01,11:50,Disneyland Park,Discoveryland,Disneyland Railroad Discoveryland Station,0,False
2026-07-01,11:50,Disneyland Park,Discoveryland,Les Mystères du Nautilus,5,True
2026-07-01,11:50,Disneyland Park,Discoveryland,Mickey’s PhilharMagic,0,False
2026-07-01,11:50,Disneyland Park,Discoveryland,Orbitron®,45,True
2026-07-01,11:50,Disneyland Park,Discoveryland,Star Tours: The Adventures Continue*,15,True
2026-07-01,11:50,Disneyland Park,Discoveryland,Star Wars Hyperspace Mountain,35,True
2026-07-01,11:50,Disneyland Park,Discoveryland,Star Wars Hyperspace Mountain Single Rider,25,True
2026-07-01,11:50,Disneyland Park,Discoveryland,Welcome to Starport: A Star Wars Encounter,0,True
2026-07-01,11:50,Disneyland Park,Fantasyland,"""it's a small world""",5,True
2026-07-01,11:50,Disneyland Park,Fantasyland,Alice's Curious Labyrinth,0,False
2026-07-01,11:50,Disneyland Park,Fantasyland,Blanche-Neige et les Sept Nains®,0,False
2026-07-01,11:50,Disneyland Park,Fantasyland,Casey Jr. – le Petit Train du Cirque,15,True
2026-07-01,11:50,Disneyland Park,Fantasyland,Disneyland Railroad Fantasyland Station,0,False
2026-07-01,11:50,Disneyland Park,Fantasyland,Disneyland Railroad Main Street Station,0,False
2026-07-01,11:50,Disneyland Park,Fantasyland,Dumbo the Flying Elephant,25,True
2026-07-01,11:50,Disneyland Park,Fantasyland,La Tanière du Dragon,0,True
2026-07-01,11:50,Disneyland Park,Fantasyland,Le Carrousel de Lancelot,10,True
2026-07-01,11:50,Disneyland Park,Fantasyland,"Le Pays des Contes de Fées, presented by Vittel",5,True
2026-07-01,11:50,Disneyland Park,Fantasyland,Les Voyages de Pinocchio,20,True
2026-07-01,11:50,Disneyland Park,Fantasyland,Mad Hatter's Tea Cups,5,True
2026-07-01,11:50,Disneyland Park,Fantasyland,Meet Mickey Mouse,0,True
2026-07-01,11:50,Disneyland Park,Fantasyland,Peter Pan's Flight,65,True
2026-07-01,11:50,Disneyland Park,Fantasyland,Princess Pavilion,0,True
2026-07-01,11:50,Disneyland Park,Frontierland,Big Thunder Mountain,0,False
2026-07-01,11:50,Disneyland Park,Frontierland,Disneyland Railroad Frontierland Depot,0,False
2026-07-01,11:50,Disneyland Park,Frontierland,Frontierland Playground,0,True
2026-07-01,11:50,Disneyland Park,Frontierland,Phantom Manor,25,True
2026-07-01,11:50,Disneyland Park,Frontierland,River Rogue Keelboats,0,False
2026-07-01,11:50,Disneyland Park,Frontierland,Rustler Roundup Shootin' Gallery,0,True
2026-07-01,11:50,Disneyland Park,Frontierland,Thunder Mesa Riverboat Landing,20,True
2026-07-01,11:50,Disneyland Park,Main Street U.S.A,Disneyland Railroad Main Street Station,0,False
2026-07-01,11:50,Disneyland Park,Main Street U.S.A,Main Street Vehicles,0,False
2026-07-01,11:50,Disney Adventure World,Marvel Avengers Campus,Avengers Assemble: Flight Force,35,True
2026-07-01,11:50,Disney Adventure World,Marvel Avengers Campus,Avengers Assemble: Flight Force Single Rider,30,True
2026-07-01,11:50,Disney Adventure World,Marvel Avengers Campus,Spider-Man W.E.B. Adventure,55,True
2026-07-01,11:50,Disney Adventure World,Marvel Avengers Campus,Spider-Man W.E.B. Adventure Single Rider,30,True
2026-07-01,11:50,Disney Adventure World,Production Courtyard,The Twilight Zone Tower of Terror,80,True
2026-07-01,11:50,Disney Adventure World,Toon Studio,Cars Quatre Roues Rallye,15,True
2026-07-01,11:50,Disney Adventure World,Toon Studio,Cars ROAD TRIP,50,True
2026-07-01,11:50,Disney Adventure World,Toon Studio,Crush's Coaster,95,True
2026-07-01,11:50,Disney Adventure World,Toon Studio,Crush's Coaster Single Rider,30,True
2026-07-01,11:50,Disney Adventure World,Toon Studio,Les Tapis Volants - Flying Carpets Over Agrabah®,25,True
2026-07-01,11:50,Disney Adventure World,Toon Studio,Ratatouille : L’Aventure Totalement Toquée de Rémy​,65,True
2026-07-01,11:50,Disney Adventure World,Toon Studio,Ratatouille: The Adventure Single Rider,20,True
2026-07-01,11:50,Disney Adventure World,Toon Studio,RC Racer,50,True
2026-07-01,11:50,Disney Adventure World,Toon Studio,RC Racer Single Rider,45,True
2026-07-01,11:50,Disney Adventure World,Toon Studio,Slinky® Dog Zigzag Spin,35,True
2026-07-01,11:50,Disney Adventure World,Toon Studio,Toy Soldiers Parachute Drop,60,True
2026-07-01,11:50,Disney Adventure World,Toon Studio,Toy Soldiers Parachute Drop Single Rider,25,True
2026-07-01,11:50,Disney Adventure World,World of Frozen,Entry to World of Frozen,0,True
2026-07-01,11:50,Disney Adventure World,World of Frozen,Frozen Ever After,70,True
2026-07-01,11:50,Disney Adventure World,World of Frozen,Raiponce Tangled Spin,15,True
2026-07-01,11:55,Disneyland Park,Adventureland,Adventure Isle,0,True
2026-07-01,11:55,Disneyland Park,Adventureland,Indiana Jones and the Temple of Peril Single Rider,15,True
2026-07-01,11:55,Disneyland Park,Adventureland,Indiana Jones™ and the Temple of Peril,40,True
2026-07-01,11:55,Disneyland Park,Adventureland,La Cabane des Robinson,5,True
2026-07-01,11:55,Disneyland Park,Adventureland,Le Passage Enchanté d'Aladdin,0,True
2026-07-01,11:55,Disneyland Park,Adventureland,Pirate Galleon,0,False
2026-07-01,11:55,Disneyland Park,Adventureland,Pirates of the Caribbean,0,False
2026-07-01,11:55,Disneyland Park,Adventureland,Pirates' Beach,0,True
2026-07-01,11:55,Disneyland Park,Discoveryland,"Autopia, presented by Avis",20,True
2026-07-01,11:55,Disneyland Park,Discoveryland,Buzz Lightyear Laser Blast,20,True
2026-07-01,11:55,Disneyland Park,Discoveryland,Disneyland Railroad Discoveryland Station,0,False
2026-07-01,11:55,Disneyland Park,Discoveryland,Les Mystères du Nautilus,5,True
2026-07-01,11:55,Disneyland Park,Discoveryland,Mickey’s PhilharMagic,0,False
2026-07-01,11:55,Disneyland Park,Discoveryland,Orbitron®,50,True
2026-07-01,11:55,Disneyland Park,Discoveryland,Star Tours: The Adventures Continue*,15,True
2026-07-01,11:55,Disneyland Park,Discoveryland,Star Wars Hyperspace Mountain,40,True
2026-07-01,11:55,Disneyland Park,Discoveryland,Star Wars Hyperspace Mountain Single Rider,25,True
2026-07-01,11:55,Disneyland Park,Discoveryland,Welcome to Starport: A Star Wars Encounter,0,True
2026-07-01,11:55,Disneyland Park,Fantasyland,"""it's a small world""",5,True
2026-07-01,11:55,Disneyland Park,Fantasyland,Alice's Curious Labyrinth,0,False
2026-07-01,11:55,Disneyland Park,Fantasyland,Blanche-Neige et les Sept Nains®,0,False
2026-07-01,11:55,Disneyland Park,Fantasyland,Casey Jr. – le Petit Train du Cirque,10,True
2026-07-01,11:55,Disneyland Park,Fantasyland,Disneyland Railroad Fantasyland Station,0,False
2026-07-01,11:55,Disneyland Park,Fantasyland,Disneyland Railroad Main Street Station,0,False
2026-07-01,11:55,Disneyland Park,Fantasyland,Dumbo the Flying Elephant,25,True
2026-07-01,11:55,Disneyland Park,Fantasyland,La Tanière du Dragon,0,True
2026-07-01,11:55,Disneyland Park,Fantasyland,Le Carrousel de Lancelot,10,True
2026-07-01,11:55,Disneyland Park,Fantasyland,"Le Pays des Contes de Fées, presented by Vittel",5,True
2026-07-01,11:55,Disneyland Park,Fantasyland,Les Voyages de Pinocchio,20,True
2026-07-01,11:55,Disneyland Park,Fantasyland,Mad Hatter's Tea Cups,5,True
2026-07-01,11:55,Disneyland Park,Fantasyland,Meet Mickey Mouse,0,True
2026-07-01,11:55,Disneyland Park,Fantasyland,Peter Pan's Flight,65,True
2026-07-01,11:55,Disneyland Park,Fantasyland,Princess Pavilion,0,True
2026-07-01,11:55,Disneyland Park,Frontierland,Big Thunder Mountain,0,False
2026-07-01,11:55,Disneyland Park,Frontierland,Disneyland Railroad Frontierland Depot,0,False
2026-07-01,11:55,Disneyland Park,Frontierland,Frontierland Playground,0,True
2026-07-01,11:55,Disneyland Park,Frontierland,Phantom Manor,25,True
2026-07-01,11:55,Disneyland Park,Frontierland,River Rogue Keelboats,0,False
2026-07-01,11:55,Disneyland Park,Frontierland,Rustler Roundup Shootin' Gallery,0,True
2026-07-01,11:55,Disneyland Park,Frontierland,Thunder Mesa Riverboat Landing,20,True
2026-07-01,11:55,Disneyland Park,Main Street U.S.A,Disneyland Railroad Main Street Station,0,False
2026-07-01,11:55,Disneyland Park,Main Street U.S.A,Main Street Vehicles,0,False
2026-07-01,11:55,Disney Adventure World,Marvel Avengers Campus,Avengers Assemble: Flight Force,35,True
2026-07-01,11:55,Disney Adventure World,Marvel Avengers Campus,Avengers Assemble: Flight Force Single Rider,30,True
2026-07-01,11:55,Disney Adventure World,Marvel Avengers Campus,Spider-Man W.E.B. Adventure,55,True
2026-07-01,11:55,Disney Adventure World,Marvel Avengers Campus,Spider-Man W.E.B. Adventure Single Rider,25,True
2026-07-01,11:55,Disney Adventure World,Production Courtyard,The Twilight Zone Tower of Terror,65,True
2026-07-01,11:55,Disney Adventure World,Toon Studio,Cars Quatre Roues Rallye,15,True
2026-07-01,11:55,Disney Adventure World,Toon Studio,Cars ROAD TRIP,50,True
2026-07-01,11:55,Disney Adventure World,Toon Studio,Crush's Coaster,95,True
2026-07-01,11:55,Disney Adventure World,Toon Studio,Crush's Coaster Single Rider,45,True
2026-07-01,11:55,Disney Adventure World,Toon Studio,Les Tapis Volants - Flying Carpets Over Agrabah®,25,True
2026-07-01,11:55,Disney Adventure World,Toon Studio,Ratatouille : L’Aventure Totalement Toquée de Rémy​,65,True
2026-07-01,11:55,Disney Adventure World,Toon Studio,Ratatouille: The Adventure Single Rider,20,True
2026-07-01,11:55,Disney Adventure World,Toon Studio,RC Racer,50,True
2026-07-01,11:55,Disney Adventure World,Toon Studio,RC Racer Single Rider,45,True
2026-07-01,11:55,Disney Adventure World,Toon Studio,Slinky® Dog Zigzag Spin,35,True
2026-07-01,11:55,Disney Adventure World,Toon Studio,Toy Soldiers Parachute Drop,60,True
2026-07-01,11:55,Disney Adventure World,Toon Studio,Toy Soldiers Parachute Drop Single Rider,25,True
2026-07-01,11:55,Disney Adventure World,World of Frozen,Entry to World of Frozen,0,True
2026-07-01,11:55,Disney Adventure World,World of Frozen,Frozen Ever After,70,True
2026-07-01,11:55,Disney Adventure World,World of Frozen,Raiponce Tangled Spin,15,True
2026-07-01,12:00,Disneyland Park,Adventureland,Adventure Isle,0,True
2026-07-01,12:00,Disneyland Park,Adventureland,Indiana Jones and the Temple of Peril Single Rider,20,True
2026-07-01,12:00,Disneyland Park,Adventureland,Indiana Jones™ and the Temple of Peril,25,True
2026-07-01,12:00,Disneyland Park,Adventureland,La Cabane des Robinson,5,True
2026-07-01,12:00,Disneyland Park,Adventureland,Le Passage Enchanté d'Aladdin,0,True
2026-07-01,12:00,Disneyland Park,Adventureland,Pirate Galleon,0,False
2026-07-01,12:00,Disneyland Park,Adventureland,Pirates of the Caribbean,0,False
2026-07-01,12:00,Disneyland Park,Adventureland,Pirates' Beach,0,True
2026-07-01,12:00,Disneyland Park,Discoveryland,"Autopia, presented by Avis",40,True
2026-07-01,12:00,Disneyland Park,Discoveryland,Buzz Lightyear Laser Blast,30,True
2026-07-01,12:00,Disneyland Park,Discoveryland,Disneyland Railroad Discoveryland Station,0,False
2026-07-01,12:00,Disneyland Park,Discoveryland,Les Mystères du Nautilus,5,True
2026-07-01,12:00,Disneyland Park,Discoveryland,Mickey’s PhilharMagic,0,True
2026-07-01,12:00,Disneyland Park,Discoveryland,Orbitron®,45,True
2026-07-01,12:00,Disneyland Park,Discoveryland,Star Tours: The Adventures Continue*,5,True
2026-07-01,12:00,Disneyland Park,Discoveryland,Star Wars Hyperspace Mountain,50,True
2026-07-01,12:00,Disneyland Park,Discoveryland,Star Wars Hyperspace Mountain Single Rider,25,True
2026-07-01,12:00,Disneyland Park,Discoveryland,Welcome to Starport: A Star Wars Encounter,0,True
2026-07-01,12:00,Disneyland Park,Fantasyland,"""it's a small world""",5,True
2026-07-01,12:00,Disneyland Park,Fantasyland,Alice's Curious Labyrinth,0,False
2026-07-01,12:00,Disneyland Park,Fantasyland,Blanche-Neige et les Sept Nains®,0,False
2026-07-01,12:00,Disneyland Park,Fantasyland,Casey Jr. – le Petit Train du Cirque,10,True
2026-07-01,12:00,Disneyland Park,Fantasyland,Disneyland Railroad Fantasyland Station,0,False
2026-07-01,12:00,Disneyland Park,Fantasyland,Disneyland Railroad Main Street Station,0,False
2026-07-01,12:00,Disneyland Park,Fantasyland,Dumbo the Flying Elephant,25,True
2026-07-01,12:00,Disneyland Park,Fantasyland,La Tanière du Dragon,0,True
2026-07-01,12:00,Disneyland Park,Fantasyland,Le Carrousel de Lancelot,10,True
2026-07-01,12:00,Disneyland Park,Fantasyland,"Le Pays des Contes de Fées, presented by Vittel",5,True
2026-07-01,12:00,Disneyland Park,Fantasyland,Les Voyages de Pinocchio,20,True
2026-07-01,12:00,Disneyland Park,Fantasyland,Mad Hatter's Tea Cups,5,True
2026-07-01,12:00,Disneyland Park,Fantasyland,Meet Mickey Mouse,0,True
2026-07-01,12:00,Disneyland Park,Fantasyland,Peter Pan's Flight,65,True
2026-07-01,12:00,Disneyland Park,Fantasyland,Princess Pavilion,0,True
2026-07-01,12:00,Disneyland Park,Frontierland,Big Thunder Mountain,0,False
2026-07-01,12:00,Disneyland Park,Frontierland,Disneyland Railroad Frontierland Depot,0,False
2026-07-01,12:00,Disneyland Park,Frontierland,Frontierland Playground,0,True
2026-07-01,12:00,Disneyland Park,Frontierland,Phantom Manor,25,True
2026-07-01,12:00,Disneyland Park,Frontierland,River Rogue Keelboats,0,False
2026-07-01,12:00,Disneyland Park,Frontierland,Rustler Roundup Shootin' Gallery,0,True
2026-07-01,12:00,Disneyland Park,Frontierland,Thunder Mesa Riverboat Landing,20,True
2026-07-01,12:00,Disneyland Park,Main Street U.S.A,Disneyland Railroad Main Street Station,0,False
2026-07-01,12:00,Disneyland Park,Main Street U.S.A,Main Street Vehicles,0,False
2026-07-01,12:00,Disney Adventure World,Marvel Avengers Campus,Avengers Assemble: Flight Force,35,True
2026-07-01,12:00,Disney Adventure World,Marvel Avengers Campus,Avengers Assemble: Flight Force Single Rider,30,True
2026-07-01,12:00,Disney Adventure World,Marvel Avengers Campus,Spider-Man W.E.B. Adventure,45,True
2026-07-01,12:00,Disney Adventure World,Marvel Avengers Campus,Spider-Man W.E.B. Adventure Single Rider,20,True
2026-07-01,12:00,Disney Adventure World,Production Courtyard,The Twilight Zone Tower of Terror,55,True
2026-07-01,12:00,Disney Adventure World,Toon Studio,Cars Quatre Roues Rallye,15,True
2026-07-01,12:00,Disney Adventure World,Toon Studio,Cars ROAD TRIP,40,True
2026-07-01,12:00,Disney Adventure World,Toon Studio,Crush's Coaster,90,True
2026-07-01,12:00,Disney Adventure World,Toon Studio,Crush's Coaster Single Rider,60,True
2026-07-01,12:00,Disney Adventure World,Toon Studio,Les Tapis Volants - Flying Carpets Over Agrabah®,0,False
2026-07-01,12:00,Disney Adventure World,Toon Studio,Ratatouille : L’Aventure Totalement Toquée de Rémy​,65,True
2026-07-01,12:00,Disney Adventure World,Toon Studio,Ratatouille: The Adventure Single Rider,20,True
2026-07-01,12:00,Disney Adventure World,Toon Studio,RC Racer,55,True
2026-07-01,12:00,Disney Adventure World,Toon Studio,RC Racer Single Rider,30,True
2026-07-01,12:00,Disney Adventure World,Toon Studio,Slinky® Dog Zigzag Spin,35,True
2026-07-01,12:00,Disney Adventure World,Toon Studio,Toy Soldiers Parachute Drop,60,True
2026-07-01,12:00,Disney Adventure World,Toon Studio,Toy Soldiers Parachute Drop Single Rider,25,True
2026-07-01,12:00,Disney Adventure World,World of Frozen,Entry to World of Frozen,0,True
2026-07-01,12:00,Disney Adventure World,World of Frozen,Frozen Ever After,70,True
2026-07-01,12:00,Disney Adventure World,World of Frozen,Raiponce Tangled Spin,15,True
2026-07-01,12:05,Disneyland Park,Adventureland,Adventure Isle,0,True
2026-07-01,12:05,Disneyland Park,Adventureland,Indiana Jones and the Temple of Peril Single Rider,15,True
2026-07-01,12:05,Disneyland Park,Adventureland,Indiana Jones™ and the Temple of Peril,35,True
2026-07-01,12:05,Disneyland Park,Adventureland,La Cabane des Robinson,5,True
2026-07-01,12:05,Disneyland Park,Adventureland,Le Passage Enchanté d'Aladdin,0,True
2026-07-01,12:05,Disneyland Park,Adventureland,Pirate Galleon,0,False
2026-07-01,12:05,Disneyland Park,Adventureland,Pirates of the Caribbean,0,False
2026-07-01,12:05,Disneyland Park,Adventureland,Pirates' Beach,0,True
2026-07-01,12:05,Disneyland Park,Discoveryland,"Autopia, presented by Avis",40,True
2026-07-01,12:05,Disneyland Park,Discoveryland,Buzz Lightyear Laser Blast,40,True
2026-07-01,12:05,Disneyland Park,Discoveryland,Disneyland Railroad Discoveryland Station,0,False
2026-07-01,12:05,Disneyland Park,Discoveryland,Les Mystères du Nautilus,5,True
2026-07-01,12:05,Disneyland Park,Discoveryland,Mickey’s PhilharMagic,0,True
2026-07-01,12:05,Disneyland Park,Discoveryland,Orbitron®,45,True
2026-07-01,12:05,Disneyland Park,Discoveryland,Star Tours: The Adventures Continue*,5,True
2026-07-01,12:05,Disneyland Park,Discoveryland,Star Wars Hyperspace Mountain,50,True
2026-07-01,12:05,Disneyland Park,Discoveryland,Star Wars Hyperspace Mountain Single Rider,40,True
2026-07-01,12:05,Disneyland Park,Discoveryland,Welcome to Starport: A Star Wars Encounter,0,True
2026-07-01,12:05,Disneyland Park,Fantasyland,"""it's a small world""",25,True
2026-07-01,12:05,Disneyland Park,Fantasyland,Alice's Curious Labyrinth,0,False
2026-07-01,12:05,Disneyland Park,Fantasyland,Blanche-Neige et les Sept Nains®,0,False
2026-07-01,12:05,Disneyland Park,Fantasyland,Casey Jr. – le Petit Train du Cirque,10,True
2026-07-01,12:05,Disneyland Park,Fantasyland,Disneyland Railroad Fantasyland Station,0,False
2026-07-01,12:05,Disneyland Park,Fantasyland,Disneyland Railroad Main Street Station,0,False
2026-07-01,12:05,Disneyland Park,Fantasyland,Dumbo the Flying Elephant,25,True
2026-07-01,12:05,Disneyland Park,Fantasyland,La Tanière du Dragon,0,True
2026-07-01,12:05,Disneyland Park,Fantasyland,Le Carrousel de Lancelot,10,True
2026-07-01,12:05,Disneyland Park,Fantasyland,"Le Pays des Contes de Fées, presented by Vittel",5,True
2026-07-01,12:05,Disneyland Park,Fantasyland,Les Voyages de Pinocchio,20,True
2026-07-01,12:05,Disneyland Park,Fantasyland,Mad Hatter's Tea Cups,5,True
2026-07-01,12:05,Disneyland Park,Fantasyland,Meet Mickey Mouse,0,True
2026-07-01,12:05,Disneyland Park,Fantasyland,Peter Pan's Flight,65,True
2026-07-01,12:05,Disneyland Park,Fantasyland,Princess Pavilion,0,True
2026-07-01,12:05,Disneyland Park,Frontierland,Big Thunder Mountain,0,False
2026-07-01,12:05,Disneyland Park,Frontierland,Disneyland Railroad Frontierland Depot,0,False
2026-07-01,12:05,Disneyland Park,Frontierland,Frontierland Playground,0,True
2026-07-01,12:05,Disneyland Park,Frontierland,Phantom Manor,0,False
2026-07-01,12:05,Disneyland Park,Frontierland,River Rogue Keelboats,0,False
2026-07-01,12:05,Disneyland Park,Frontierland,Rustler Roundup Shootin' Gallery,0,True
2026-07-01,12:05,Disneyland Park,Frontierland,Thunder Mesa Riverboat Landing,20,True
2026-07-01,12:05,Disneyland Park,Main Street U.S.A,Disneyland Railroad Main Street Station,0,False
2026-07-01,12:05,Disneyland Park,Main Street U.S.A,Main Street Vehicles,0,False
2026-07-01,12:05,Disney Adventure World,Marvel Avengers Campus,Avengers Assemble: Flight Force,35,True
2026-07-01,12:05,Disney Adventure World,Marvel Avengers Campus,Avengers Assemble: Flight Force Single Rider,30,True
2026-07-01,12:05,Disney Adventure World,Marvel Avengers Campus,Spider-Man W.E.B. Adventure,45,True
2026-07-01,12:05,Disney Adventure World,Marvel Avengers Campus,Spider-Man W.E.B. Adventure Single Rider,20,True
2026-07-01,12:05,Disney Adventure World,Production Courtyard,The Twilight Zone Tower of Terror,55,True
2026-07-01,12:05,Disney Adventure World,Toon Studio,Cars Quatre Roues Rallye,20,True
2026-07-01,12:05,Disney Adventure World,Toon Studio,Cars ROAD TRIP,40,True
2026-07-01,12:05,Disney Adventure World,Toon Studio,Crush's Coaster,90,True
2026-07-01,12:05,Disney Adventure World,Toon Studio,Crush's Coaster Single Rider,60,True
2026-07-01,12:05,Disney Adventure World,Toon Studio,Les Tapis Volants - Flying Carpets Over Agrabah®,0,False
2026-07-01,12:05,Disney Adventure World,Toon Studio,Ratatouille : L’Aventure Totalement Toquée de Rémy​,55,True
2026-07-01,12:05,Disney Adventure World,Toon Studio,Ratatouille: The Adventure Single Rider,20,True
2026-07-01,12:05,Disney Adventure World,Toon Studio,RC Racer,55,True
2026-07-01,12:05,Disney Adventure World,Toon Studio,RC Racer Single Rider,30,True
2026-07-01,12:05,Disney Adventure World,Toon Studio,Slinky® Dog Zigzag Spin,25,True
2026-07-01,12:05,Disney Adventure World,Toon Studio,Toy Soldiers Parachute Drop,60,True
2026-07-01,12:05,Disney Adventure World,Toon Studio,Toy Soldiers Parachute Drop Single Rider,20,True
2026-07-01,12:05,Disney Adventure World,World of Frozen,Entry to World of Frozen,0,True
2026-07-01,12:05,Disney Adventure World,World of Frozen,Frozen Ever After,70,True
2026-07-01,12:05,Disney Adventure World,World of Frozen,Raiponce Tangled Spin,15,True
2026-07-01,12:11,Disneyland Park,Adventureland,Adventure Isle,0,True
2026-07-01,12:11,Disneyland Park,Adventureland,Indiana Jones and the Temple of Peril Single Rider,15,True
2026-07-01,12:11,Disneyland Park,Adventureland,Indiana Jones™ and the Temple of Peril,35,True
2026-07-01,12:11,Disneyland Park,Adventureland,La Cabane des Robinson,5,True
2026-07-01,12:11,Disneyland Park,Adventureland,Le Passage Enchanté d'Aladdin,0,True
2026-07-01,12:11,Disneyland Park,Adventureland,Pirate Galleon,0,False
2026-07-01,12:11,Disneyland Park,Adventureland,Pirates of the Caribbean,0,False
2026-07-01,12:11,Disneyland Park,Adventureland,Pirates' Beach,0,True
2026-07-01,12:11,Disneyland Park,Discoveryland,"Autopia, presented by Avis",40,True
2026-07-01,12:11,Disneyland Park,Discoveryland,Buzz Lightyear Laser Blast,70,True
2026-07-01,12:11,Disneyland Park,Discoveryland,Disneyland Railroad Discoveryland Station,0,False
2026-07-01,12:11,Disneyland Park,Discoveryland,Les Mystères du Nautilus,5,True
2026-07-01,12:11,Disneyland Park,Discoveryland,Mickey’s PhilharMagic,0,True
2026-07-01,12:11,Disneyland Park,Discoveryland,Orbitron®,45,True
2026-07-01,12:11,Disneyland Park,Discoveryland,Star Tours: The Adventures Continue*,5,True
2026-07-01,12:11,Disneyland Park,Discoveryland,Star Wars Hyperspace Mountain,55,True
2026-07-01,12:11,Disneyland Park,Discoveryland,Star Wars Hyperspace Mountain Single Rider,45,True
2026-07-01,12:11,Disneyland Park,Discoveryland,Welcome to Starport: A Star Wars Encounter,0,True
2026-07-01,12:11,Disneyland Park,Fantasyland,"""it's a small world""",25,True
2026-07-01,12:11,Disneyland Park,Fantasyland,Alice's Curious Labyrinth,0,False
2026-07-01,12:11,Disneyland Park,Fantasyland,Blanche-Neige et les Sept Nains®,0,False
2026-07-01,12:11,Disneyland Park,Fantasyland,Casey Jr. – le Petit Train du Cirque,5,True
2026-07-01,12:11,Disneyland Park,Fantasyland,Disneyland Railroad Fantasyland Station,0,False
2026-07-01,12:11,Disneyland Park,Fantasyland,Disneyland Railroad Main Street Station,20,True
2026-07-01,12:11,Disneyland Park,Fantasyland,Dumbo the Flying Elephant,25,True
2026-07-01,12:11,Disneyland Park,Fantasyland,La Tanière du Dragon,0,True
2026-07-01,12:11,Disneyland Park,Fantasyland,Le Carrousel de Lancelot,10,True
2026-07-01,12:11,Disneyland Park,Fantasyland,"Le Pays des Contes de Fées, presented by Vittel",5,True
2026-07-01,12:11,Disneyland Park,Fantasyland,Les Voyages de Pinocchio,20,True
2026-07-01,12:11,Disneyland Park,Fantasyland,Mad Hatter's Tea Cups,5,True
2026-07-01,12:11,Disneyland Park,Fantasyland,Meet Mickey Mouse,0,True
2026-07-01,12:11,Disneyland Park,Fantasyland,Peter Pan's Flight,65,True
2026-07-01,12:11,Disneyland Park,Fantasyland,Princess Pavilion,0,True
2026-07-01,12:11,Disneyland Park,Frontierland,Big Thunder Mountain,0,False
2026-07-01,12:11,Disneyland Park,Frontierland,Disneyland Railroad Frontierland Depot,20,True
2026-07-01,12:11,Disneyland Park,Frontierland,Frontierland Playground,0,True
2026-07-01,12:11,Disneyland Park,Frontierland,Phantom Manor,0,False
2026-07-01,12:11,Disneyland Park,Frontierland,River Rogue Keelboats,0,False
2026-07-01,12:11,Disneyland Park,Frontierland,Rustler Roundup Shootin' Gallery,0,True
2026-07-01,12:11,Disneyland Park,Frontierland,Thunder Mesa Riverboat Landing,20,True
2026-07-01,12:11,Disneyland Park,Main Street U.S.A,Disneyland Railroad Main Street Station,0,True
2026-07-01,12:11,Disneyland Park,Main Street U.S.A,Main Street Vehicles,0,False
2026-07-01,12:11,Disney Adventure World,Marvel Avengers Campus,Avengers Assemble: Flight Force,35,True
2026-07-01,12:11,Disney Adventure World,Marvel Avengers Campus,Avengers Assemble: Flight Force Single Rider,30,True
2026-07-01,12:11,Disney Adventure World,Marvel Avengers Campus,Spider-Man W.E.B. Adventure,45,True
2026-07-01,12:11,Disney Adventure World,Marvel Avengers Campus,Spider-Man W.E.B. Adventure Single Rider,20,True
2026-07-01,12:11,Disney Adventure World,Production Courtyard,The Twilight Zone Tower of Terror,55,True
2026-07-01,12:11,Disney Adventure World,Toon Studio,Cars Quatre Roues Rallye,25,True
2026-07-01,12:11,Disney Adventure World,Toon Studio,Cars ROAD TRIP,40,True
2026-07-01,12:11,Disney Adventure World,Toon Studio,Crush's Coaster,90,True
2026-07-01,12:11,Disney Adventure World,Toon Studio,Crush's Coaster Single Rider,60,True
2026-07-01,12:11,Disney Adventure World,Toon Studio,Les Tapis Volants - Flying Carpets Over Agrabah®,0,False
2026-07-01,12:11,Disney Adventure World,Toon Studio,Ratatouille : L’Aventure Totalement Toquée de Rémy​,55,True
2026-07-01,12:11,Disney Adventure World,Toon Studio,Ratatouille: The Adventure Single Rider,20,True
2026-07-01,12:11,Disney Adventure World,Toon Studio,RC Racer,55,True
2026-07-01,12:11,Disney Adventure World,Toon Studio,RC Racer Single Rider,30,True
2026-07-01,12:11,Disney Adventure World,Toon Studio,Slinky® Dog Zigzag Spin,25,True
2026-07-01,12:11,Disney Adventure World,Toon Studio,Toy Soldiers Parachute Drop,60,True
2026-07-01,12:11,Disney Adventure World,Toon Studio,Toy Soldiers Parachute Drop Single Rider,20,True
2026-07-01,12:11,Disney Adventure World,World of Frozen,Entry to World of Frozen,0,True
2026-07-01,12:11,Disney Adventure World,World of Frozen,Frozen Ever After,70,True
2026-07-01,12:11,Disney Adventure World,World of Frozen,Raiponce Tangled Spin,20,True
